algo,samples,accuracy
xeb,2,0.011788727457185023
xeb,2,0.017829177045194655
xeb,2,0.03290623554016399
xeb,2,0.014121917523697392
xeb,2,0.01077708294210992
xeb,2,0.022651126106002804
xeb,2,0.016596692530858954
xeb,2,0.037261818716547185
xeb,2,0.07278205276473751
xeb,2,0.028286774496963263
xeb,2,0.037261818716547185
xeb,2,0.012758479932793375
xeb,2,0.024143922582466663
xeb,2,0.03534777328995281
xeb,2,0.038557686436296416
xeb,2,0.004507493485111985
xeb,2,0.002286784504143587
xeb,2,0.024143922582466663
xeb,2,0.013947402189505917
xeb,2,0.09612596749286371
xeb,2,0.013947402189505917
xeb,2,0.02154608006100009
xeb,2,0.022651126106002804
xeb,2,0.019770407762088597
xeb,2,0.037261818716547185
xeb,2,0.01077708294210992
xeb,2,0.005952713418206933
xeb,2,0.02383103457567524
xeb,2,0.0240818707785981
xeb,2,0.013947402189505917
xeb,2,0.012758479932793375
xeb,2,0.015428448496069192
xeb,2,0.011788727457185023
xeb,2,0.029183821746383263
xeb,2,0.024973666011869622
xeb,2,0.02383103457567524
xeb,2,0.03225236494488835
xeb,2,0.08929579404699325
xeb,2,0.09612596749286371
xeb,2,0.004292770055446656
xeb,2,0.005952713418206933
xeb,2,0.027156719853343878
xeb,2,0.04389062637837142
xeb,2,0.00610261150142758
xeb,2,0.02383103457567524
xeb,2,0.012758479932793375
xeb,2,0.029916006484826892
xeb,2,0.09612596749286371
xeb,2,0.08929579404699325
xeb,2,0.0240818707785981
xeb,2,0.07278205276473751
xeb,2,0.014121917523697392
xeb,2,0.012758479932793375
xeb,2,0.026755662967668653
xeb,2,0.037261818716547185
xeb,2,0.00610261150142758
xeb,2,0.02583683716480789
xeb,2,0.029916006484826892
xeb,2,0.049220980825087905
xeb,2,0.022651126106002804
xeb,2,0.00610261150142758
xeb,2,0.02583683716480789
xeb,2,0.00610261150142758
xeb,2,0.03534777328995281
xeb,2,0.017829177045194655
xeb,2,0.027156719853343878
xeb,2,0.004507493485111985
xeb,2,0.0240818707785981
xeb,2,0.007634089278779654
xeb,2,0.002286784504143587
xeb,2,0.024973666011869622
xeb,2,0.015428448496069192
xeb,2,0.00994344959630491
xeb,2,0.019770407762088597
xeb,2,0.00877108675905731
xeb,2,0.09612596749286371
xeb,2,0.00877108675905731
xeb,2,0.013947402189505917
xeb,2,0.028286774496963263
xeb,2,0.024143922582466663
xeb,2,0.03225236494488835
xeb,2,0.029916006484826892
xeb,2,0.03225236494488835
xeb,2,0.038557686436296416
xeb,2,0.014121917523697392
xeb,2,0.011788727457185023
xeb,2,0.08929579404699325
xeb,2,0.012615716258436613
xeb,2,0.03290623554016399
xeb,2,0.02583683716480789
xeb,2,0.05588759274856696
xeb,2,0.024143922582466663
xeb,2,0.038557686436296416
xeb,2,0.037261818716547185
xeb,2,0.0397025314913217
xeb,2,0.004507493485111985
xeb,2,0.012615716258436613
xeb,2,0.07278205276473751
xeb,2,0.03465428641478911
xeb,2,0.037261818716547185
xeb,2,0.03465428641478911
xeb,2,0.07278205276473751
xeb,2,0.02583683716480789
xeb,2,0.03465428641478911
xeb,2,0.007634089278779654
xeb,2,0.01077708294210992
xeb,2,0.015428448496069192
xeb,2,0.012615716258436613
xeb,2,0.016596692530858954
xeb,2,0.026755662967668653
xeb,2,0.004507493485111985
xeb,2,0.012758479932793375
xeb,2,0.03225236494488835
xeb,2,0.09612596749286371
xeb,2,0.043870730566568615
xeb,2,0.00877108675905731
xeb,2,0.028286774496963263
xeb,2,0.0397025314913217
xeb,2,0.022651126106002804
xeb,2,0.043870730566568615
xeb,2,0.024973666011869622
xeb,2,0.004292770055446656
xeb,2,0.03290623554016399
xeb,2,0.016991120454130666
xeb,2,0.022651126106002804
xeb,2,0.02154608006100009
xeb,2,0.011788727457185023
xeb,2,0.025167336347756572
xeb,2,0.00994344959630491
xeb,2,0.019770407762088597
xeb,2,0.012758479932793375
xeb,2,0.038557686436296416
xeb,2,0.00994344959630491
xeb,2,0.09612596749286371
xeb,2,0.03290623554016399
xeb,2,0.03465428641478911
xeb,2,0.02154608006100009
xeb,2,0.011788727457185023
xeb,2,0.00877108675905731
xeb,2,0.043870730566568615
xeb,2,0.03465428641478911
xeb,2,0.0397025314913217
xeb,2,0.0397025314913217
xeb,2,0.03465428641478911
xeb,2,0.022651126106002804
xeb,2,0.02583683716480789
xeb,2,0.020518022282367987
xeb,2,0.007634089278779654
xeb,2,0.026755662967668653
xeb,2,0.024973666011869622
xeb,2,0.07278205276473751
xeb,2,0.024143922582466663
xeb,2,0.016596692530858954
xeb,2,0.03225236494488835
xeb,2,0.004292770055446656
xeb,2,0.022651126106002804
xeb,2,0.002286784504143587
xeb,2,0.013947402189505917
xeb,2,0.002286784504143587
xeb,2,0.00877108675905731
xeb,2,0.04389062637837142
xeb,2,0.08929579404699325
xeb,2,0.03465428641478911
xeb,2,0.016596692530858954
xeb,2,0.012615716258436613
xeb,2,0.012615716258436613
xeb,2,0.0240818707785981
xeb,2,0.013947402189505917
xeb,2,0.02154608006100009
xeb,2,0.016991120454130666
xeb,2,0.012615716258436613
xeb,2,0.024143922582466663
xeb,2,0.004507493485111985
xeb,2,0.00877108675905731
xeb,2,0.08929579404699325
xeb,2,0.025167336347756572
xeb,2,0.038557686436296416
xeb,2,0.012758479932793375
xeb,2,0.03465428641478911
xeb,2,0.024973666011869622
xeb,2,0.005952713418206933
xeb,2,0.038557686436296416
xeb,2,0.004507493485111985
xeb,2,0.019770407762088597
xeb,2,0.005952713418206933
xeb,2,0.0240818707785981
xeb,2,0.003064050582812414
xeb,2,0.04389062637837142
xeb,2,0.029916006484826892
xeb,2,0.015428448496069192
xeb,2,0.016596692530858954
xeb,2,0.02154608006100009
xeb,2,0.013947402189505917
xeb,2,0.08929579404699325
xeb,2,0.011788727457185023
xeb,2,0.03465428641478911
xeb,2,0.004292770055446656
xeb,2,0.022651126106002804
xeb,2,0.03290623554016399
xeb,2,0.011788727457185023
qnn,2,0.006100645973774543
qnn,2,0.016337719966951582
qnn,2,0.033028551457551736
qnn,2,0.02337152473952151
qnn,2,0.027527294364641578
qnn,2,0.04998761117330821
qnn,2,0.07581503367340926
qnn,2,0.02744608049101268
qnn,2,0.023845248773777642
qnn,2,0.016742248622874926
qnn,2,0.006100645973774543
qnn,2,0.005650112541172607
qnn,2,0.01143936863145211
qnn,2,0.0507302516509625
qnn,2,0.023775627068399675
qnn,2,0.02154536899312834
qnn,2,0.016742248622874926
qnn,2,0.003966541485319846
qnn,2,0.01143936863145211
qnn,2,0.016742248622874926
qnn,2,0.016337719966951582
qnn,2,0.052289975086851216
qnn,2,0.02661936083773172
qnn,2,0.007284303297059724
qnn,2,0.0026391852839613415
qnn,2,0.016742248622874926
qnn,2,0.0187383781435818
qnn,2,0.02154536899312834
qnn,2,0.003966541485319846
qnn,2,0.033028551457551736
qnn,2,0.030487693160105776
qnn,2,0.009881931226964194
qnn,2,0.010616212363961335
qnn,2,0.023775627068399675
qnn,2,0.006100645973774543
qnn,2,0.016337719966951582
qnn,2,0.052289975086851216
qnn,2,0.033028551457551736
qnn,2,0.04977626523501983
qnn,2,0.02194147074627135
qnn,2,0.02741452228448429
qnn,2,0.007438860590274593
qnn,2,0.04977626523501983
qnn,2,0.05187355353340924
qnn,2,0.0401382709917596
qnn,2,0.01047256090076823
qnn,2,0.0507302516509625
qnn,2,0.02942544696777175
qnn,2,0.02194147074627135
qnn,2,0.018155374490605416
qnn,2,0.01143936863145211
qnn,2,0.023845248773777642
qnn,2,0.04998761117330821
qnn,2,0.04583828123320138
qnn,2,0.007284303297059724
qnn,2,0.02741452228448429
qnn,2,0.01143936863145211
qnn,2,0.012912927519550426
qnn,2,0.07581503367340926
qnn,2,0.016742248622874926
qnn,2,0.07581503367340926
qnn,2,0.02789398609837413
qnn,2,0.003966541485319846
qnn,2,0.004687190955637234
qnn,2,0.007438860590274593
qnn,2,0.01143936863145211
qnn,2,0.0507302516509625
qnn,2,0.002082757526385261
qnn,2,0.025250641676502966
qnn,2,0.1118143069645708
qnn,2,0.02154536899312834
qnn,2,0.003966541485319846
qnn,2,0.01143936863145211
qnn,2,0.01047256090076823
qnn,2,0.02744608049101268
qnn,2,0.010616212363961335
qnn,2,0.1118143069645708
qnn,2,0.02185187558970309
qnn,2,0.023845248773777642
qnn,2,0.02154536899312834
qnn,2,0.02337152473952151
qnn,2,0.03512909091869596
qnn,2,0.02185187558970309
qnn,2,0.04117559543649708
qnn,2,0.007438860590274593
qnn,2,0.019278760467884657
qnn,2,0.04998761117330821
qnn,2,0.022197629170662703
qnn,2,0.019278760467884657
qnn,2,0.018155374490605416
qnn,2,0.0027364395689333035
qnn,2,0.02154536899312834
qnn,2,0.023845248773777642
qnn,2,0.02194147074627135
qnn,2,0.02154536899312834
qnn,2,0.003951131991985316
qnn,2,0.023845248773777642
qnn,2,0.012912927519550426
qnn,2,0.02194147074627135
qnn,2,0.002082757526385261
qnn,2,0.006100645973774543
qnn,2,0.02942544696777175
qnn,2,0.008104833715782547
qnn,2,0.006100645973774543
qnn,2,0.012912927519550426
qnn,2,0.006100645973774543
qnn,2,0.009881931226964194
qnn,2,0.002082757526385261
qnn,2,0.0507302516509625
qnn,2,0.02661936083773172
qnn,2,0.02470990254056817
qnn,2,0.023845248773777642
qnn,2,0.018155374490605416
qnn,2,0.02942544696777175
qnn,2,0.005650112541172607
qnn,2,0.005650112541172607
qnn,2,0.01143936863145211
qnn,2,0.0401382709917596
qnn,2,0.04998761117330821
qnn,2,0.018155374490605416
qnn,2,0.007438860590274593
qnn,2,0.016337719966951582
qnn,2,0.007438860590274593
qnn,2,0.023775627068399675
qnn,2,0.052289975086851216
qnn,2,0.04117559543649708
qnn,2,0.004687190955637234
qnn,2,0.01047256090076823
qnn,2,0.052289975086851216
qnn,2,0.033028551457551736
qnn,2,0.023775627068399675
qnn,2,0.02744608049101268
qnn,2,0.02470990254056817
qnn,2,0.07581503367340926
qnn,2,0.006100645973774543
qnn,2,0.004687190955637234
qnn,2,0.0009027360269116876
qnn,2,0.009881931226964194
qnn,2,0.008104833715782547
qnn,2,0.0507302516509625
qnn,2,0.03512909091869596
qnn,2,0.0187383781435818
qnn,2,0.005650112541172607
qnn,2,0.01143936863145211
qnn,2,0.04583828123320138
qnn,2,0.02741452228448429
qnn,2,0.04977626523501983
qnn,2,0.025538766922301653
qnn,2,0.004687190955637234
qnn,2,0.006100645973774543
qnn,2,0.02661936083773172
qnn,2,0.02337152473952151
qnn,2,0.02194147074627135
qnn,2,0.009881931226964194
qnn,2,0.02470990254056817
qnn,2,0.02337152473952151
qnn,2,0.016337719966951582
qnn,2,0.009881931226964194
qnn,2,0.04583828123320138
qnn,2,0.04977626523501983
qnn,2,0.02470990254056817
qnn,2,0.02185187558970309
qnn,2,0.052289975086851216
qnn,2,0.002082757526385261
qnn,2,0.018155374490605416
qnn,2,0.0401382709917596
qnn,2,0.033028551457551736
qnn,2,0.019278760467884657
qnn,2,0.0027364395689333035
qnn,2,0.03512909091869596
qnn,2,0.025250641676502966
qnn,2,0.01143936863145211
qnn,2,0.07581503367340926
qnn,2,0.02470990254056817
qnn,2,0.005650112541172607
qnn,2,0.02661936083773172
qnn,2,0.04117559543649708
qnn,2,0.07581503367340926
qnn,2,0.0009027360269116876
qnn,2,0.07902015815967103
qnn,2,0.02185187558970309
qnn,2,0.02789398609837413
qnn,2,0.040321027820165715
qnn,2,0.04117559543649708
qnn,2,0.012912927519550426
qnn,2,0.0187383781435818
qnn,2,0.003966541485319846
qnn,2,0.04998761117330821
qnn,2,0.04998761117330821
qnn,2,0.009881931226964194
qnn,2,0.052289975086851216
qnn,2,0.003966541485319846
qnn,2,0.033028551457551736
qnn,2,0.02744608049101268
qnn,2,0.025538766922301653
qnn,2,0.02337152473952151
qnn,2,0.04998761117330821
qnn,2,0.033028551457551736
qnn,2,0.025250641676502966
qnn,2,0.018155374490605416
shor,2,0.04761842193373672
shor,2,0.038957857703722606
shor,2,0.09100757232423601
shor,2,0.09339952157076553
shor,2,0.04761842193373672
shor,2,0.09175672717210347
shor,2,0.019695421887043568
shor,2,0.00814371433833754
shor,2,0.02473169814553495
shor,2,0.02787010711474923
shor,2,0.024630016386340867
shor,2,0.007981165109682038
shor,2,0.0177979275222133
shor,2,0.007981165109682038
shor,2,0.07331902094487706
shor,2,0.017744807646264314
shor,2,0.05718101098843297
shor,2,0.1288689496457316
shor,2,0.05718101098843297
shor,2,0.007981165109682038
shor,2,0.019695421887043568
shor,2,0.08496562265617258
shor,2,0.019695421887043568
shor,2,0.03552942602077783
shor,2,0.0037559768609469694
shor,2,0.009288167399449996
shor,2,0.04007565763573898
shor,2,0.06649205197758812
shor,2,0.026429575680983915
shor,2,0.07331902094487706
shor,2,0.05718101098843297
shor,2,0.027735472011245578
shor,2,0.01599618253721801
shor,2,0.027735472011245578
shor,2,0.017744807646264314
shor,2,0.02473169814553495
shor,2,0.06649205197758812
shor,2,0.02787010711474923
shor,2,0.03552942602077783
shor,2,0.02787010711474923
shor,2,0.00903930766822358
shor,2,0.007981165109682038
shor,2,0.04007565763573898
shor,2,0.027735472011245578
shor,2,0.14908985285988013
shor,2,0.03552942602077783
shor,2,0.0037559768609469694
shor,2,0.024630016386340867
shor,2,0.00282128805136014
shor,2,0.026429575680983915
shor,2,0.024630016386340867
shor,2,0.11624861818649812
shor,2,0.14908985285988013
shor,2,0.01599618253721801
shor,2,0.00282128805136014
shor,2,0.03552942602077783
shor,2,0.00282128805136014
shor,2,0.007843217222561314
shor,2,0.09100757232423601
shor,2,0.05718101098843298
shor,2,0.00903930766822358
shor,2,0.0177979275222133
shor,2,0.009288167399449996
shor,2,0.09100757232423601
shor,2,0.02473169814553495
shor,2,0.11624861818649812
shor,2,0.09175672717210347
shor,2,0.00903930766822358
shor,2,0.00282128805136014
shor,2,0.05002023059095882
shor,2,0.08496562265617258
shor,2,0.04761842193373672
shor,2,0.027735472011245578
shor,2,0.07331902094487706
shor,2,0.05718101098843297
shor,2,0.007981165109682038
shor,2,0.01599618253721801
shor,2,0.02787010711474923
shor,2,0.1288689496457316
shor,2,0.0177979275222133
shor,2,0.00282128805136014
shor,2,0.06649205197758815
shor,2,0.09339952157076553
shor,2,0.024777029958000567
shor,2,0.009288167399449996
shor,2,0.007981165109682038
shor,2,0.007981165109682038
shor,2,0.03552942602077783
shor,2,0.05718101098843297
shor,2,0.1288689496457316
shor,2,0.07331902094487706
shor,2,0.019695421887043568
shor,2,0.038957857703722606
shor,2,0.009288167399449996
shor,2,0.017744807646264314
shor,2,0.06649205197758812
shor,2,0.1288689496457316
shor,2,0.027735472011245578
shor,2,0.019695421887043568
shor,2,0.0177979275222133
shor,2,0.06649205197758812
shor,2,0.09339952157076553
shor,2,0.024777029958000567
shor,2,0.00814371433833754
shor,2,0.08496562265617258
shor,2,0.015935875785328457
shor,2,0.00814371433833754
shor,2,0.007843217222561314
shor,2,0.08958827273748253
shor,2,0.08958827273748253
shor,2,0.007843217222561314
shor,2,0.09339952157076553
shor,2,0.007843217222561314
shor,2,0.05718101098843297
shor,2,0.1288689496457316
shor,2,0.015935875785328457
shor,2,0.0177979275222133
shor,2,0.007981165109682038
shor,2,0.02787010711474923
shor,2,0.05718101098843297
shor,2,0.017744807646264314
shor,2,0.017744807646264314
shor,2,0.00814371433833754
shor,2,0.057181010988432944
shor,2,0.08496562265617258
shor,2,0.038957857703722606
shor,2,0.007843217222561314
shor,2,0.04007565763573898
shor,2,0.01599618253721801
shor,2,0.017744807646264314
shor,2,0.09339952157076553
shor,2,0.017744807646264314
shor,2,0.024630016386340867
shor,2,0.09175672717210347
shor,2,0.007843217222561314
shor,2,0.009288167399449996
shor,2,0.00282128805136014
shor,2,0.02473169814553495
shor,2,0.06649205197758815
shor,2,0.05002023059095882
shor,2,0.00042033485966306785
shor,2,0.027735472011245578
shor,2,0.024777029958000567
shor,2,0.0037559768609469694
shor,2,0.05718101098843297
shor,2,0.007981165109682038
shor,2,0.017744807646264314
shor,2,0.1288689496457316
shor,2,0.09175672717210347
shor,2,0.08496562265617258
shor,2,0.024630016386340867
shor,2,0.057181010988432944
shor,2,0.009288167399449996
shor,2,0.009288167399449996
shor,2,0.009288167399449996
shor,2,0.07331902094487706
shor,2,0.02787010711474923
shor,2,0.024630016386340867
shor,2,0.024777029958000567
shor,2,0.00903930766822358
shor,2,0.09175672717210347
shor,2,0.0037559768609469694
shor,2,0.007981165109682038
shor,2,0.11624861818649812
shor,2,0.024777029958000567
shor,2,0.0177979275222133
shor,2,0.05718101098843298
shor,2,0.024630016386340867
shor,2,0.009288167399449996
shor,2,0.09175672717210347
shor,2,0.09175672717210347
shor,2,0.00282128805136014
shor,2,0.09100757232423601
shor,2,0.026429575680983915
shor,2,0.007981165109682038
shor,2,0.08958827273748253
shor,2,0.00903930766822358
shor,2,0.1107858866421896
shor,2,0.015935875785328457
shor,2,0.1288689496457316
shor,2,0.11624861818649812
shor,2,0.08496562265617258
shor,2,0.007843217222561314
shor,2,0.08958827273748253
shor,2,0.06649205197758815
shor,2,0.1107858866421896
shor,2,0.03552942602077783
shor,2,0.02787010711474923
shor,2,0.05718101098843297
shor,2,0.026429575680983915
shor,2,0.06649205197758812
shor,2,0.09339952157076553
shor,2,0.05718101098843297
shor,2,0.00903930766822358
shor,2,0.02787010711474923
shor,2,0.038957857703722606
shor,2,0.038957857703722606
shor,2,0.02787010711474923
shor,2,0.01599618253721801
shor,2,0.038957857703722606
qec,2,0.0366763402373226
qec,2,0.0370564528354237
qec,2,0.0370564528354237
qec,2,0.021476555569300598
qec,2,0.0366763402373226
qec,2,0.0370564528354237
qec,2,0.0010826073794447599
qec,2,0.0366763402373226
qec,2,0.021536496175033445
qec,2,0.08477794298887237
qec,2,0.0010826073794447599
qec,2,0.021536496175033445
qec,2,0.0366763402373226
qec,2,0.0010826073794447599
qec,2,0.0370564528354237
qec,2,0.021476555569300598
qec,2,0.021536496175033445
qec,2,0.021536496175033445
qec,2,0.021476555569300598
qec,2,0.0366763402373226
qec,2,0.021536496175033445
qec,2,0.0010826073794447599
qec,2,0.021476555569300598
qec,2,0.0010826073794447599
qec,2,0.021536496175033445
qec,2,0.0010826073794447599
qec,2,0.0010826073794447599
qec,2,0.0370564528354237
qec,2,0.0010826073794447599
qec,2,0.0366763402373226
qec,2,0.021476555569300598
qec,2,0.0370564528354237
qec,2,0.0010826073794447599
qec,2,0.0366763402373226
qec,2,0.0010826073794447599
qec,2,0.021536496175033445
qec,2,0.0010826073794447599
qec,2,0.0366763402373226
qec,2,0.0010826073794447599
qec,2,0.0366763402373226
qec,2,0.021536496175033445
qec,2,0.0010826073794447599
qec,2,0.021476555569300598
qec,2,0.08477794298887237
qec,2,0.021476555569300598
qec,2,0.021476555569300598
qec,2,0.0370564528354237
qec,2,0.021536496175033445
qec,2,0.0010826073794447599
qec,2,0.0366763402373226
qec,2,0.08477794298887237
qec,2,0.08477794298887237
qec,2,0.021536496175033445
qec,2,0.08477794298887237
qec,2,0.0370564528354237
qec,2,0.0366763402373226
qec,2,0.08477794298887237
qec,2,0.0366763402373226
qec,2,0.021476555569300598
qec,2,0.0370564528354237
qec,2,0.0010826073794447599
qec,2,0.08477794298887237
qec,2,0.0010826073794447599
qec,2,0.0366763402373226
qec,2,0.0370564528354237
qec,2,0.0366763402373226
qec,2,0.0366763402373226
qec,2,0.08477794298887237
qec,2,0.08477794298887237
qec,2,0.021476555569300598
qec,2,0.0370564528354237
qec,2,0.0366763402373226
qec,2,0.0010826073794447599
qec,2,0.0366763402373226
qec,2,0.021476555569300598
qec,2,0.021536496175033445
qec,2,0.0010826073794447599
qec,2,0.08477794298887237
qec,2,0.021476555569300598
qec,2,0.08477794298887237
qec,2,0.0370564528354237
qec,2,0.0010826073794447599
qec,2,0.021476555569300598
qec,2,0.0010826073794447599
qec,2,0.0010826073794447599
qec,2,0.0366763402373226
qec,2,0.0370564528354237
qec,2,0.08477794298887237
qec,2,0.021476555569300598
qec,2,0.08477794298887237
qec,2,0.0366763402373226
qec,2,0.0010826073794447599
qec,2,0.021536496175033445
qec,2,0.021536496175033445
qec,2,0.021536496175033445
qec,2,0.021476555569300598
qec,2,0.0370564528354237
qec,2,0.0370564528354237
qec,2,0.0366763402373226
qec,2,0.0010826073794447599
qec,2,0.0010826073794447599
qec,2,0.0366763402373226
qec,2,0.021476555569300598
qec,2,0.0010826073794447599
qec,2,0.0010826073794447599
qec,2,0.0010826073794447599
qec,2,0.0370564528354237
qec,2,0.021476555569300598
qec,2,0.021536496175033445
qec,2,0.0010826073794447599
qec,2,0.021536496175033445
qec,2,0.0366763402373226
qec,2,0.0370564528354237
qec,2,0.021476555569300598
qec,2,0.021476555569300598
qec,2,0.0010826073794447599
qec,2,0.0370564528354237
qec,2,0.0010826073794447599
qec,2,0.0010826073794447599
qec,2,0.0370564528354237
qec,2,0.021536496175033445
qec,2,0.0010826073794447599
qec,2,0.08477794298887237
qec,2,0.0366763402373226
qec,2,0.0366763402373226
qec,2,0.08477794298887237
qec,2,0.021536496175033445
qec,2,0.0010826073794447599
qec,2,0.021536496175033445
qec,2,0.08477794298887237
qec,2,0.08477794298887237
qec,2,0.021536496175033445
qec,2,0.0010826073794447599
qec,2,0.021536496175033445
qec,2,0.08477794298887237
qec,2,0.0370564528354237
qec,2,0.0366763402373226
qec,2,0.0370564528354237
qec,2,0.0010826073794447599
qec,2,0.08477794298887237
qec,2,0.08477794298887237
qec,2,0.08477794298887237
qec,2,0.0370564528354237
qec,2,0.0370564528354237
qec,2,0.0010826073794447599
qec,2,0.021536496175033445
qec,2,0.0370564528354237
qec,2,0.021536496175033445
qec,2,0.0370564528354237
qec,2,0.021476555569300598
qec,2,0.0010826073794447599
qec,2,0.0010826073794447599
qec,2,0.0010826073794447599
qec,2,0.0010826073794447599
qec,2,0.021476555569300598
qec,2,0.0370564528354237
qec,2,0.0010826073794447599
qec,2,0.021536496175033445
qec,2,0.0370564528354237
qec,2,0.0370564528354237
qec,2,0.021536496175033445
qec,2,0.021476555569300598
qec,2,0.021476555569300598
qec,2,0.08477794298887237
qec,2,0.021536496175033445
qec,2,0.08477794298887237
qec,2,0.021476555569300598
qec,2,0.0370564528354237
qec,2,0.0370564528354237
qec,2,0.08477794298887237
qec,2,0.0370564528354237
qec,2,0.0370564528354237
qec,2,0.0010826073794447599
qec,2,0.021476555569300598
qec,2,0.0366763402373226
qec,2,0.0370564528354237
qec,2,0.0010826073794447599
qec,2,0.0370564528354237
qec,2,0.021476555569300598
qec,2,0.0010826073794447599
qec,2,0.021476555569300598
qec,2,0.0010826073794447599
qec,2,0.0366763402373226
qec,2,0.08477794298887237
qec,2,0.08477794298887237
qec,2,0.0010826073794447599
qec,2,0.08477794298887237
qec,2,0.0010826073794447599
qec,2,0.0370564528354237
qec,2,0.021536496175033445
qec,2,0.0010826073794447599
qec,2,0.0370564528354237
qec,2,0.0366763402373226
qec,2,0.0010826073794447599
qec,2,0.0366763402373226
qec,2,0.021536496175033445
qec,2,0.021476555569300598
qec,2,0.0010826073794447599
qec,2,0.0366763402373226
qec,2,0.08477794298887237
xeb,4,0.08123957657811931
xeb,4,0.10539944150478962
xeb,4,0.1687741021011355
xeb,4,0.1306226734134618
xeb,4,0.08315647746065907
xeb,4,0.06501282425559939
xeb,4,0.034099595359118086
xeb,4,0.04471431562489649
xeb,4,0.039820380053139225
xeb,4,0.0905098398086268
xeb,4,0.10743098612311426
xeb,4,0.10539944150478962
xeb,4,0.1687741021011355
xeb,4,0.09601364177699076
xeb,4,0.11993142612457405
xeb,4,0.017904825840384535
xeb,4,0.03350847909784245
xeb,4,0.03865382428330866
xeb,4,0.11871436464082892
xeb,4,0.0905098398086268
xeb,4,0.10087942912608099
xeb,4,0.0952677421687
xeb,4,0.1133735865249612
xeb,4,0.08315647746065907
xeb,4,0.10539944150478962
xeb,4,0.05371488782097551
xeb,4,0.10743098612311426
xeb,4,0.03522518393557189
xeb,4,0.0656039480857212
xeb,4,0.17012827944380646
xeb,4,0.03865382428330866
xeb,4,0.07833671021980973
xeb,4,0.04471431562489649
xeb,4,0.04716559473419819
xeb,4,0.04226871712458103
xeb,4,0.09601364177699076
xeb,4,0.04226871712458103
xeb,4,0.04760501773666437
xeb,4,0.017904825840384535
xeb,4,0.06516538603406244
xeb,4,0.09313416188593322
xeb,4,0.07833671021980973
xeb,4,0.09601364177699076
xeb,4,0.03522518393557189
xeb,4,0.09601364177699076
xeb,4,0.0699459187187134
xeb,4,0.06501282425559939
xeb,4,0.04471431562489649
xeb,4,0.06323357594013475
xeb,4,0.10743098612311426
xeb,4,0.07235004798284744
xeb,4,0.034099595359118086
xeb,4,0.06516538603406244
xeb,4,0.13953391257469608
xeb,4,0.09313416188593322
xeb,4,0.10743098612311426
xeb,4,0.026017022134544206
xeb,4,0.09601364177699076
xeb,4,0.1133735865249612
xeb,4,0.03865382428330866
xeb,4,0.11993142612457405
xeb,4,0.051024017638061026
xeb,4,0.09601364177699076
xeb,4,0.026017022134544206
xeb,4,0.039820380053139225
xeb,4,0.034099595359118086
xeb,4,0.08260697675635996
xeb,4,0.08978577985973955
xeb,4,0.0656039480857212
xeb,4,0.05371488782097551
xeb,4,0.10743098612311426
xeb,4,0.04298993653666257
xeb,4,0.0905098398086268
xeb,4,0.06555266474544202
xeb,4,0.11871436464082892
xeb,4,0.03522518393557189
xeb,4,0.09313416188593322
xeb,4,0.06501282425559939
xeb,4,0.11993142612457405
xeb,4,0.0905098398086268
xeb,4,0.1133735865249612
xeb,4,0.04471431562489649
xeb,4,0.08978577985973955
xeb,4,0.04471431562489649
xeb,4,0.039820380053139225
xeb,4,0.08315647746065907
xeb,4,0.03923375091963744
xeb,4,0.1133735865249612
xeb,4,0.04716559473419819
xeb,4,0.06501282425559939
xeb,4,0.04716559473419819
xeb,4,0.07833671021980973
xeb,4,0.06323357594013475
xeb,4,0.05371488782097551
xeb,4,0.08978577985973955
xeb,4,0.034099595359118086
xeb,4,0.03350847909784245
xeb,4,0.12555930003689927
xeb,4,0.04760501773666437
xeb,4,0.10539944150478962
xeb,4,0.06516538603406244
xeb,4,0.04471431562489649
xeb,4,0.10539944150478962
xeb,4,0.17012827944380646
xeb,4,0.03865382428330866
xeb,4,0.1687741021011355
xeb,4,0.07235004798284744
xeb,4,0.11871436464082892
xeb,4,0.026017022134544206
xeb,4,0.13953391257469608
xeb,4,0.03350847909784245
xeb,4,0.051024017638061026
xeb,4,0.10539944150478962
xeb,4,0.05012062832831204
xeb,4,0.1687741021011355
xeb,4,0.017904825840384535
xeb,4,0.051024017638061026
xeb,4,0.026017022134544206
xeb,4,0.03522518393557189
xeb,4,0.017904825840384535
xeb,4,0.1306226734134618
xeb,4,0.03350847909784245
xeb,4,0.06516538603406244
xeb,4,0.08315647746065907
xeb,4,0.0905098398086268
xeb,4,0.1306226734134618
xeb,4,0.0905098398086268
xeb,4,0.13953391257469608
xeb,4,0.1133735865249612
xeb,4,0.051024017638061026
xeb,4,0.17012827944380646
xeb,4,0.07833671021980973
xeb,4,0.0656039480857212
xeb,4,0.08260697675635996
xeb,4,0.0952677421687
xeb,4,0.039820380053139225
xeb,4,0.03923375091963744
xeb,4,0.0952677421687
xeb,4,0.10743098612311426
xeb,4,0.06323357594013475
xeb,4,0.06501282425559939
xeb,4,0.034931335407596645
xeb,4,0.17012827944380646
xeb,4,0.0699459187187134
xeb,4,0.04471431562489649
xeb,4,0.13953391257469608
xeb,4,0.09313416188593322
xeb,4,0.1133735865249612
xeb,4,0.08123957657811931
xeb,4,0.07833671021980973
xeb,4,0.034931335407596645
xeb,4,0.06555266474544202
xeb,4,0.034099595359118086
xeb,4,0.0905098398086268
xeb,4,0.05371488782097551
xeb,4,0.11871436464082892
xeb,4,0.034931335407596645
xeb,4,0.017904825840384535
xeb,4,0.12555930003689927
xeb,4,0.03522518393557189
xeb,4,0.08260697675635996
xeb,4,0.049002519067650255
xeb,4,0.08315647746065907
xeb,4,0.04226871712458103
xeb,4,0.03923375091963744
xeb,4,0.06323357594013475
xeb,4,0.05012062832831204
xeb,4,0.03350847909784245
xeb,4,0.10539944150478962
xeb,4,0.07235004798284744
xeb,4,0.07833671021980973
xeb,4,0.04760501773666437
xeb,4,0.051024017638061026
xeb,4,0.03522518393557189
xeb,4,0.17012827944380646
xeb,4,0.08260697675635996
xeb,4,0.1306226734134618
xeb,4,0.08123957657811931
xeb,4,0.1133735865249612
xeb,4,0.0656039480857212
xeb,4,0.08978577985973955
xeb,4,0.06890396653110499
xeb,4,0.0952677421687
xeb,4,0.05012062832831204
xeb,4,0.10087942912608099
xeb,4,0.06501282425559939
xeb,4,0.17012827944380646
xeb,4,0.03522518393557189
xeb,4,0.06501282425559939
xeb,4,0.1306226734134618
xeb,4,0.03522518393557189
xeb,4,0.07235004798284744
xeb,4,0.026017022134544206
xeb,4,0.04716559473419819
xeb,4,0.034099595359118086
xeb,4,0.0952677421687
xeb,4,0.03923375091963744
xeb,4,0.06890396653110499
xeb,4,0.13953391257469608
xeb,4,0.04226871712458103
qnn,4,0.08473145943450924
qnn,4,0.1578716708831889
qnn,4,0.049017849963929314
qnn,4,0.03238063162468639
qnn,4,0.05486151826955999
qnn,4,0.020480231405437803
qnn,4,0.050703962692065126
qnn,4,0.08473145943450924
qnn,4,0.11151362368606335
qnn,4,0.016346449635830457
qnn,4,0.028526616865464597
qnn,4,0.050703962692065126
qnn,4,0.07191673109967209
qnn,4,0.05108426636467794
qnn,4,0.04841377361375148
qnn,4,0.025624411352219923
qnn,4,0.03238063162468639
qnn,4,0.030225788149924472
qnn,4,0.03238063162468639
qnn,4,0.02002957113080657
qnn,4,0.0058209494625375054
qnn,4,0.03586682145347297
qnn,4,0.04895431030521404
qnn,4,0.07191673109967209
qnn,4,0.04382286351259384
qnn,4,0.07521955170524043
qnn,4,0.049017849963929314
qnn,4,0.03274845292852703
qnn,4,0.016506332617070813
qnn,4,0.05108426636467794
qnn,4,0.04292426616539365
qnn,4,0.11362418037739384
qnn,4,0.05178704822284408
qnn,4,0.11151362368606335
qnn,4,0.030225788149924472
qnn,4,0.020480231405437803
qnn,4,0.07521955170524043
qnn,4,0.07521955170524043
qnn,4,0.0347842105803484
qnn,4,0.06137943760765032
qnn,4,0.05178704822284408
qnn,4,0.020480231405437803
qnn,4,0.0499038383913852
qnn,4,0.020480231405437803
qnn,4,0.07521955170524043
qnn,4,0.04895431030521404
qnn,4,0.04841377361375148
qnn,4,0.0347842105803484
qnn,4,0.16751561508595533
qnn,4,0.09558961271587856
qnn,4,0.05768059247115024
qnn,4,0.03669045558584903
qnn,4,0.05213487517511705
qnn,4,0.04382286351259384
qnn,4,0.03586682145347297
qnn,4,0.09792917214628724
qnn,4,0.08473145943450924
qnn,4,0.0058209494625375054
qnn,4,0.049017849963929314
qnn,4,0.09558961271587856
qnn,4,0.05213487517511705
qnn,4,0.06328100693347076
qnn,4,0.16751561508595533
qnn,4,0.06328100693347076
qnn,4,0.028526616865464597
qnn,4,0.04382286351259384
qnn,4,0.04895431030521404
qnn,4,0.03238063162468639
qnn,4,0.05213487517511705
qnn,4,0.11234912558920183
qnn,4,0.07191673109967209
qnn,4,0.016506332617070813
qnn,4,0.05768059247115024
qnn,4,0.06694289375631686
qnn,4,0.0551525476316718
qnn,4,0.020480231405437803
qnn,4,0.03274845292852703
qnn,4,0.11362418037739384
qnn,4,0.12885506559898696
qnn,4,0.06694289375631686
qnn,4,0.04842657411454111
qnn,4,0.09792917214628724
qnn,4,0.05108426636467794
qnn,4,0.04895431030521404
qnn,4,0.049017849963929314
qnn,4,0.04292426616539365
qnn,4,0.03274845292852703
qnn,4,0.049017849963929314
qnn,4,0.05213487517511705
qnn,4,0.08473145943450924
qnn,4,0.03586682145347297
qnn,4,0.04842657411454111
qnn,4,0.11362418037739384
qnn,4,0.06137943760765032
qnn,4,0.04292426616539365
qnn,4,0.07334245862854744
qnn,4,0.025624411352219923
qnn,4,0.1578716708831889
qnn,4,0.11362418037739384
qnn,4,0.028526616865464597
qnn,4,0.020318152282017537
qnn,4,0.03670414396265344
qnn,4,0.06328100693347076
qnn,4,0.05486151826955999
qnn,4,0.0499038383913852
qnn,4,0.03669045558584903
qnn,4,0.03669045558584903
qnn,4,0.030225788149924472
qnn,4,0.022533042941677458
qnn,4,0.0551525476316718
qnn,4,0.1578716708831889
qnn,4,0.0058209494625375054
qnn,4,0.04842657411454111
qnn,4,0.08473145943450924
qnn,4,0.16751561508595533
qnn,4,0.11151362368606335
qnn,4,0.023472047679055343
qnn,4,0.0058209494625375054
qnn,4,0.04382286351259384
qnn,4,0.07191673109967209
qnn,4,0.09558961271587856
qnn,4,0.04841377361375148
qnn,4,0.05213487517511705
qnn,4,0.03274845292852703
qnn,4,0.03586682145347297
qnn,4,0.025624411352219923
qnn,4,0.016346449635830457
qnn,4,0.05213487517511705
qnn,4,0.04565868687993877
qnn,4,0.1578716708831889
qnn,4,0.04292426616539365
qnn,4,0.11234912558920183
qnn,4,0.04382286351259384
qnn,4,0.050703962692065126
qnn,4,0.0551525476316718
qnn,4,0.05213487517511705
qnn,4,0.07334245862854744
qnn,4,0.09558961271587856
qnn,4,0.030225788149924472
qnn,4,0.0058209494625375054
qnn,4,0.03670414396265344
qnn,4,0.025624411352219923
qnn,4,0.07334245862854744
qnn,4,0.04292426616539365
qnn,4,0.11151362368606335
qnn,4,0.11234912558920183
qnn,4,0.04292426616539365
qnn,4,0.16751561508595533
qnn,4,0.061222935121837366
qnn,4,0.11234912558920183
qnn,4,0.04292426616539365
qnn,4,0.04895431030521404
qnn,4,0.16751561508595533
qnn,4,0.05108426636467794
qnn,4,0.022533042941677458
qnn,4,0.1034001486520916
qnn,4,0.07521955170524043
qnn,4,0.03274845292852703
qnn,4,0.030225788149924472
qnn,4,0.025624411352219923
qnn,4,0.03586682145347297
qnn,4,0.1034001486520916
qnn,4,0.022533042941677458
qnn,4,0.025624411352219923
qnn,4,0.05108426636467794
qnn,4,0.1578716708831889
qnn,4,0.0058209494625375054
qnn,4,0.02002957113080657
qnn,4,0.1034001486520916
qnn,4,0.11362418037739384
qnn,4,0.06137943760765032
qnn,4,0.11362418037739384
qnn,4,0.0347842105803484
qnn,4,0.0347842105803484
qnn,4,0.07334245862854744
qnn,4,0.0058209494625375054
qnn,4,0.05178704822284408
qnn,4,0.04842657411454111
qnn,4,0.05768059247115024
qnn,4,0.061222935121837366
qnn,4,0.03274845292852703
qnn,4,0.03670414396265344
qnn,4,0.04841377361375148
qnn,4,0.016346449635830457
qnn,4,0.03274845292852703
qnn,4,0.05108426636467794
qnn,4,0.020480231405437803
qnn,4,0.038170383889449114
qnn,4,0.07191673109967209
qnn,4,0.022533042941677458
qnn,4,0.022533042941677458
qnn,4,0.0347842105803484
qnn,4,0.04895431030521404
qnn,4,0.05486151826955999
qnn,4,0.05108426636467794
qnn,4,0.03586682145347297
qnn,4,0.03669045558584903
qnn,4,0.04382286351259384
qnn,4,0.06137943760765032
qnn,4,0.04382286351259384
shor,4,0.12311802057782961
shor,4,0.010064002819034835
shor,4,0.16877410210113583
shor,4,0.010064002819034835
shor,4,0.13654366854216674
shor,4,0.062288948297123746
shor,4,0.08611590531785342
shor,4,0.15624838833710017
shor,4,0.13654366854216682
shor,4,0.076426579232998
shor,4,0.16886059913055934
shor,4,0.02727794755149727
shor,4,0.06592330408217571
shor,4,0.06865490347009925
shor,4,0.08611590531785342
shor,4,0.16960508037973662
shor,4,0.03063199000431571
shor,4,0.06592330408217571
shor,4,0.1881870258890686
shor,4,0.08611590531785342
shor,4,0.03063199000431571
shor,4,0.1881870258890686
shor,4,0.06895578415063491
shor,4,0.1881870258890686
shor,4,0.16877410210113583
shor,4,0.13456693648732013
shor,4,0.06800302713828638
shor,4,0.06800302713828638
shor,4,0.06592330408217571
shor,4,0.06076827712323676
shor,4,0.14676597648764744
shor,4,0.15573684599511858
shor,4,0.1881870258890686
shor,4,0.07225795017497208
shor,4,0.06800302713828638
shor,4,0.15573684599511858
shor,4,0.16877410210113583
shor,4,0.06076827712323676
shor,4,0.08611590531785342
shor,4,0.09092509552239056
shor,4,0.06076827712323676
shor,4,0.03063199000431571
shor,4,0.07225795017497208
shor,4,0.07240165812880514
shor,4,0.061374966101616656
shor,4,0.13654366854216674
shor,4,0.07225795017497208
shor,4,0.16004292562961575
shor,4,0.16877410210113583
shor,4,0.1345669364873201
shor,4,0.010064002819034835
shor,4,0.076426579232998
shor,4,0.13456693648732013
shor,4,0.13456693648732013
shor,4,0.1881870258890686
shor,4,0.13654366854216682
shor,4,0.16960508037973662
shor,4,0.010064002819034835
shor,4,0.010064002819034835
shor,4,0.022867856369941444
shor,4,0.06895578415063491
shor,4,0.16004292562961575
shor,4,0.15624838833710017
shor,4,0.06412561670131477
shor,4,0.022867856369941444
shor,4,0.13654366854216674
shor,4,0.15706370127912847
shor,4,0.16960508037973662
shor,4,0.06076827712323676
shor,4,0.15706370127912847
shor,4,0.061374966101616656
shor,4,0.06865490347009925
shor,4,0.09092509552239056
shor,4,0.06076827712323676
shor,4,0.03063199000431571
shor,4,0.06800302713828638
shor,4,0.12311802057782961
shor,4,0.07225795017497208
shor,4,0.1067334278901634
shor,4,0.13456693648732013
shor,4,0.08471143438130525
shor,4,0.154522018361799
shor,4,0.06833163792184546
shor,4,0.06800302713828638
shor,4,0.022867856369941444
shor,4,0.12311802057782961
shor,4,0.06833163792184546
shor,4,0.16004292562961575
shor,4,0.022867856369941444
shor,4,0.16877410210113583
shor,4,0.10956084024847008
shor,4,0.06865490347009925
shor,4,0.16877410210113583
shor,4,0.06076827712323676
shor,4,0.03063199000431571
shor,4,0.02727794755149727
shor,4,0.1345669364873201
shor,4,0.08611590531785342
shor,4,0.1067334278901634
shor,4,0.022867856369941444
shor,4,0.16004292562961575
shor,4,0.02727794755149727
shor,4,0.07225795017497208
shor,4,0.08471143438130525
shor,4,0.15573684599511858
shor,4,0.07240165812880514
shor,4,0.022867856369941444
shor,4,0.1881870258890686
shor,4,0.07240165812880514
shor,4,0.16960508037973662
shor,4,0.07225795017497208
shor,4,0.16004292562961575
shor,4,0.06076827712323676
shor,4,0.10027613903331915
shor,4,0.06592330408217571
shor,4,0.06592330408217571
shor,4,0.13654366854216674
shor,4,0.14676597648764744
shor,4,0.16960508037973662
shor,4,0.14676597648764744
shor,4,0.15573684599511858
shor,4,0.10956084024847008
shor,4,0.13654366854216682
shor,4,0.12311802057782961
shor,4,0.010064002819034835
shor,4,0.1345669364873201
shor,4,0.06901261342611198
shor,4,0.13654366854216682
shor,4,0.061374966101616656
shor,4,0.02727794755149727
shor,4,0.06412561670131477
shor,4,0.06592330408217571
shor,4,0.16877410210113583
shor,4,0.022867856369941444
shor,4,0.022867856369941444
shor,4,0.16886059913055934
shor,4,0.06076827712323676
shor,4,0.06412561670131477
shor,4,0.15706370127912847
shor,4,0.06895578415063491
shor,4,0.13654366854216682
shor,4,0.06865490347009925
shor,4,0.06592330408217571
shor,4,0.062288948297123746
shor,4,0.10027613903331915
shor,4,0.08611590531785342
shor,4,0.15624838833710017
shor,4,0.1345669364873201
shor,4,0.13456693648732013
shor,4,0.06076827712323676
shor,4,0.15706370127912847
shor,4,0.03063199000431571
shor,4,0.1345669364873201
shor,4,0.06865490347009925
shor,4,0.09092509552239056
shor,4,0.010064002819034835
shor,4,0.06901261342611198
shor,4,0.15706370127912847
shor,4,0.06865490347009925
shor,4,0.10956084024847008
shor,4,0.06076827712323676
shor,4,0.06412561670131477
shor,4,0.12311802057782961
shor,4,0.08471143438130525
shor,4,0.13654366854216676
shor,4,0.06901261342611198
shor,4,0.13456693648732013
shor,4,0.15573684599511858
shor,4,0.16877410210113583
shor,4,0.06076827712323676
shor,4,0.02727794755149727
shor,4,0.02727794755149727
shor,4,0.10027613903331915
shor,4,0.09092509552239056
shor,4,0.14676597648764744
shor,4,0.06412561670131477
shor,4,0.14676597648764744
shor,4,0.06800302713828638
shor,4,0.15624838833710017
shor,4,0.15624838833710017
shor,4,0.10956084024847008
shor,4,0.15573684599511858
shor,4,0.10956084024847008
shor,4,0.16960508037973662
shor,4,0.10027613903331915
shor,4,0.154522018361799
shor,4,0.022867856369941444
shor,4,0.06412561670131477
shor,4,0.13654366854216674
shor,4,0.06833163792184546
shor,4,0.06592330408217571
shor,4,0.07225795017497208
shor,4,0.062288948297123746
shor,4,0.1345669364873201
shor,4,0.02727794755149727
shor,4,0.010064002819034835
shor,4,0.14676597648764744
shor,4,0.16004292562961575
shor,4,0.16004292562961575
shor,4,0.13654366854216674
qec,4,0.10588135813256505
qec,4,0.13828917385016914
qec,4,0.04014351080648441
qec,4,0.11012316039938541
qec,4,0.10588135813256505
qec,4,0.10588135813256505
qec,4,0.06917177719474714
qec,4,0.11012316039938541
qec,4,0.050078846466889045
qec,4,0.06917177719474714
qec,4,0.050078846466889045
qec,4,0.10588135813256505
qec,4,0.06917177719474714
qec,4,0.06917177719474714
qec,4,0.04014351080648441
qec,4,0.10588135813256505
qec,4,0.11012316039938541
qec,4,0.13828917385016914
qec,4,0.04014351080648441
qec,4,0.04014351080648441
qec,4,0.04014351080648441
qec,4,0.10588135813256505
qec,4,0.04014351080648441
qec,4,0.06917177719474714
qec,4,0.10588135813256505
qec,4,0.06917177719474714
qec,4,0.10588135813256505
qec,4,0.10588135813256505
qec,4,0.10588135813256505
qec,4,0.10588135813256505
qec,4,0.10588135813256505
qec,4,0.11012316039938541
qec,4,0.11012316039938541
qec,4,0.10588135813256505
qec,4,0.11012316039938541
qec,4,0.06917177719474714
qec,4,0.10588135813256505
qec,4,0.10588135813256505
qec,4,0.11012316039938541
qec,4,0.04014351080648441
qec,4,0.10588135813256505
qec,4,0.11012316039938541
qec,4,0.10588135813256505
qec,4,0.10588135813256505
qec,4,0.050078846466889045
qec,4,0.13828917385016914
qec,4,0.10588135813256505
qec,4,0.10588135813256505
qec,4,0.10588135813256505
qec,4,0.10588135813256505
qec,4,0.10588135813256505
qec,4,0.11012316039938541
qec,4,0.11012316039938541
qec,4,0.04014351080648441
qec,4,0.050078846466889045
qec,4,0.06917177719474714
qec,4,0.04014351080648441
qec,4,0.11012316039938541
qec,4,0.13828917385016914
qec,4,0.050078846466889045
qec,4,0.050078846466889045
qec,4,0.11012316039938541
qec,4,0.050078846466889045
qec,4,0.10588135813256505
qec,4,0.050078846466889045
qec,4,0.10588135813256505
qec,4,0.11012316039938541
qec,4,0.10588135813256505
qec,4,0.04014351080648441
qec,4,0.10588135813256505
qec,4,0.050078846466889045
qec,4,0.11012316039938541
qec,4,0.13828917385016914
qec,4,0.06917177719474714
qec,4,0.06917177719474714
qec,4,0.11012316039938541
qec,4,0.10588135813256505
qec,4,0.06917177719474714
qec,4,0.050078846466889045
qec,4,0.050078846466889045
qec,4,0.11012316039938541
qec,4,0.10588135813256505
qec,4,0.11012316039938541
qec,4,0.050078846466889045
qec,4,0.11012316039938541
qec,4,0.13828917385016914
qec,4,0.10588135813256505
qec,4,0.06917177719474714
qec,4,0.10588135813256505
qec,4,0.050078846466889045
qec,4,0.10588135813256505
qec,4,0.11012316039938541
qec,4,0.06917177719474714
qec,4,0.050078846466889045
qec,4,0.06917177719474714
qec,4,0.06917177719474714
qec,4,0.13828917385016914
qec,4,0.050078846466889045
qec,4,0.06917177719474714
qec,4,0.04014351080648441
qec,4,0.050078846466889045
qec,4,0.11012316039938541
qec,4,0.04014351080648441
qec,4,0.11012316039938541
qec,4,0.10588135813256505
qec,4,0.10588135813256505
qec,4,0.06917177719474714
qec,4,0.11012316039938541
qec,4,0.04014351080648441
qec,4,0.13828917385016914
qec,4,0.04014351080648441
qec,4,0.04014351080648441
qec,4,0.10588135813256505
qec,4,0.10588135813256505
qec,4,0.04014351080648441
qec,4,0.050078846466889045
qec,4,0.050078846466889045
qec,4,0.050078846466889045
qec,4,0.050078846466889045
qec,4,0.13828917385016914
qec,4,0.11012316039938541
qec,4,0.04014351080648441
qec,4,0.11012316039938541
qec,4,0.050078846466889045
qec,4,0.06917177719474714
qec,4,0.04014351080648441
qec,4,0.050078846466889045
qec,4,0.13828917385016914
qec,4,0.10588135813256505
qec,4,0.13828917385016914
qec,4,0.13828917385016914
qec,4,0.10588135813256505
qec,4,0.050078846466889045
qec,4,0.10588135813256505
qec,4,0.10588135813256505
qec,4,0.04014351080648441
qec,4,0.050078846466889045
qec,4,0.13828917385016914
qec,4,0.10588135813256505
qec,4,0.11012316039938541
qec,4,0.06917177719474714
qec,4,0.06917177719474714
qec,4,0.04014351080648441
qec,4,0.10588135813256505
qec,4,0.06917177719474714
qec,4,0.050078846466889045
qec,4,0.10588135813256505
qec,4,0.13828917385016914
qec,4,0.04014351080648441
qec,4,0.050078846466889045
qec,4,0.04014351080648441
qec,4,0.04014351080648441
qec,4,0.10588135813256505
qec,4,0.13828917385016914
qec,4,0.13828917385016914
qec,4,0.13828917385016914
qec,4,0.10588135813256505
qec,4,0.13828917385016914
qec,4,0.10588135813256505
qec,4,0.06917177719474714
qec,4,0.06917177719474714
qec,4,0.06917177719474714
qec,4,0.06917177719474714
qec,4,0.13828917385016914
qec,4,0.13828917385016914
qec,4,0.050078846466889045
qec,4,0.10588135813256505
qec,4,0.04014351080648441
qec,4,0.050078846466889045
qec,4,0.11012316039938541
qec,4,0.06917177719474714
qec,4,0.11012316039938541
qec,4,0.13828917385016914
qec,4,0.06917177719474714
qec,4,0.10588135813256505
qec,4,0.050078846466889045
qec,4,0.10588135813256505
qec,4,0.13828917385016914
qec,4,0.13828917385016914
qec,4,0.06917177719474714
qec,4,0.13828917385016914
qec,4,0.13828917385016914
qec,4,0.10588135813256505
qec,4,0.06917177719474714
qec,4,0.04014351080648441
qec,4,0.11012316039938541
qec,4,0.11012316039938541
qec,4,0.10588135813256505
qec,4,0.13828917385016914
qec,4,0.06917177719474714
qec,4,0.11012316039938541
qec,4,0.050078846466889045
qec,4,0.10588135813256505
qec,4,0.050078846466889045
qec,4,0.13828917385016914
qec,4,0.06917177719474714
qec,4,0.06917177719474714
qec,4,0.10588135813256505
qec,4,0.050078846466889045
qec,4,0.04014351080648441
xeb,6,0.09149560824348252
xeb,6,0.17676275703937275
xeb,6,0.09734203117912053
xeb,6,0.06925410740573468
xeb,6,0.14025374428429352
xeb,6,0.12028404340575778
xeb,6,0.09080558497934177
xeb,6,0.08042855411789164
xeb,6,0.0462916670446567
xeb,6,0.08063338284991534
xeb,6,0.0849946674228329
xeb,6,0.10928454536439093
xeb,6,0.1279244766598401
xeb,6,0.055631723195234226
xeb,6,0.13223099468795008
xeb,6,0.09149560824348252
xeb,6,0.12028404340575778
xeb,6,0.13419787732177463
xeb,6,0.026041897283825863
xeb,6,0.06925410740573468
xeb,6,0.09784594817759217
xeb,6,0.16032481309318908
xeb,6,0.08042855411789164
xeb,6,0.1615792057489861
xeb,6,0.10356664468783931
xeb,6,0.09784594817759217
xeb,6,0.08380763223572524
xeb,6,0.08299164208250505
xeb,6,0.0335071011138024
xeb,6,0.08063338284991534
xeb,6,0.07972818098982032
xeb,6,0.12739961878814635
xeb,6,0.13223099468795008
xeb,6,0.01644575055330615
xeb,6,0.04653428038326902
xeb,6,0.08299164208250505
xeb,6,0.08661742736283476
xeb,6,0.14805313508749027
xeb,6,0.08380763223572524
xeb,6,0.04653428038326902
xeb,6,0.16032481309318908
xeb,6,0.10928454536439093
xeb,6,0.12739961878814635
xeb,6,0.055631723195234226
xeb,6,0.27240223572183797
xeb,6,0.055631723195234226
xeb,6,0.09080558497934177
xeb,6,0.1615792057489861
xeb,6,0.09080558497934177
xeb,6,0.043471460691052906
xeb,6,0.0335071011138024
xeb,6,0.11883786040504356
xeb,6,0.12739961878814635
xeb,6,0.0937370980429013
xeb,6,0.14805313508749027
xeb,6,0.08299164208250505
xeb,6,0.09876518639882712
xeb,6,0.10422503185124865
xeb,6,0.01644575055330615
xeb,6,0.13223099468795008
xeb,6,0.10165614950776311
xeb,6,0.27240223572183797
xeb,6,0.0335071011138024
xeb,6,0.14805313508749027
xeb,6,0.12028404340575778
xeb,6,0.09784594817759217
xeb,6,0.0937370980429013
xeb,6,0.09876518639882712
xeb,6,0.05289555515414344
xeb,6,0.13223099468795008
xeb,6,0.13040510576333003
xeb,6,0.27240223572183797
xeb,6,0.12739961878814635
xeb,6,0.10928454536439093
xeb,6,0.17676275703937275
xeb,6,0.0462916670446567
xeb,6,0.08063338284991534
xeb,6,0.13043846898815797
xeb,6,0.10165614950776311
xeb,6,0.13043846898815797
xeb,6,0.0462916670446567
xeb,6,0.17676275703937275
xeb,6,0.09149560824348252
xeb,6,0.06925410740573468
xeb,6,0.10928454536439093
xeb,6,0.0479266496842356
xeb,6,0.13040510576333003
xeb,6,0.13223099468795008
xeb,6,0.17676275703937275
xeb,6,0.0479266496842356
xeb,6,0.08661742736283476
xeb,6,0.10422503185124865
xeb,6,0.10422503185124865
xeb,6,0.09080558497934177
xeb,6,0.08042855411789164
xeb,6,0.10356664468783931
xeb,6,0.10928454536439093
xeb,6,0.08063338284991534
xeb,6,0.0849946674228329
xeb,6,0.0462916670446567
xeb,6,0.08661742736283476
xeb,6,0.17676275703937275
xeb,6,0.0849946674228329
xeb,6,0.0462916670446567
xeb,6,0.08042855411789164
xeb,6,0.04653428038326902
xeb,6,0.10928454536439093
xeb,6,0.0479266496842356
xeb,6,0.030488338256653664
xeb,6,0.06925410740573468
xeb,6,0.09149560824348252
xeb,6,0.13419787732177463
xeb,6,0.08380763223572524
xeb,6,0.055631723195234226
xeb,6,0.026041897283825863
xeb,6,0.08063338284991534
xeb,6,0.11883786040504356
xeb,6,0.10165614950776311
xeb,6,0.0937370980429013
xeb,6,0.026041897283825863
xeb,6,0.12028404340575778
xeb,6,0.09734203117912053
xeb,6,0.08063338284991534
xeb,6,0.13223099468795008
xeb,6,0.13223099468795008
xeb,6,0.10928454536439093
xeb,6,0.09734203117912053
xeb,6,0.12028404340575778
xeb,6,0.16993614578831792
xeb,6,0.09734203117912053
xeb,6,0.10422503185124865
xeb,6,0.05289555515414344
xeb,6,0.08063338284991534
xeb,6,0.11883786040504356
xeb,6,0.026041897283825863
xeb,6,0.0462916670446567
xeb,6,0.04653428038326902
xeb,6,0.01644575055330615
xeb,6,0.09784594817759217
xeb,6,0.06144690229436982
xeb,6,0.14025374428429352
xeb,6,0.0335071011138024
xeb,6,0.01644575055330615
xeb,6,0.08299164208250505
xeb,6,0.0335071011138024
xeb,6,0.055631723195234226
xeb,6,0.13419787732177463
xeb,6,0.06144690229436982
xeb,6,0.0937370980429013
xeb,6,0.09876518639882712
xeb,6,0.1279244766598401
xeb,6,0.09734203117912053
xeb,6,0.09876518639882712
xeb,6,0.04653428038326902
xeb,6,0.0335071011138024
xeb,6,0.08661742736283476
xeb,6,0.13040510576333003
xeb,6,0.10422503185124865
xeb,6,0.01644575055330615
xeb,6,0.13223099468795008
xeb,6,0.06144690229436982
xeb,6,0.06144690229436982
xeb,6,0.055631723195234226
xeb,6,0.09734203117912053
xeb,6,0.06144690229436982
xeb,6,0.06144690229436982
xeb,6,0.13040510576333003
xeb,6,0.09149560824348252
xeb,6,0.1279244766598401
xeb,6,0.09149560824348252
xeb,6,0.09080558497934177
xeb,6,0.05659977347554833
xeb,6,0.12739961878814635
xeb,6,0.14025374428429352
xeb,6,0.09734203117912053
xeb,6,0.14025374428429352
xeb,6,0.13419787732177463
xeb,6,0.055631723195234226
xeb,6,0.17676275703937275
xeb,6,0.07972818098982032
xeb,6,0.09876518639882712
xeb,6,0.01644575055330615
xeb,6,0.09784594817759217
xeb,6,0.039634611898133644
xeb,6,0.13419787732177463
xeb,6,0.08063338284991534
xeb,6,0.17676275703937275
xeb,6,0.10928454536439093
xeb,6,0.06144690229436982
xeb,6,0.055631723195234226
xeb,6,0.1279244766598401
xeb,6,0.08966839639194002
xeb,6,0.13040510576333003
xeb,6,0.039634611898133644
xeb,6,0.06925410740573468
xeb,6,0.039634611898133644
xeb,6,0.1279244766598401
xeb,6,0.0937370980429013
xeb,6,0.06925410740573468
xeb,6,0.09876518639882712
qnn,6,0.07078839355553025
qnn,6,0.07951719042891456
qnn,6,0.15146026656872397
qnn,6,0.059540948628115764
qnn,6,0.042840268106894924
qnn,6,0.06639879050886938
qnn,6,0.11366797298777293
qnn,6,0.1778126162638515
qnn,6,0.07951719042891456
qnn,6,0.12852666322810535
qnn,6,0.04541916345115547
qnn,6,0.08330489976449737
qnn,6,0.04592446364746253
qnn,6,0.08642556674356136
qnn,6,0.10185744309159621
qnn,6,0.07951719042891456
qnn,6,0.05795002701605422
qnn,6,0.08917295491152825
qnn,6,0.1315612827596063
qnn,6,0.07078839355553025
qnn,6,0.08642556674356136
qnn,6,0.06639879050886938
qnn,6,0.042840268106894924
qnn,6,0.02653324072764485
qnn,6,0.1315612827596063
qnn,6,0.06332816807155053
qnn,6,0.037951319685643935
qnn,6,0.02653324072764485
qnn,6,0.07820887063677649
qnn,6,0.04207013216895875
qnn,6,0.037951319685643935
qnn,6,0.15146026656872397
qnn,6,0.04117701570121231
qnn,6,0.06039602540154009
qnn,6,0.04117701570121231
qnn,6,0.07951719042891456
qnn,6,0.07951719042891456
qnn,6,0.02189097996531787
qnn,6,0.06639879050886938
qnn,6,0.05809952465965319
qnn,6,0.15146026656872397
qnn,6,0.037951319685643935
qnn,6,0.015476088947496622
qnn,6,0.10960914709687729
qnn,6,0.04592446364746253
qnn,6,0.04532912509340993
qnn,6,0.015476088947496622
qnn,6,0.10960914709687729
qnn,6,0.044565621395815845
qnn,6,0.06397329917915227
qnn,6,0.10185744309159621
qnn,6,0.0721992015613376
qnn,6,0.06657905116790166
qnn,6,0.11366797298777293
qnn,6,0.07938796687316063
qnn,6,0.07078839355553025
qnn,6,0.06397329917915227
qnn,6,0.03963838144547451
qnn,6,0.03002689262604495
qnn,6,0.04541916345115547
qnn,6,0.11366797298777293
qnn,6,0.06394770352111856
qnn,6,0.1315612827596063
qnn,6,0.042840268106894924
qnn,6,0.0826776011477879
qnn,6,0.06349775825266443
qnn,6,0.04541916345115547
qnn,6,0.04541916345115547
qnn,6,0.06397329917915227
qnn,6,0.03002689262604495
qnn,6,0.05809952465965319
qnn,6,0.02653324072764485
qnn,6,0.1315612827596063
qnn,6,0.029120573300341294
qnn,6,0.10185744309159621
qnn,6,0.15146026656872397
qnn,6,0.015476088947496622
qnn,6,0.044565621395815845
qnn,6,0.15146026656872397
qnn,6,0.06544708187344854
qnn,6,0.1315612827596063
qnn,6,0.02653324072764485
qnn,6,0.06463576134937685
qnn,6,0.029120573300341294
qnn,6,0.07951719042891456
qnn,6,0.02653324072764485
qnn,6,0.07820887063677649
qnn,6,0.15146026656872397
qnn,6,0.11366797298777293
qnn,6,0.07820887063677649
qnn,6,0.06394770352111856
qnn,6,0.04541916345115547
qnn,6,0.07938796687316063
qnn,6,0.1778126162638515
qnn,6,0.06639879050886938
qnn,6,0.04541916345115547
qnn,6,0.06463576134937685
qnn,6,0.1778126162638515
qnn,6,0.1525645237649101
qnn,6,0.04207013216895875
qnn,6,0.05809952465965319
qnn,6,0.10960914709687729
qnn,6,0.015476088947496622
qnn,6,0.06463576134937685
qnn,6,0.037951319685643935
qnn,6,0.06349775825266443
qnn,6,0.07495759114985577
qnn,6,0.04117701570121231
qnn,6,0.08718301156733553
qnn,6,0.1315612827596063
qnn,6,0.07951719042891456
qnn,6,0.037951319685643935
qnn,6,0.03963838144547451
qnn,6,0.0721992015613376
qnn,6,0.06988814522864283
qnn,6,0.07951719042891456
qnn,6,0.042840268106894924
qnn,6,0.06397329917915227
qnn,6,0.06786792241139904
qnn,6,0.04532912509340993
qnn,6,0.10960914709687729
qnn,6,0.07820887063677649
qnn,6,0.06039602540154009
qnn,6,0.06544708187344854
qnn,6,0.04207013216895875
qnn,6,0.09080996868581877
qnn,6,0.02653324072764485
qnn,6,0.07078839355553025
qnn,6,0.042840268106894924
qnn,6,0.042840268106894924
qnn,6,0.042840268106894924
qnn,6,0.06397329917915227
qnn,6,0.06657905116790166
qnn,6,0.09080996868581877
qnn,6,0.15146026656872397
qnn,6,0.06544708187344854
qnn,6,0.10960914709687729
qnn,6,0.11366797298777293
qnn,6,0.15498231001955995
qnn,6,0.1315612827596063
qnn,6,0.06397329917915227
qnn,6,0.04592446364746253
qnn,6,0.0870650167066998
qnn,6,0.029120573300341294
qnn,6,0.08917295491152825
qnn,6,0.12852666322810535
qnn,6,0.06332816807155053
qnn,6,0.0721992015613376
qnn,6,0.09287188288770115
qnn,6,0.09080996868581877
qnn,6,0.09287188288770115
qnn,6,0.10185744309159621
qnn,6,0.0721992015613376
qnn,6,0.03002689262604495
qnn,6,0.06394770352111856
qnn,6,0.07938796687316063
qnn,6,0.06394770352111856
qnn,6,0.0870650167066998
qnn,6,0.029120573300341294
qnn,6,0.0468841282411355
qnn,6,0.05795002701605422
qnn,6,0.08330489976449737
qnn,6,0.07938796687316063
qnn,6,0.07951719042891456
qnn,6,0.0721992015613376
qnn,6,0.0721992015613376
qnn,6,0.07951719042891456
qnn,6,0.15498231001955995
qnn,6,0.04117701570121231
qnn,6,0.06394770352111856
qnn,6,0.08642556674356136
qnn,6,0.15146026656872397
qnn,6,0.05809952465965319
qnn,6,0.037951319685643935
qnn,6,0.05809952465965319
qnn,6,0.05795002701605422
qnn,6,0.04532912509340993
qnn,6,0.07938796687316063
qnn,6,0.044565621395815845
qnn,6,0.08642556674356136
qnn,6,0.044565621395815845
qnn,6,0.03963838144547451
qnn,6,0.08718301156733553
qnn,6,0.06397329917915227
qnn,6,0.05795002701605422
qnn,6,0.07938796687316063
qnn,6,0.06397329917915227
qnn,6,0.04117701570121231
qnn,6,0.09287188288770115
qnn,6,0.08718301156733553
qnn,6,0.042840268106894924
qnn,6,0.06988814522864283
qnn,6,0.059540948628115764
qnn,6,0.04207013216895875
qnn,6,0.10960914709687729
qnn,6,0.04117701570121231
qnn,6,0.05795002701605422
qnn,6,0.03002689262604495
qnn,6,0.12852666322810535
qnn,6,0.03002689262604495
shor,6,0.20239216825110928
shor,6,0.12038941466043503
shor,6,0.2151176254139458
shor,6,0.1385804043450195
shor,6,0.013225005532153137
shor,6,0.11995024420808413
shor,6,0.10511750597467019
shor,6,0.02937308023257977
shor,6,0.10511750597467019
shor,6,0.1935650855889706
shor,6,0.2014610546452138
shor,6,0.10511750597467019
shor,6,0.18780832624961633
shor,6,0.21425882535632582
shor,6,0.21425882535632582
shor,6,0.1968802891710811
shor,6,0.11418764496278541
shor,6,0.030687213943268073
shor,6,0.10511750597467019
shor,6,0.11778314162199528
shor,6,0.1385804043450195
shor,6,0.10651585303037335
shor,6,0.02937308023257977
shor,6,0.2014610546452138
shor,6,0.12038941466043503
shor,6,0.13858040434501934
shor,6,0.043378626565264915
shor,6,0.043378626565264915
shor,6,0.15687991741713425
shor,6,0.1733130047271264
shor,6,0.21425882535632582
shor,6,0.1287198844381462
shor,6,0.030687213943268073
shor,6,0.2151176254139458
shor,6,0.118235572523846
shor,6,0.02937308023257977
shor,6,0.1568799174171342
shor,6,0.2014610546452138
shor,6,0.10651585303037335
shor,6,0.10511750597467019
shor,6,0.23701087501931534
shor,6,0.11778314162199528
shor,6,0.1287198844381462
shor,6,0.11418764496278541
shor,6,0.030687213943268073
shor,6,0.13042950024530695
shor,6,0.102989239916289
shor,6,0.1733130047271264
shor,6,0.1568799174171342
shor,6,0.18780832624961633
shor,6,0.09936933394190921
shor,6,0.013225005532153137
shor,6,0.09606557176839321
shor,6,0.1190701010225773
shor,6,0.13042950024530695
shor,6,0.1287198844381462
shor,6,0.02937308023257977
shor,6,0.10511750597467019
shor,6,0.10252541433083909
shor,6,0.13858040434501934
shor,6,0.16261964179588034
shor,6,0.12038941466043503
shor,6,0.15687991741713425
shor,6,0.09683195929439677
shor,6,0.09606557176839321
shor,6,0.030687213943268073
shor,6,0.2151176254139458
shor,6,0.030687213943268073
shor,6,0.1190701010225773
shor,6,0.10252541433083909
shor,6,0.10511750597467019
shor,6,0.1733130047271264
shor,6,0.23701087501931534
shor,6,0.20239216825110928
shor,6,0.1733130047271264
shor,6,0.2151176254139458
shor,6,0.10511750597467019
shor,6,0.013225005532153137
shor,6,0.1733130047271264
shor,6,0.23701087501931534
shor,6,0.110028416115083
shor,6,0.09683195929439677
shor,6,0.11995024420808413
shor,6,0.0727168550250991
shor,6,0.118235572523846
shor,6,0.09936933394190921
shor,6,0.09606557176839321
shor,6,0.13042950024530695
shor,6,0.1190701010225773
shor,6,0.1733130047271264
shor,6,0.11778314162199528
shor,6,0.118235572523846
shor,6,0.16261964179588034
shor,6,0.21425882535632582
shor,6,0.16261964179588034
shor,6,0.13858040434501942
shor,6,0.12016946407802272
shor,6,0.2014610546452138
shor,6,0.0727168550250991
shor,6,0.10651585303037335
shor,6,0.15687991741713425
shor,6,0.21425882535632582
shor,6,0.118235572523846
shor,6,0.043378626565264915
shor,6,0.13858040434501942
shor,6,0.1190701010225773
shor,6,0.21425882535632582
shor,6,0.013225005532153137
shor,6,0.0727168550250991
shor,6,0.013225005532153137
shor,6,0.12016946407802272
shor,6,0.2151176254139458
shor,6,0.02937308023257977
shor,6,0.1385804043450195
shor,6,0.10252541433083909
shor,6,0.1385804043450195
shor,6,0.11418764496278541
shor,6,0.15687991741713425
shor,6,0.13858040434501934
shor,6,0.09606557176839321
shor,6,0.10651585303037335
shor,6,0.09936933394190921
shor,6,0.118235572523846
shor,6,0.1190701010225773
shor,6,0.10511750597467019
shor,6,0.12016946407802272
shor,6,0.10252541433083909
shor,6,0.21425882535632582
shor,6,0.09683195929439677
shor,6,0.1190701010225773
shor,6,0.10252541433083909
shor,6,0.11778314162199528
shor,6,0.1287198844381462
shor,6,0.02937308023257977
shor,6,0.043378626565264915
shor,6,0.1716182763045454
shor,6,0.16261964179588034
shor,6,0.118235572523846
shor,6,0.0727168550250991
shor,6,0.09606557176839321
shor,6,0.1385804043450195
shor,6,0.11995024420808413
shor,6,0.1287198844381462
shor,6,0.11418764496278541
shor,6,0.0727168550250991
shor,6,0.1287198844381462
shor,6,0.21425882535632582
shor,6,0.118235572523846
shor,6,0.0727168550250991
shor,6,0.23701087501931534
shor,6,0.2103914306578066
shor,6,0.1733130047271264
shor,6,0.15687991741713425
shor,6,0.11995024420808413
shor,6,0.1968802891710811
shor,6,0.0727168550250991
shor,6,0.15687991741713425
shor,6,0.20239216825110928
shor,6,0.043378626565264915
shor,6,0.09606557176839321
shor,6,0.09683195929439677
shor,6,0.110028416115083
shor,6,0.102989239916289
shor,6,0.23701087501931534
shor,6,0.21425882535632582
shor,6,0.1935650855889706
shor,6,0.11418764496278541
shor,6,0.1935650855889706
shor,6,0.09936933394190921
shor,6,0.23701087501931534
shor,6,0.23701087501931534
shor,6,0.15687991741713425
shor,6,0.09606557176839321
shor,6,0.18780832624961633
shor,6,0.102989239916289
shor,6,0.013225005532153137
shor,6,0.2103914306578066
shor,6,0.13042950024530695
shor,6,0.12038941466043503
shor,6,0.13858040434501934
shor,6,0.16261964179588034
shor,6,0.1190701010225773
shor,6,0.11778314162199528
shor,6,0.12038941466043503
shor,6,0.11778314162199528
shor,6,0.043378626565264915
shor,6,0.1190701010225773
shor,6,0.02937308023257977
shor,6,0.2103914306578066
shor,6,0.13858040434501942
shor,6,0.18780832624961633
shor,6,0.23701087501931534
shor,6,0.13858040434501934
shor,6,0.013225005532153137
shor,6,0.1385804043450195
shor,6,0.02937308023257977
shor,6,0.1287198844381462
shor,6,0.13042950024530695
shor,6,0.09606557176839321
shor,6,0.2151176254139458
qec,6,0.14104953871169826
qec,6,0.07364730303984551
qec,6,0.08081778336059632
qec,6,0.13149271345201002
qec,6,0.14104953871169826
qec,6,0.13149271345201002
qec,6,0.07150930583914913
qec,6,0.15284180708989392
qec,6,0.08081778336059632
qec,6,0.07364730303984551
qec,6,0.14104953871169826
qec,6,0.07364730303984551
qec,6,0.07364730303984551
qec,6,0.14104953871169826
qec,6,0.14104953871169826
qec,6,0.15284180708989392
qec,6,0.14104953871169826
qec,6,0.07364730303984551
qec,6,0.14104953871169826
qec,6,0.14104953871169826
qec,6,0.07364730303984551
qec,6,0.07364730303984551
qec,6,0.14104953871169826
qec,6,0.07150930583914913
qec,6,0.13149271345201002
qec,6,0.07150930583914913
qec,6,0.07364730303984551
qec,6,0.07364730303984551
qec,6,0.15284180708989392
qec,6,0.07364730303984551
qec,6,0.07150930583914913
qec,6,0.15284180708989392
qec,6,0.14104953871169826
qec,6,0.15284180708989392
qec,6,0.13149271345201002
qec,6,0.07364730303984551
qec,6,0.08081778336059632
qec,6,0.14104953871169826
qec,6,0.15284180708989392
qec,6,0.13149271345201002
qec,6,0.14104953871169826
qec,6,0.07364730303984551
qec,6,0.14104953871169826
qec,6,0.15284180708989392
qec,6,0.13149271345201002
qec,6,0.08081778336059632
qec,6,0.07150930583914913
qec,6,0.14104953871169826
qec,6,0.14104953871169826
qec,6,0.08081778336059632
qec,6,0.13149271345201002
qec,6,0.08081778336059632
qec,6,0.13149271345201002
qec,6,0.15284180708989392
qec,6,0.14104953871169826
qec,6,0.14104953871169826
qec,6,0.15284180708989392
qec,6,0.15284180708989392
qec,6,0.07364730303984551
qec,6,0.14104953871169826
qec,6,0.14104953871169826
qec,6,0.07150930583914913
qec,6,0.07364730303984551
qec,6,0.14104953871169826
qec,6,0.14104953871169826
qec,6,0.14104953871169826
qec,6,0.07364730303984551
qec,6,0.08081778336059632
qec,6,0.13149271345201002
qec,6,0.15284180708989392
qec,6,0.13149271345201002
qec,6,0.07364730303984551
qec,6,0.14104953871169826
qec,6,0.13149271345201002
qec,6,0.14104953871169826
qec,6,0.07150930583914913
qec,6,0.07364730303984551
qec,6,0.13149271345201002
qec,6,0.15284180708989392
qec,6,0.14104953871169826
qec,6,0.15284180708989392
qec,6,0.08081778336059632
qec,6,0.08081778336059632
qec,6,0.07150930583914913
qec,6,0.14104953871169826
qec,6,0.14104953871169826
qec,6,0.07150930583914913
qec,6,0.13149271345201002
qec,6,0.14104953871169826
qec,6,0.14104953871169826
qec,6,0.15284180708989392
qec,6,0.14104953871169826
qec,6,0.08081778336059632
qec,6,0.07364730303984551
qec,6,0.07150930583914913
qec,6,0.07364730303984551
qec,6,0.15284180708989392
qec,6,0.14104953871169826
qec,6,0.07150930583914913
qec,6,0.14104953871169826
qec,6,0.07150930583914913
qec,6,0.14104953871169826
qec,6,0.14104953871169826
qec,6,0.08081778336059632
qec,6,0.15284180708989392
qec,6,0.15284180708989392
qec,6,0.15284180708989392
qec,6,0.14104953871169826
qec,6,0.13149271345201002
qec,6,0.07364730303984551
qec,6,0.08081778336059632
qec,6,0.08081778336059632
qec,6,0.15284180708989392
qec,6,0.14104953871169826
qec,6,0.07150930583914913
qec,6,0.15284180708989392
qec,6,0.14104953871169826
qec,6,0.14104953871169826
qec,6,0.08081778336059632
qec,6,0.07150930583914913
qec,6,0.14104953871169826
qec,6,0.15284180708989392
qec,6,0.07364730303984551
qec,6,0.07364730303984551
qec,6,0.14104953871169826
qec,6,0.15284180708989392
qec,6,0.07364730303984551
qec,6,0.14104953871169826
qec,6,0.07364730303984551
qec,6,0.14104953871169826
qec,6,0.14104953871169826
qec,6,0.15284180708989392
qec,6,0.15284180708989392
qec,6,0.13149271345201002
qec,6,0.07150930583914913
qec,6,0.07150930583914913
qec,6,0.08081778336059632
qec,6,0.07364730303984551
qec,6,0.07150930583914913
qec,6,0.07150930583914913
qec,6,0.07364730303984551
qec,6,0.14104953871169826
qec,6,0.07150930583914913
qec,6,0.13149271345201002
qec,6,0.13149271345201002
qec,6,0.07364730303984551
qec,6,0.07364730303984551
qec,6,0.14104953871169826
qec,6,0.07364730303984551
qec,6,0.07150930583914913
qec,6,0.07150930583914913
qec,6,0.07150930583914913
qec,6,0.15284180708989392
qec,6,0.14104953871169826
qec,6,0.14104953871169826
qec,6,0.14104953871169826
qec,6,0.07364730303984551
qec,6,0.07364730303984551
qec,6,0.07150930583914913
qec,6,0.07150930583914913
qec,6,0.14104953871169826
qec,6,0.14104953871169826
qec,6,0.14104953871169826
qec,6,0.08081778336059632
qec,6,0.13149271345201002
qec,6,0.15284180708989392
qec,6,0.15284180708989392
qec,6,0.14104953871169826
qec,6,0.14104953871169826
qec,6,0.14104953871169826
qec,6,0.07150930583914913
qec,6,0.14104953871169826
qec,6,0.13149271345201002
qec,6,0.14104953871169826
qec,6,0.07150930583914913
qec,6,0.14104953871169826
qec,6,0.07150930583914913
qec,6,0.07364730303984551
qec,6,0.07150930583914913
qec,6,0.14104953871169826
qec,6,0.07364730303984551
qec,6,0.08081778336059632
qec,6,0.15284180708989392
qec,6,0.14104953871169826
qec,6,0.07150930583914913
qec,6,0.15284180708989392
qec,6,0.14104953871169826
qec,6,0.14104953871169826
qec,6,0.14104953871169826
qec,6,0.13149271345201002
qec,6,0.14104953871169826
qec,6,0.07364730303984551
qec,6,0.07150930583914913
qec,6,0.15284180708989392
qec,6,0.07150930583914913
qec,6,0.14104953871169826
qec,6,0.15284180708989392
qec,6,0.13149271345201002
qec,6,0.13149271345201002
qec,6,0.14104953871169826
xeb,8,0.11246046639256872
xeb,8,0.1223780744181196
xeb,8,0.13754427772837075
xeb,8,0.12187146818648911
xeb,8,0.17747866555652972
xeb,8,0.13754427772837075
xeb,8,0.12366520349965271
xeb,8,0.12366520349965271
xeb,8,0.12290833831203922
xeb,8,0.08063846783894318
xeb,8,0.0922296311995807
xeb,8,0.15685540052180488
xeb,8,0.10891382491149017
xeb,8,0.10023102389863348
xeb,8,0.06631456845403726
xeb,8,0.1223780744181196
xeb,8,0.17747866555652972
xeb,8,0.11562177875418707
xeb,8,0.1348432276115377
xeb,8,0.20688595645089164
xeb,8,0.12369307230969301
xeb,8,0.175370794457716
xeb,8,0.13754427772837075
xeb,8,0.20688595645089164
xeb,8,0.1223780744181196
xeb,8,0.10752254546221962
xeb,8,0.20688595645089164
xeb,8,0.16435626434350287
xeb,8,0.12237807441811963
xeb,8,0.1223780744181196
xeb,8,0.14321447184087072
xeb,8,0.16435626434350287
xeb,8,0.12237807441811963
xeb,8,0.20688595645089164
xeb,8,0.10023102389863348
xeb,8,0.1348432276115377
xeb,8,0.13727023630206198
xeb,8,0.1223780744181196
xeb,8,0.13682399906845352
xeb,8,0.15015253997101893
xeb,8,0.12237807441811963
xeb,8,0.20439603107516854
xeb,8,0.14284616151663238
xeb,8,0.10891382491149017
xeb,8,0.17747866555652972
xeb,8,0.1348432276115377
xeb,8,0.12187146818648911
xeb,8,0.12237807441811963
xeb,8,0.1223780744181196
xeb,8,0.10631984340737276
xeb,8,0.20439603107516854
xeb,8,0.1348432276115377
xeb,8,0.06631456845403726
xeb,8,0.15685540052180488
xeb,8,0.15015253997101893
xeb,8,0.13409477468928901
xeb,8,0.15015253997101893
xeb,8,0.10273624906370786
xeb,8,0.15015253997101893
xeb,8,0.13682399906845352
xeb,8,0.08063846783894318
xeb,8,0.12187146818648911
xeb,8,0.10891382491149017
xeb,8,0.06631456845403726
xeb,8,0.13409477468928901
xeb,8,0.12369307230969301
xeb,8,0.11562177875418707
xeb,8,0.20439603107516854
xeb,8,0.17747866555652972
xeb,8,0.1495953559876524
xeb,8,0.08063846783894318
xeb,8,0.175370794457716
xeb,8,0.13682399906845352
xeb,8,0.12366520349965271
xeb,8,0.08614632291559463
xeb,8,0.10367483980408805
xeb,8,0.13409477468928901
xeb,8,0.12369307230969301
xeb,8,0.13409477468928901
xeb,8,0.12384312822056295
xeb,8,0.0704146761648926
xeb,8,0.14321447184087072
xeb,8,0.10891382491149017
xeb,8,0.0704146761648926
xeb,8,0.13682399906845352
xeb,8,0.14284616151663238
xeb,8,0.1370249181346072
xeb,8,0.0704146761648926
xeb,8,0.12369307230969301
xeb,8,0.17747866555652972
xeb,8,0.07643757582121675
xeb,8,0.12369307230969301
xeb,8,0.14321447184087072
xeb,8,0.20688595645089164
xeb,8,0.0922296311995807
xeb,8,0.12374228075595534
xeb,8,0.07643757582121675
xeb,8,0.10023102389863348
xeb,8,0.15023621200377688
xeb,8,0.12290833831203922
xeb,8,0.10816281137764663
xeb,8,0.17747866555652972
xeb,8,0.10023102389863348
xeb,8,0.06898914456410518
xeb,8,0.11562177875418707
xeb,8,0.08063846783894318
xeb,8,0.08063846783894318
xeb,8,0.17870653556412042
xeb,8,0.10023102389863348
xeb,8,0.16435626434350287
xeb,8,0.10023102389863348
xeb,8,0.0922296311995807
xeb,8,0.13409477468928901
xeb,8,0.12237807441811963
xeb,8,0.15023621200377688
xeb,8,0.10367483980408805
xeb,8,0.0922296311995807
xeb,8,0.10023102389863348
xeb,8,0.20688595645089164
xeb,8,0.10891382491149017
xeb,8,0.0922296311995807
xeb,8,0.10398232492513639
xeb,8,0.1223780744181196
xeb,8,0.13727023630206198
xeb,8,0.12374228075595534
xeb,8,0.1223780744181196
xeb,8,0.1223780744181196
xeb,8,0.1223780744181196
xeb,8,0.11562177875418707
xeb,8,0.10631984340737276
xeb,8,0.15023621200377688
xeb,8,0.08063846783894318
xeb,8,0.12369307230969301
xeb,8,0.17870653556412042
xeb,8,0.12237807441811963
xeb,8,0.15015253997101893
xeb,8,0.20439603107516854
xeb,8,0.10023102389863348
xeb,8,0.11246046639256872
xeb,8,0.1223780744181196
xeb,8,0.13409477468928901
xeb,8,0.175370794457716
xeb,8,0.12374228075595534
xeb,8,0.07643757582121675
xeb,8,0.10891382491149017
xeb,8,0.15023621200377688
xeb,8,0.14321447184087072
xeb,8,0.10816281137764663
xeb,8,0.20688595645089164
xeb,8,0.08614632291559463
xeb,8,0.07643757582121675
xeb,8,0.15023621200377688
xeb,8,0.1370249181346072
xeb,8,0.14284616151663238
xeb,8,0.1223780744181196
xeb,8,0.1223780744181196
xeb,8,0.11246046639256872
xeb,8,0.20439603107516854
xeb,8,0.17747866555652972
xeb,8,0.07643757582121675
xeb,8,0.175370794457716
xeb,8,0.10891382491149017
xeb,8,0.06631456845403726
xeb,8,0.13754427772837075
xeb,8,0.10023102389863348
xeb,8,0.14284616151663238
xeb,8,0.0922296311995807
xeb,8,0.20439603107516854
xeb,8,0.12374228075595534
xeb,8,0.175370794457716
xeb,8,0.13682399906845352
xeb,8,0.12237807441811963
xeb,8,0.20439603107516854
xeb,8,0.12384312822056295
xeb,8,0.11562177875418707
xeb,8,0.10816281137764663
xeb,8,0.12366520349965271
xeb,8,0.10273624906370786
xeb,8,0.10752254546221962
xeb,8,0.1223780744181196
xeb,8,0.13754427772837075
xeb,8,0.1223780744181196
xeb,8,0.08614632291559463
xeb,8,0.1223780744181196
xeb,8,0.12290833831203922
xeb,8,0.1223780744181196
xeb,8,0.20439603107516854
xeb,8,0.10023102389863348
xeb,8,0.12237807441811963
xeb,8,0.175370794457716
xeb,8,0.15023621200377688
xeb,8,0.1223780744181196
xeb,8,0.12290833831203922
xeb,8,0.0704146761648926
xeb,8,0.1223780744181196
xeb,8,0.13727023630206198
xeb,8,0.10816281137764663
xeb,8,0.10752254546221962
xeb,8,0.10816281137764663
xeb,8,0.10816281137764663
qnn,8,0.06504552487905516
qnn,8,0.09361127090896323
qnn,8,0.18219073836847635
qnn,8,0.09363538915610914
qnn,8,0.09361127090896323
qnn,8,0.1046312315432957
qnn,8,0.1046312315432957
qnn,8,0.06283441711925199
qnn,8,0.11139965168592808
qnn,8,0.027531682892117302
qnn,8,0.06283441711925199
qnn,8,0.1091401870296125
qnn,8,0.06863707366590978
qnn,8,0.05569900549874329
qnn,8,0.03491667687035951
qnn,8,0.13709013553114088
qnn,8,0.1782643523857572
qnn,8,0.13709013553114088
qnn,8,0.09363538915610914
qnn,8,0.11909114333736473
qnn,8,0.07567522855717508
qnn,8,0.09752084695217864
qnn,8,0.05569900549874329
qnn,8,0.16962781108279884
qnn,8,0.14508082072142
qnn,8,0.14508082072142
qnn,8,0.06865805397284815
qnn,8,0.12841347000282122
qnn,8,0.027531682892117302
qnn,8,0.11494062851900641
qnn,8,0.17034873032765474
qnn,8,0.09363538915610914
qnn,8,0.1278531605239891
qnn,8,0.07773760367245613
qnn,8,0.09752084695217864
qnn,8,0.1782643523857572
qnn,8,0.08803827812835849
qnn,8,0.10362683544577574
qnn,8,0.14508082072142
qnn,8,0.12024241825446261
qnn,8,0.1197728786720352
qnn,8,0.1435686854124104
qnn,8,0.14508082072142
qnn,8,0.03491667687035951
qnn,8,0.08516793239413917
qnn,8,0.14244415908709762
qnn,8,0.12167331151221228
qnn,8,0.18769350324234832
qnn,8,0.1046312315432957
qnn,8,0.12841347000282122
qnn,8,0.18219073836847635
qnn,8,0.04006667910801806
qnn,8,0.08516793239413917
qnn,8,0.09948158623544766
qnn,8,0.14870568756530642
qnn,8,0.14508082072142
qnn,8,0.11494062851900641
qnn,8,0.1435686854124104
qnn,8,0.13709013553114088
qnn,8,0.1782643523857572
qnn,8,0.10362683544577574
qnn,8,0.03491667687035951
qnn,8,0.13709013553114088
qnn,8,0.08495823761411778
qnn,8,0.09363538915610914
qnn,8,0.07667714037678908
qnn,8,0.07567522855717508
qnn,8,0.08138783370856813
qnn,8,0.17034873032765474
qnn,8,0.09363538915610914
qnn,8,0.06863707366590978
qnn,8,0.1435686854124104
qnn,8,0.1782643523857572
qnn,8,0.07567522855717508
qnn,8,0.04006667910801806
qnn,8,0.06283441711925199
qnn,8,0.09361127090896323
qnn,8,0.04995988698271666
qnn,8,0.07667714037678908
qnn,8,0.04995988698271666
qnn,8,0.09361127090896323
qnn,8,0.1197728786720352
qnn,8,0.14244415908709762
qnn,8,0.15703739878151388
qnn,8,0.04006667910801806
qnn,8,0.05569900549874329
qnn,8,0.09640065146012906
qnn,8,0.12024241825446261
qnn,8,0.10362683544577574
qnn,8,0.05569900549874329
qnn,8,0.06863707366590978
qnn,8,0.09752084695217864
qnn,8,0.10362683544577574
qnn,8,0.18769350324234832
qnn,8,0.14244415908709762
qnn,8,0.12167331151221228
qnn,8,0.027531682892117302
qnn,8,0.11909114333736473
qnn,8,0.06865805397284815
qnn,8,0.06863707366590978
qnn,8,0.12024241825446261
qnn,8,0.16962781108279884
qnn,8,0.06283441711925199
qnn,8,0.04590864409917164
qnn,8,0.09363538915610914
qnn,8,0.12334881652078517
qnn,8,0.1063337145177433
qnn,8,0.16962781108279884
qnn,8,0.08495823761411778
qnn,8,0.14508082072142
qnn,8,0.1091401870296125
qnn,8,0.12167331151221228
qnn,8,0.1628271225279622
qnn,8,0.17034873032765474
qnn,8,0.08138783370856813
qnn,8,0.06283441711925199
qnn,8,0.09948158623544766
qnn,8,0.05569900549874329
qnn,8,0.14870568756530642
qnn,8,0.08138783370856813
qnn,8,0.05569900549874329
qnn,8,0.04006667910801806
qnn,8,0.12167331151221228
qnn,8,0.15703739878151388
qnn,8,0.12841347000282122
qnn,8,0.12841347000282122
qnn,8,0.16962781108279884
qnn,8,0.07667714037678908
qnn,8,0.07667714037678908
qnn,8,0.03491667687035951
qnn,8,0.06865805397284815
qnn,8,0.09193352539558564
qnn,8,0.1091401870296125
qnn,8,0.11494062851900641
qnn,8,0.07857268360178218
qnn,8,0.09948158623544766
qnn,8,0.13927229488539478
qnn,8,0.027531682892117302
qnn,8,0.04590864409917164
qnn,8,0.1782643523857572
qnn,8,0.08803827812835849
qnn,8,0.11139965168592808
qnn,8,0.1046312315432957
qnn,8,0.07857268360178218
qnn,8,0.13927229488539478
qnn,8,0.12024241825446261
qnn,8,0.13927229488539478
qnn,8,0.13927229488539478
qnn,8,0.04995988698271666
qnn,8,0.11139965168592808
qnn,8,0.18219073836847635
qnn,8,0.11494062851900641
qnn,8,0.07857268360178218
qnn,8,0.1046312315432957
qnn,8,0.08138783370856813
qnn,8,0.1046312315432957
qnn,8,0.14244415908709762
qnn,8,0.04590864409917164
qnn,8,0.18219073836847635
qnn,8,0.05569900549874329
qnn,8,0.09752084695217864
qnn,8,0.06504552487905516
qnn,8,0.17034873032765474
qnn,8,0.07857268360178218
qnn,8,0.07857268360178218
qnn,8,0.18769350324234832
qnn,8,0.07667714037678908
qnn,8,0.07857268360178218
qnn,8,0.06283441711925199
qnn,8,0.1091401870296125
qnn,8,0.18769350324234832
qnn,8,0.04006667910801806
qnn,8,0.09193352539558564
qnn,8,0.09752084695217864
qnn,8,0.07773760367245613
qnn,8,0.06865805397284815
qnn,8,0.09752084695217864
qnn,8,0.09361127090896323
qnn,8,0.11139965168592808
qnn,8,0.1091401870296125
qnn,8,0.06283441711925199
qnn,8,0.06283441711925199
qnn,8,0.14244415908709762
qnn,8,0.09193352539558564
qnn,8,0.1197728786720352
qnn,8,0.14870568756530642
qnn,8,0.04006667910801806
qnn,8,0.12024241825446261
qnn,8,0.14571054009290652
qnn,8,0.07773760367245613
qnn,8,0.09948158623544766
qnn,8,0.14870568756530642
qnn,8,0.13927229488539478
qnn,8,0.11494062851900641
qnn,8,0.12334881652078517
qnn,8,0.08495823761411778
qnn,8,0.027531682892117302
qnn,8,0.06865805397284815
qnn,8,0.1782643523857572
qnn,8,0.08495823761411778
shor,8,0.11475942758875844
shor,8,0.13056592443164602
shor,8,0.12576173014254013
shor,8,0.1802068926247612
shor,8,0.16815406983140835
shor,8,0.14400399519813983
shor,8,0.04308739400725477
shor,8,0.1091756968018371
shor,8,0.12735372484220683
shor,8,0.12576173014254013
shor,8,0.23769162818115502
shor,8,0.21957921424446072
shor,8,0.16815406983140835
shor,8,0.12576173014254013
shor,8,0.22668291688859982
shor,8,0.12735372484220683
shor,8,0.17310531415236066
shor,8,0.21957921424446072
shor,8,0.2019618652738477
shor,8,0.22668291688859982
shor,8,0.0610658389598829
shor,8,0.22668291688859982
shor,8,0.1261740028333523
shor,8,0.1309538346234171
shor,8,0.13056592443164602
shor,8,0.13056592443164602
shor,8,0.2019618652738477
shor,8,0.21957921424446072
shor,8,0.13258900115909222
shor,8,0.2019618652738477
shor,8,0.16815406983140835
shor,8,0.13056592443164602
shor,8,0.14400399519813983
shor,8,0.12735372484220683
shor,8,0.1802068926247612
shor,8,0.12735372484220683
shor,8,0.13258900115909222
shor,8,0.1087615079263631
shor,8,0.13258900115909222
shor,8,0.1091756968018371
shor,8,0.11818347246174402
shor,8,0.036367209208728775
shor,8,0.17310531415236066
shor,8,0.1087615079263631
shor,8,0.21964695354822653
shor,8,0.14036902456117234
shor,8,0.12576173014254013
shor,8,0.1087615079263631
shor,8,0.19847015644758076
shor,8,0.0610658389598829
shor,8,0.12576173014254013
shor,8,0.1087615079263631
shor,8,0.1309538346234171
shor,8,0.0610658389598829
shor,8,0.11316194462461103
shor,8,0.1087615079263631
shor,8,0.16815406983140835
shor,8,0.16815406983140835
shor,8,0.16815406983140835
shor,8,0.18886317506635408
shor,8,0.18886317506635408
shor,8,0.11475942758875844
shor,8,0.16815406983140826
shor,8,0.14036902456117234
shor,8,0.21964695354822653
shor,8,0.13237252961771365
shor,8,0.22668291688859982
shor,8,0.16815406983140826
shor,8,0.2499164052354837
shor,8,0.04308739400725477
shor,8,0.23769162818115502
shor,8,0.22668291688859982
shor,8,0.13237252961771365
shor,8,0.17310531415236066
shor,8,0.16815406983140835
shor,8,0.12735372484220683
shor,8,0.13258900115909222
shor,8,0.21964695354822653
shor,8,0.21957921424446072
shor,8,0.13237252961771365
shor,8,0.19718168647056364
shor,8,0.14400399519813983
shor,8,0.21258203194492858
shor,8,0.12180193149604329
shor,8,0.17310531415236066
shor,8,0.12735372484220683
shor,8,0.23769162818115502
shor,8,0.11316194462461103
shor,8,0.23009673281893434
shor,8,0.21964695354822653
shor,8,0.1971816864705637
shor,8,0.1802068926247612
shor,8,0.23009673281893434
shor,8,0.12180193149604329
shor,8,0.22488593167567822
shor,8,0.11316194462461103
shor,8,0.14400399519813983
shor,8,0.13258900115909222
shor,8,0.21964695354822653
shor,8,0.1802068926247612
shor,8,0.16815406983140835
shor,8,0.14400399519813983
shor,8,0.11316194462461103
shor,8,0.19847015644758076
shor,8,0.036367209208728775
shor,8,0.11316194462461103
shor,8,0.1802068926247612
shor,8,0.19847015644758076
shor,8,0.22488593167567822
shor,8,0.23769162818115502
shor,8,0.1309538346234171
shor,8,0.0610658389598829
shor,8,0.23769162818115502
shor,8,0.14036902456117234
shor,8,0.22668291688859982
shor,8,0.11316194462461103
shor,8,0.1971816864705637
shor,8,0.16815406983140835
shor,8,0.11316194462461103
shor,8,0.1971816864705637
shor,8,0.04308739400725477
shor,8,0.2019618652738477
shor,8,0.12735372484220683
shor,8,0.22668291688859982
shor,8,0.04308739400725477
shor,8,0.13237252961771365
shor,8,0.2019618652738477
shor,8,0.05566892779932707
shor,8,0.22528124552802634
shor,8,0.16815406983140826
shor,8,0.12735372484220683
shor,8,0.1802068926247612
shor,8,0.13056592443164602
shor,8,0.04308739400725477
shor,8,0.036367209208728775
shor,8,0.22488593167567822
shor,8,0.23009673281893434
shor,8,0.12735372484220683
shor,8,0.11316194462461103
shor,8,0.22528124552802634
shor,8,0.19847015644758076
shor,8,0.2499164052354837
shor,8,0.16815406983140826
shor,8,0.21957921424446072
shor,8,0.11534981397859995
shor,8,0.04308739400725477
shor,8,0.17310531415236066
shor,8,0.12180193149604329
shor,8,0.14036902456117234
shor,8,0.036367209208728775
shor,8,0.17310531415236066
shor,8,0.11818347246174402
shor,8,0.12735372484220683
shor,8,0.13056592443164602
shor,8,0.14400399519813983
shor,8,0.14036902456117234
shor,8,0.19847015644758076
shor,8,0.1971816864705637
shor,8,0.18886317506635408
shor,8,0.11534981397859995
shor,8,0.16815406983140826
shor,8,0.16815406983140835
shor,8,0.21957921424446072
shor,8,0.16815406983140835
shor,8,0.1087615079263631
shor,8,0.22488593167567822
shor,8,0.21964695354822653
shor,8,0.1087615079263631
shor,8,0.11818347246174402
shor,8,0.11534981397859995
shor,8,0.1971816864705637
shor,8,0.19847015644758076
shor,8,0.12576173014254013
shor,8,0.22488593167567822
shor,8,0.22528124552802634
shor,8,0.12735372484220683
shor,8,0.19718168647056364
shor,8,0.19847015644758076
shor,8,0.1971816864705637
shor,8,0.2019618652738477
shor,8,0.13056592443164602
shor,8,0.11534981397859995
shor,8,0.13056592443164602
shor,8,0.23769162818115502
shor,8,0.11316194462461103
shor,8,0.2019618652738477
shor,8,0.22528124552802634
shor,8,0.21258203194492858
shor,8,0.2019618652738477
shor,8,0.23769162818115502
shor,8,0.12735372484220683
shor,8,0.13258900115909222
shor,8,0.1087615079263631
shor,8,0.16815406983140835
shor,8,0.11316194462461103
shor,8,0.18886317506635408
shor,8,0.19847015644758076
shor,8,0.0610658389598829
shor,8,0.13056592443164602
shor,8,0.2499164052354837
qec,8,0.14124792530756078
qec,8,0.14124792530756078
qec,8,0.15878633391310773
qec,8,0.14124792530756078
qec,8,0.14124792530756078
qec,8,0.14124792530756078
qec,8,0.10806135135296366
qec,8,0.10806135135296366
qec,8,0.15878633391310773
qec,8,0.0743365233217245
qec,8,0.0743365233217245
qec,8,0.1506440196021209
qec,8,0.14124792530756078
qec,8,0.14124792530756078
qec,8,0.10806135135296366
qec,8,0.15878633391310773
qec,8,0.0743365233217245
qec,8,0.22785907636314426
qec,8,0.14124792530756078
qec,8,0.14124792530756078
qec,8,0.0743365233217245
qec,8,0.22785907636314426
qec,8,0.22785907636314426
qec,8,0.1506440196021209
qec,8,0.22785907636314426
qec,8,0.10806135135296366
qec,8,0.14124792530756078
qec,8,0.10806135135296366
qec,8,0.14124792530756078
qec,8,0.14124792530756078
qec,8,0.14124792530756078
qec,8,0.22785907636314426
qec,8,0.14124792530756078
qec,8,0.10806135135296366
qec,8,0.14124792530756078
qec,8,0.10806135135296366
qec,8,0.1506440196021209
qec,8,0.22785907636314426
qec,8,0.10806135135296366
qec,8,0.15878633391310773
qec,8,0.0743365233217245
qec,8,0.1506440196021209
qec,8,0.0743365233217245
qec,8,0.1506440196021209
qec,8,0.10806135135296366
qec,8,0.1506440196021209
qec,8,0.22785907636314426
qec,8,0.10806135135296366
qec,8,0.0743365233217245
qec,8,0.14124792530756078
qec,8,0.14124792530756078
qec,8,0.15878633391310773
qec,8,0.0743365233217245
qec,8,0.15878633391310773
qec,8,0.14124792530756078
qec,8,0.0743365233217245
qec,8,0.14124792530756078
qec,8,0.14124792530756078
qec,8,0.0743365233217245
qec,8,0.15878633391310773
qec,8,0.22785907636314426
qec,8,0.22785907636314426
qec,8,0.15878633391310773
qec,8,0.15878633391310773
qec,8,0.22785907636314426
qec,8,0.14124792530756078
qec,8,0.10806135135296366
qec,8,0.10806135135296366
qec,8,0.14124792530756078
qec,8,0.14124792530756078
qec,8,0.10806135135296366
qec,8,0.0743365233217245
qec,8,0.22785907636314426
qec,8,0.22785907636314426
qec,8,0.22785907636314426
qec,8,0.10806135135296366
qec,8,0.22785907636314426
qec,8,0.14124792530756078
qec,8,0.22785907636314426
qec,8,0.10806135135296366
qec,8,0.14124792530756078
qec,8,0.10806135135296366
qec,8,0.15878633391310773
qec,8,0.10806135135296366
qec,8,0.10806135135296366
qec,8,0.0743365233217245
qec,8,0.0743365233217245
qec,8,0.14124792530756078
qec,8,0.14124792530756078
qec,8,0.1506440196021209
qec,8,0.0743365233217245
qec,8,0.14124792530756078
qec,8,0.1506440196021209
qec,8,0.22785907636314426
qec,8,0.14124792530756078
qec,8,0.0743365233217245
qec,8,0.22785907636314426
qec,8,0.10806135135296366
qec,8,0.14124792530756078
qec,8,0.10806135135296366
qec,8,0.10806135135296366
qec,8,0.10806135135296366
qec,8,0.22785907636314426
qec,8,0.1506440196021209
qec,8,0.22785907636314426
qec,8,0.10806135135296366
qec,8,0.0743365233217245
qec,8,0.14124792530756078
qec,8,0.14124792530756078
qec,8,0.14124792530756078
qec,8,0.0743365233217245
qec,8,0.10806135135296366
qec,8,0.1506440196021209
qec,8,0.22785907636314426
qec,8,0.15878633391310773
qec,8,0.14124792530756078
qec,8,0.14124792530756078
qec,8,0.10806135135296366
qec,8,0.1506440196021209
qec,8,0.14124792530756078
qec,8,0.14124792530756078
qec,8,0.14124792530756078
qec,8,0.22785907636314426
qec,8,0.15878633391310773
qec,8,0.14124792530756078
qec,8,0.15878633391310773
qec,8,0.10806135135296366
qec,8,0.22785907636314426
qec,8,0.1506440196021209
qec,8,0.10806135135296366
qec,8,0.14124792530756078
qec,8,0.14124792530756078
qec,8,0.0743365233217245
qec,8,0.15878633391310773
qec,8,0.10806135135296366
qec,8,0.22785907636314426
qec,8,0.14124792530756078
qec,8,0.15878633391310773
qec,8,0.10806135135296366
qec,8,0.10806135135296366
qec,8,0.14124792530756078
qec,8,0.0743365233217245
qec,8,0.15878633391310773
qec,8,0.22785907636314426
qec,8,0.0743365233217245
qec,8,0.14124792530756078
qec,8,0.14124792530756078
qec,8,0.15878633391310773
qec,8,0.14124792530756078
qec,8,0.10806135135296366
qec,8,0.10806135135296366
qec,8,0.14124792530756078
qec,8,0.14124792530756078
qec,8,0.0743365233217245
qec,8,0.14124792530756078
qec,8,0.15878633391310773
qec,8,0.0743365233217245
qec,8,0.22785907636314426
qec,8,0.1506440196021209
qec,8,0.1506440196021209
qec,8,0.1506440196021209
qec,8,0.10806135135296366
qec,8,0.15878633391310773
qec,8,0.10806135135296366
qec,8,0.15878633391310773
qec,8,0.14124792530756078
qec,8,0.0743365233217245
qec,8,0.14124792530756078
qec,8,0.1506440196021209
qec,8,0.15878633391310773
qec,8,0.14124792530756078
qec,8,0.14124792530756078
qec,8,0.10806135135296366
qec,8,0.10806135135296366
qec,8,0.10806135135296366
qec,8,0.15878633391310773
qec,8,0.15878633391310773
qec,8,0.14124792530756078
qec,8,0.22785907636314426
qec,8,0.10806135135296366
qec,8,0.10806135135296366
qec,8,0.15878633391310773
qec,8,0.15878633391310773
qec,8,0.22785907636314426
qec,8,0.1506440196021209
qec,8,0.14124792530756078
qec,8,0.15878633391310773
qec,8,0.14124792530756078
qec,8,0.10806135135296366
qec,8,0.15878633391310773
qec,8,0.14124792530756078
qec,8,0.0743365233217245
qec,8,0.0743365233217245
qec,8,0.10806135135296366
qec,8,0.15878633391310773
qec,8,0.0743365233217245
qec,8,0.14124792530756078
qec,8,0.1506440196021209
qec,8,0.0743365233217245
qec,8,0.14124792530756078
xeb,10,0.06977637946182104
xeb,10,0.16174065311898667
xeb,10,0.1970744313696139
xeb,10,0.13189547933344964
xeb,10,0.17915686974429523
xeb,10,0.17362298816383953
xeb,10,0.20873430598806986
xeb,10,0.1989922242753118
xeb,10,0.12046449697458948
xeb,10,0.20976072746790003
xeb,10,0.15758608120790893
xeb,10,0.2050709483085119
xeb,10,0.12046449697458948
xeb,10,0.17500351506328385
xeb,10,0.17362298816383953
xeb,10,0.1989922242753118
xeb,10,0.15758608120790893
xeb,10,0.19848973339181458
xeb,10,0.12105493957240794
xeb,10,0.19848973339181458
xeb,10,0.15704971191718364
xeb,10,0.17180222809961068
xeb,10,0.14100179707630758
xeb,10,0.15758608120790893
xeb,10,0.12564688531473325
xeb,10,0.17915686974429523
xeb,10,0.20668315126646447
xeb,10,0.07171227475390216
xeb,10,0.13993348181400525
xeb,10,0.17362298816383953
xeb,10,0.20976072746790003
xeb,10,0.12105493957240794
xeb,10,0.16456335629134283
xeb,10,0.15758608120790893
xeb,10,0.13752725598132798
xeb,10,0.19848973339181458
xeb,10,0.12046449697458948
xeb,10,0.1306213912067318
xeb,10,0.14007117637119665
xeb,10,0.13752725598132798
xeb,10,0.16796486131572919
xeb,10,0.05626194483932518
xeb,10,0.20976072746790003
xeb,10,0.12046449697458948
xeb,10,0.20668315126646447
xeb,10,0.07171227475390216
xeb,10,0.14007117637119665
xeb,10,0.14100179707630758
xeb,10,0.1283770398817872
xeb,10,0.1306213912067318
xeb,10,0.2050709483085119
xeb,10,0.17180222809961068
xeb,10,0.20976072746790003
xeb,10,0.21899335332074132
xeb,10,0.15704971191718364
xeb,10,0.12572618339071892
xeb,10,0.24073434782102265
xeb,10,0.20976072746790003
xeb,10,0.1700674770455879
xeb,10,0.12572618339071892
xeb,10,0.19132252716853312
xeb,10,0.20770879813539966
xeb,10,0.07171227475390216
xeb,10,0.13189547933344964
xeb,10,0.24073434782102265
xeb,10,0.16174065311898667
xeb,10,0.17362298816383953
xeb,10,0.20976072746790003
xeb,10,0.12119043520536481
xeb,10,0.12119043520536481
xeb,10,0.2050709483085119
xeb,10,0.20873430598806986
xeb,10,0.16796486131572919
xeb,10,0.24073434782102265
xeb,10,0.1283770398817872
xeb,10,0.20976072746790003
xeb,10,0.1735189178431705
xeb,10,0.1306213912067318
xeb,10,0.06977637946182104
xeb,10,0.16174065311898667
xeb,10,0.1970744313696139
xeb,10,0.07171227475390216
xeb,10,0.13752725598132798
xeb,10,0.14100179707630758
xeb,10,0.0931990790374044
xeb,10,0.12046449697458948
xeb,10,0.20976072746790003
xeb,10,0.19132252716853312
xeb,10,0.13189547933344964
xeb,10,0.20770879813539966
xeb,10,0.1735189178431705
xeb,10,0.16456335629134283
xeb,10,0.14100179707630758
xeb,10,0.12046449697458948
xeb,10,0.20770879813539966
xeb,10,0.20668315126646447
xeb,10,0.13993348181400525
xeb,10,0.13752725598132798
xeb,10,0.11460572255141814
xeb,10,0.15704971191718364
xeb,10,0.1700674770455879
xeb,10,0.20770879813539966
xeb,10,0.12119043520536481
xeb,10,0.11460572255141814
xeb,10,0.21899335332074132
xeb,10,0.13660827815287133
xeb,10,0.12046449697458948
xeb,10,0.19450695978044566
xeb,10,0.13660827815287133
xeb,10,0.19132252716853312
xeb,10,0.15758608120790893
xeb,10,0.1306213912067318
xeb,10,0.14100179707630758
xeb,10,0.20627620591300225
xeb,10,0.20668315126646447
xeb,10,0.1989922242753118
xeb,10,0.13752725598132798
xeb,10,0.12105493957240794
xeb,10,0.1306213912067318
xeb,10,0.15704971191718364
xeb,10,0.1719585933436337
xeb,10,0.21899335332074132
xeb,10,0.20976072746790003
xeb,10,0.13660827815287133
xeb,10,0.20976072746790003
xeb,10,0.11499174745429552
xeb,10,0.17125383662873495
xeb,10,0.17500351506328385
xeb,10,0.17362298816383953
xeb,10,0.13660827815287133
xeb,10,0.21899335332074132
xeb,10,0.16796486131572919
xeb,10,0.2050709483085119
xeb,10,0.13752725598132798
xeb,10,0.20668315126646447
xeb,10,0.0931990790374044
xeb,10,0.14007117637119665
xeb,10,0.2050709483085119
xeb,10,0.20976072746790003
xeb,10,0.13752725598132798
xeb,10,0.10208711491633267
xeb,10,0.15758608120790893
xeb,10,0.20976072746790003
xeb,10,0.20668315126646447
xeb,10,0.19132252716853312
xeb,10,0.12046449697458948
xeb,10,0.20976072746790003
xeb,10,0.19450695978044566
xeb,10,0.13993348181400525
xeb,10,0.13523433208048125
xeb,10,0.19848973339181458
xeb,10,0.11460572255141814
xeb,10,0.19450695978044566
xeb,10,0.17500351506328385
xeb,10,0.19113870304137995
xeb,10,0.16174065311898667
xeb,10,0.1700674770455879
xeb,10,0.20668315126646447
xeb,10,0.20873430598806986
xeb,10,0.17915686974429523
xeb,10,0.15758608120790893
xeb,10,0.17362298816383953
xeb,10,0.20873430598806986
xeb,10,0.13752725598132798
xeb,10,0.12046449697458948
xeb,10,0.17180222809961068
xeb,10,0.1970744313696139
xeb,10,0.15758608120790893
xeb,10,0.19848973339181458
xeb,10,0.20668315126646447
xeb,10,0.19113870304137995
xeb,10,0.1306213912067318
xeb,10,0.13993348181400525
xeb,10,0.14100179707630758
xeb,10,0.20976072746790003
xeb,10,0.1970744313696139
xeb,10,0.1700674770455879
xeb,10,0.20627620591300225
xeb,10,0.20668315126646447
xeb,10,0.13752725598132798
xeb,10,0.16796486131572919
xeb,10,0.0931990790374044
xeb,10,0.24073434782102265
xeb,10,0.14317985534083907
xeb,10,0.1306213912067318
xeb,10,0.1970744313696139
xeb,10,0.06977637946182104
xeb,10,0.20627620591300225
xeb,10,0.20770879813539966
xeb,10,0.20627620591300225
xeb,10,0.1719585933436337
xeb,10,0.20976072746790003
xeb,10,0.10208711491633267
xeb,10,0.17180222809961068
xeb,10,0.17125383662873495
xeb,10,0.14317985534083907
xeb,10,0.20873430598806986
xeb,10,0.11499174745429552
xeb,10,0.17915686974429523
xeb,10,0.19450695978044566
qnn,10,0.09182744166247589
qnn,10,0.09182744166247589
qnn,10,0.08909662002259779
qnn,10,0.1832490964068875
qnn,10,0.08488257318556745
qnn,10,0.09182744166247589
qnn,10,0.1472128783864263
qnn,10,0.13699028349793965
qnn,10,0.05858636262602809
qnn,10,0.15581012304416328
qnn,10,0.13699028349793965
qnn,10,0.22332808294338632
qnn,10,0.15581899127037188
qnn,10,0.11640608196910165
qnn,10,0.23543773080344677
qnn,10,0.15581012304416328
qnn,10,0.12463927642744935
qnn,10,0.07400569832936219
qnn,10,0.11192608778113337
qnn,10,0.15307688607553235
qnn,10,0.19554270662877563
qnn,10,0.05858636262602809
qnn,10,0.1213396534515239
qnn,10,0.07400569832936219
qnn,10,0.22332808294338632
qnn,10,0.24543559450633268
qnn,10,0.2031462383873201
qnn,10,0.10862783663074625
qnn,10,0.13699028349793965
qnn,10,0.1832490964068875
qnn,10,0.23843349298636848
qnn,10,0.19827672462834847
qnn,10,0.05858636262602809
qnn,10,0.12876405094212665
qnn,10,0.15581012304416328
qnn,10,0.1472128783864263
qnn,10,0.11525096100925208
qnn,10,0.12876405094212665
qnn,10,0.07954865075650992
qnn,10,0.13226788075479615
qnn,10,0.1472128783864263
qnn,10,0.19827672462834847
qnn,10,0.1472128783864263
qnn,10,0.13226788075479615
qnn,10,0.10452706185665625
qnn,10,0.12876405094212665
qnn,10,0.23843349298636848
qnn,10,0.22332808294338632
qnn,10,0.15581899127037188
qnn,10,0.1022233619986716
qnn,10,0.1776888423400011
qnn,10,0.11378235634222043
qnn,10,0.11640608196910165
qnn,10,0.1472128783864263
qnn,10,0.07954865075650992
qnn,10,0.11378235634222043
qnn,10,0.23843349298636848
qnn,10,0.11074779389470832
qnn,10,0.11525096100925208
qnn,10,0.1213396534515239
qnn,10,0.08909662002259779
qnn,10,0.08909662002259779
qnn,10,0.24543559450633268
qnn,10,0.24543559450633268
qnn,10,0.19144473946944798
qnn,10,0.07400569832936219
qnn,10,0.05858636262602809
qnn,10,0.19554270662877563
qnn,10,0.19144473946944798
qnn,10,0.2155628181935577
qnn,10,0.15307688607553235
qnn,10,0.11074779389470832
qnn,10,0.20356370954111133
qnn,10,0.20356370954111133
qnn,10,0.10016881063655056
qnn,10,0.23543773080344677
qnn,10,0.21901602743722634
qnn,10,0.15581899127037188
qnn,10,0.11640608196910165
qnn,10,0.11525096100925208
qnn,10,0.23742865786707842
qnn,10,0.11085717636223279
qnn,10,0.19554270662877563
qnn,10,0.15231782884856832
qnn,10,0.13699028349793965
qnn,10,0.13540336215138515
qnn,10,0.1022233619986716
qnn,10,0.1353437427191732
qnn,10,0.2610182705984762
qnn,10,0.2031462383873201
qnn,10,0.15581899127037188
qnn,10,0.19827672462834847
qnn,10,0.11525096100925208
qnn,10,0.11074779389470832
qnn,10,0.1400029302550633
qnn,10,0.11640608196910165
qnn,10,0.1353437427191732
qnn,10,0.11640608196910165
qnn,10,0.1400029302550633
qnn,10,0.12181914706863692
qnn,10,0.10016881063655056
qnn,10,0.23543773080344677
qnn,10,0.1400029302550633
qnn,10,0.23843349298636848
qnn,10,0.23843349298636848
qnn,10,0.11660049143604177
qnn,10,0.10862783663074625
qnn,10,0.12463927642744935
qnn,10,0.22332808294338632
qnn,10,0.15581899127037188
qnn,10,0.1213396534515239
qnn,10,0.1022233619986716
qnn,10,0.11378235634222043
qnn,10,0.11378235634222043
qnn,10,0.16253490670393045
qnn,10,0.23843349298636848
qnn,10,0.15581012304416328
qnn,10,0.1400029302550633
qnn,10,0.1472128783864263
qnn,10,0.2610182705984762
qnn,10,0.1832490964068875
qnn,10,0.08232453024791955
qnn,10,0.16253490670393045
qnn,10,0.05858636262602809
qnn,10,0.13226788075479615
qnn,10,0.1776888423400011
qnn,10,0.1776888423400011
qnn,10,0.23843349298636848
qnn,10,0.07400569832936219
qnn,10,0.1213396534515239
qnn,10,0.24543559450633268
qnn,10,0.11378235634222043
qnn,10,0.20141870898699626
qnn,10,0.11085717636223279
qnn,10,0.2031462383873201
qnn,10,0.10016881063655056
qnn,10,0.16253490670393045
qnn,10,0.15231782884856832
qnn,10,0.11192608778113337
qnn,10,0.22903584984651087
qnn,10,0.2031462383873201
qnn,10,0.11074779389470832
qnn,10,0.19554270662877563
qnn,10,0.11660049143604177
qnn,10,0.2031462383873201
qnn,10,0.2610182705984762
qnn,10,0.13540336215138515
qnn,10,0.09182744166247589
qnn,10,0.12181914706863692
qnn,10,0.2155628181935577
qnn,10,0.20141870898699626
qnn,10,0.10016881063655056
qnn,10,0.15231782884856832
qnn,10,0.2610182705984762
qnn,10,0.11085717636223279
qnn,10,0.12876405094212665
qnn,10,0.23843349298636848
qnn,10,0.11525096100925208
qnn,10,0.2610182705984762
qnn,10,0.11085717636223279
qnn,10,0.19554270662877563
qnn,10,0.11074779389470832
qnn,10,0.14729095259063063
qnn,10,0.08488257318556745
qnn,10,0.12181914706863692
qnn,10,0.15581012304416328
qnn,10,0.11192608778113337
qnn,10,0.09182744166247589
qnn,10,0.19554270662877563
qnn,10,0.1022233619986716
qnn,10,0.11640608196910165
qnn,10,0.12181914706863692
qnn,10,0.1353437427191732
qnn,10,0.11074779389470832
qnn,10,0.1832490964068875
qnn,10,0.13699028349793965
qnn,10,0.19144473946944798
qnn,10,0.07954865075650992
qnn,10,0.11525096100925208
qnn,10,0.11192608778113337
qnn,10,0.1213396534515239
qnn,10,0.1008804307387435
qnn,10,0.13699028349793965
qnn,10,0.10452706185665625
qnn,10,0.10452706185665625
qnn,10,0.07400569832936219
qnn,10,0.12463927642744935
qnn,10,0.15581012304416328
qnn,10,0.14729095259063063
qnn,10,0.22332808294338632
qnn,10,0.08232453024791955
qnn,10,0.2031462383873201
qnn,10,0.13226788075479615
qnn,10,0.11074779389470832
qnn,10,0.22903584984651087
qnn,10,0.13540336215138515
qnn,10,0.08232453024791955
qnn,10,0.12463927642744935
qnn,10,0.13540336215138515
qnn,10,0.24543559450633268
shor,10,0.2411607924910946
shor,10,0.1829780558776688
shor,10,0.25998434165995044
shor,10,0.21135777806316625
shor,10,0.2686537842772452
shor,10,0.22331357993137976
shor,10,0.28241219515974997
shor,10,0.20151271151837807
shor,10,0.06993582830540176
shor,10,0.21460195554566402
shor,10,0.29990850197960145
shor,10,0.22331357993137982
shor,10,0.22384047115708053
shor,10,0.19473410357056162
shor,10,0.31385701049833703
shor,10,0.3464956906883421
shor,10,0.21460195554566402
shor,10,0.19473410357056162
shor,10,0.2085943789409445
shor,10,0.25093202237230106
shor,10,0.2686537842772452
shor,10,0.21460195554566402
shor,10,0.3105300637158263
shor,10,0.2569974564093209
shor,10,0.16959341887837845
shor,10,0.21724945090565728
shor,10,0.21074455442378892
shor,10,0.22331357993137976
shor,10,0.19807329022177214
shor,10,0.27467855626421467
shor,10,0.2686537842772452
shor,10,0.19807329022177214
shor,10,0.22331357993137982
shor,10,0.20151271151837807
shor,10,0.3489276696900051
shor,10,0.3489276696900051
shor,10,0.21135777806316625
shor,10,0.3351044102982541
shor,10,0.21845198297682383
shor,10,0.3351044102982541
shor,10,0.22331357993137982
shor,10,0.25998434165995044
shor,10,0.1829780558776688
shor,10,0.21845198297682383
shor,10,0.19807329022177214
shor,10,0.27467855626421467
shor,10,0.3464956906883421
shor,10,0.3464956906883421
shor,10,0.21207196880242948
shor,10,0.25998434165995044
shor,10,0.23746928512299745
shor,10,0.28241219515974997
shor,10,0.2538161302849322
shor,10,0.21724945090565728
shor,10,0.17143191294826632
shor,10,0.21135777806316625
shor,10,0.18724742996116417
shor,10,0.21207196880242948
shor,10,0.16959341887837845
shor,10,0.22331357993137982
shor,10,0.21207196880242948
shor,10,0.28241219515974997
shor,10,0.21460195554566402
shor,10,0.20151271151837807
shor,10,0.25093202237230106
shor,10,0.3486780310575555
shor,10,0.3464956906883421
shor,10,0.1829780558776688
shor,10,0.1829780558776688
shor,10,0.16959341887837845
shor,10,0.3464956906883421
shor,10,0.25093202237230106
shor,10,0.17143191294826632
shor,10,0.14647222487774952
shor,10,0.25998434165995044
shor,10,0.21207196880242948
shor,10,0.1829780558776688
shor,10,0.14220070802714335
shor,10,0.22331357993137976
shor,10,0.05284412783092068
shor,10,0.20151271151837807
shor,10,0.21135777806316625
shor,10,0.3351044102982541
shor,10,0.22331357993137976
shor,10,0.2411607924910946
shor,10,0.21724945090565728
shor,10,0.14647222487774952
shor,10,0.18724742996116417
shor,10,0.22331357993137982
shor,10,0.17143191294826632
shor,10,0.3105300637158263
shor,10,0.21207196880242948
shor,10,0.3489276696900051
shor,10,0.25998434165995044
shor,10,0.16959341887837845
shor,10,0.3489276696900051
shor,10,0.19473410357056162
shor,10,0.20151271151837807
shor,10,0.21845198297682383
shor,10,0.19473410357056162
shor,10,0.3351044102982541
shor,10,0.19473410357056162
shor,10,0.22331357993137982
shor,10,0.21845198297682383
shor,10,0.21207196880242948
shor,10,0.2538161302849322
shor,10,0.19807329022177214
shor,10,0.3486780310575555
shor,10,0.27467855626421467
shor,10,0.14647222487774952
shor,10,0.18724742996116417
shor,10,0.21074455442378892
shor,10,0.3351044102982541
shor,10,0.14647222487774952
shor,10,0.22384047115708053
shor,10,0.19807329022177214
shor,10,0.3489276696900051
shor,10,0.2411607924910946
shor,10,0.2411607924910946
shor,10,0.31385701049833703
shor,10,0.21460195554566402
shor,10,0.20151271151837807
shor,10,0.17143191294826632
shor,10,0.2085943789409445
shor,10,0.14647222487774952
shor,10,0.16959341887837845
shor,10,0.28241219515974997
shor,10,0.22331357993137976
shor,10,0.2411607924910946
shor,10,0.25093202237230106
shor,10,0.27467855626421467
shor,10,0.3486780310575555
shor,10,0.14647222487774952
shor,10,0.17143191294826632
shor,10,0.22331357993137976
shor,10,0.3486780310575555
shor,10,0.21724945090565728
shor,10,0.22331357993137982
shor,10,0.21135777806316625
shor,10,0.2686537842772452
shor,10,0.14647222487774952
shor,10,0.14220070802714335
shor,10,0.22384047115708053
shor,10,0.21135777806316625
shor,10,0.17143191294826632
shor,10,0.25093202237230106
shor,10,0.23746928512299745
shor,10,0.19473410357056162
shor,10,0.21207196880242948
shor,10,0.22331357993137982
shor,10,0.3351044102982541
shor,10,0.20151271151837807
shor,10,0.25998434165995044
shor,10,0.29990850197960145
shor,10,0.2411607924910946
shor,10,0.22331357993137976
shor,10,0.2538161302849322
shor,10,0.3464956906883421
shor,10,0.14220070802714335
shor,10,0.3105300637158263
shor,10,0.19807329022177214
shor,10,0.28241219515974997
shor,10,0.23746928512299745
shor,10,0.2085943789409445
shor,10,0.2085943789409445
shor,10,0.25093202237230106
shor,10,0.1829780558776688
shor,10,0.2538161302849322
shor,10,0.17143191294826632
shor,10,0.31385701049833703
shor,10,0.21074455442378892
shor,10,0.21074455442378892
shor,10,0.20151271151837807
shor,10,0.21724945090565728
shor,10,0.21135777806316625
shor,10,0.27467855626421467
shor,10,0.31385701049833703
shor,10,0.27467855626421467
shor,10,0.2411607924910946
shor,10,0.29990850197960145
shor,10,0.3464956906883421
shor,10,0.14647222487774952
shor,10,0.22384047115708053
shor,10,0.3464956906883421
shor,10,0.06993582830540176
shor,10,0.3105300637158263
shor,10,0.1829780558776688
shor,10,0.21845198297682383
shor,10,0.23746928512299745
shor,10,0.22384047115708053
shor,10,0.05284412783092068
shor,10,0.23746928512299745
shor,10,0.31385701049833703
shor,10,0.27467855626421467
shor,10,0.21724945090565728
shor,10,0.31385701049833703
shor,10,0.17143191294826632
shor,10,0.22331357993137982
shor,10,0.06993582830540176
shor,10,0.17143191294826632
qec,10,0.23052356768793902
qec,10,0.18693963483980072
qec,10,0.18693963483980072
qec,10,0.18693963483980072
qec,10,0.18710405287710888
qec,10,0.17770143408542305
qec,10,0.23052356768793902
qec,10,0.17770143408542305
qec,10,0.23052356768793902
qec,10,0.11463304938759555
qec,10,0.18693963483980072
qec,10,0.18710405287710888
qec,10,0.11363785430203797
qec,10,0.18693963483980072
qec,10,0.18710405287710888
qec,10,0.18693963483980072
qec,10,0.18710405287710888
qec,10,0.11463304938759555
qec,10,0.18710405287710888
qec,10,0.18710405287710888
qec,10,0.11363785430203797
qec,10,0.18693963483980072
qec,10,0.17770143408542305
qec,10,0.18710405287710888
qec,10,0.18710405287710888
qec,10,0.11463304938759555
qec,10,0.11463304938759555
qec,10,0.23052356768793902
qec,10,0.18693963483980072
qec,10,0.11463304938759555
qec,10,0.23052356768793902
qec,10,0.18710405287710888
qec,10,0.11363785430203797
qec,10,0.18693963483980072
qec,10,0.18710405287710888
qec,10,0.18693963483980072
qec,10,0.23052356768793902
qec,10,0.11363785430203797
qec,10,0.11463304938759555
qec,10,0.11463304938759555
qec,10,0.18693963483980072
qec,10,0.18693963483980072
qec,10,0.11363785430203797
qec,10,0.18710405287710888
qec,10,0.11463304938759555
qec,10,0.11363785430203797
qec,10,0.11363785430203797
qec,10,0.18710405287710888
qec,10,0.11463304938759555
qec,10,0.18710405287710888
qec,10,0.23052356768793902
qec,10,0.18710405287710888
qec,10,0.17770143408542305
qec,10,0.18693963483980072
qec,10,0.18710405287710888
qec,10,0.17770143408542305
qec,10,0.18693963483980072
qec,10,0.17770143408542305
qec,10,0.17770143408542305
qec,10,0.11463304938759555
qec,10,0.11463304938759555
qec,10,0.17770143408542305
qec,10,0.23052356768793902
qec,10,0.11463304938759555
qec,10,0.11363785430203797
qec,10,0.23052356768793902
qec,10,0.11463304938759555
qec,10,0.18710405287710888
qec,10,0.18710405287710888
qec,10,0.17770143408542305
qec,10,0.23052356768793902
qec,10,0.18710405287710888
qec,10,0.18710405287710888
qec,10,0.11363785430203797
qec,10,0.11463304938759555
qec,10,0.18693963483980072
qec,10,0.17770143408542305
qec,10,0.11463304938759555
qec,10,0.23052356768793902
qec,10,0.18710405287710888
qec,10,0.18710405287710888
qec,10,0.18710405287710888
qec,10,0.23052356768793902
qec,10,0.11463304938759555
qec,10,0.18693963483980072
qec,10,0.17770143408542305
qec,10,0.11463304938759555
qec,10,0.23052356768793902
qec,10,0.11463304938759555
qec,10,0.23052356768793902
qec,10,0.11363785430203797
qec,10,0.18710405287710888
qec,10,0.11463304938759555
qec,10,0.11463304938759555
qec,10,0.18710405287710888
qec,10,0.17770143408542305
qec,10,0.11463304938759555
qec,10,0.18710405287710888
qec,10,0.11363785430203797
qec,10,0.18710405287710888
qec,10,0.11463304938759555
qec,10,0.11463304938759555
qec,10,0.11363785430203797
qec,10,0.18693963483980072
qec,10,0.23052356768793902
qec,10,0.23052356768793902
qec,10,0.11463304938759555
qec,10,0.18710405287710888
qec,10,0.17770143408542305
qec,10,0.18710405287710888
qec,10,0.11463304938759555
qec,10,0.18710405287710888
qec,10,0.23052356768793902
qec,10,0.23052356768793902
qec,10,0.18693963483980072
qec,10,0.18693963483980072
qec,10,0.11363785430203797
qec,10,0.18710405287710888
qec,10,0.17770143408542305
qec,10,0.17770143408542305
qec,10,0.11363785430203797
qec,10,0.11463304938759555
qec,10,0.18710405287710888
qec,10,0.17770143408542305
qec,10,0.11363785430203797
qec,10,0.23052356768793902
qec,10,0.17770143408542305
qec,10,0.18710405287710888
qec,10,0.23052356768793902
qec,10,0.23052356768793902
qec,10,0.23052356768793902
qec,10,0.11363785430203797
qec,10,0.18710405287710888
qec,10,0.23052356768793902
qec,10,0.18693963483980072
qec,10,0.18693963483980072
qec,10,0.11463304938759555
qec,10,0.18710405287710888
qec,10,0.18710405287710888
qec,10,0.11463304938759555
qec,10,0.11463304938759555
qec,10,0.17770143408542305
qec,10,0.11463304938759555
qec,10,0.18710405287710888
qec,10,0.17770143408542305
qec,10,0.23052356768793902
qec,10,0.18693963483980072
qec,10,0.18710405287710888
qec,10,0.11363785430203797
qec,10,0.18710405287710888
qec,10,0.23052356768793902
qec,10,0.18710405287710888
qec,10,0.23052356768793902
qec,10,0.18693963483980072
qec,10,0.17770143408542305
qec,10,0.11363785430203797
qec,10,0.11463304938759555
qec,10,0.23052356768793902
qec,10,0.17770143408542305
qec,10,0.18710405287710888
qec,10,0.18710405287710888
qec,10,0.23052356768793902
qec,10,0.23052356768793902
qec,10,0.18693963483980072
qec,10,0.18693963483980072
qec,10,0.11463304938759555
qec,10,0.18693963483980072
qec,10,0.18693963483980072
qec,10,0.23052356768793902
qec,10,0.18710405287710888
qec,10,0.11363785430203797
qec,10,0.11463304938759555
qec,10,0.18710405287710888
qec,10,0.11363785430203797
qec,10,0.18710405287710888
qec,10,0.17770143408542305
qec,10,0.11363785430203797
qec,10,0.23052356768793902
qec,10,0.11463304938759555
qec,10,0.11463304938759555
qec,10,0.18710405287710888
qec,10,0.18710405287710888
qec,10,0.11363785430203797
qec,10,0.23052356768793902
qec,10,0.11363785430203797
qec,10,0.17770143408542305
qec,10,0.18710405287710888
qec,10,0.11363785430203797
qec,10,0.23052356768793902
qec,10,0.18693963483980072
qec,10,0.18710405287710888
qec,10,0.11363785430203797
qec,10,0.18693963483980072
qec,10,0.18710405287710888
qec,10,0.11463304938759555
qec,10,0.23052356768793902
qec,10,0.18710405287710888
qec,10,0.18710405287710888
qec,10,0.18693963483980072
qec,10,0.11363785430203797
xeb,12,0.18357078583863584
xeb,12,0.21871074867764145
xeb,12,0.2343756908260792
xeb,12,0.16245823473858256
xeb,12,0.16245823473858256
xeb,12,0.1664300882628594
xeb,12,0.10491262520210437
xeb,12,0.2547136564674025
xeb,12,0.16245823473858256
xeb,12,0.20187010722200596
xeb,12,0.1664300882628594
xeb,12,0.16939006429893386
xeb,12,0.10521321314721656
xeb,12,0.23246495116832844
xeb,12,0.20187010722200596
xeb,12,0.19685265957453196
xeb,12,0.14003958447801504
xeb,12,0.13930628048178295
xeb,12,0.2549506207239498
xeb,12,0.2547136564674025
xeb,12,0.21514552851603677
xeb,12,0.2149071849713053
xeb,12,0.19731635744237666
xeb,12,0.20187010722200596
xeb,12,0.19685265957453196
xeb,12,0.21514552851603677
xeb,12,0.14003958447801504
xeb,12,0.21837363475702784
xeb,12,0.21871074867764145
xeb,12,0.14493135008419253
xeb,12,0.16939006429893386
xeb,12,0.245292954377193
xeb,12,0.2343756908260792
xeb,12,0.20187010722200596
xeb,12,0.20209181061780276
xeb,12,0.1068890140789036
xeb,12,0.20187010722200596
xeb,12,0.21514552851603677
xeb,12,0.14958104415959939
xeb,12,0.16487808270176704
xeb,12,0.18041161112196122
xeb,12,0.2547136564674025
xeb,12,0.16939006429893386
xeb,12,0.10491262520210437
xeb,12,0.14003958447801504
xeb,12,0.1664300882628594
xeb,12,0.2810372430053545
xeb,12,0.19847568030432128
xeb,12,0.21871074867764145
xeb,12,0.11081051506325117
xeb,12,0.21871074867764145
xeb,12,0.16487808270176704
xeb,12,0.14958104415959939
xeb,12,0.16245823473858256
xeb,12,0.14003958447801504
xeb,12,0.1664300882628594
xeb,12,0.23013508301510457
xeb,12,0.2547136564674025
xeb,12,0.2149071849713053
xeb,12,0.20187010722200596
xeb,12,0.17986190672575275
xeb,12,0.20209181061780276
xeb,12,0.16939006429893386
xeb,12,0.1664300882628594
xeb,12,0.2028779663157642
xeb,12,0.11081051506325117
xeb,12,0.16939006429893386
xeb,12,0.245292954377193
xeb,12,0.21514552851603677
xeb,12,0.14493135008419253
xeb,12,0.191172354702478
xeb,12,0.20187010722200596
xeb,12,0.21837363475702784
xeb,12,0.19847568030432128
xeb,12,0.2810372430053545
xeb,12,0.19847568030432128
xeb,12,0.20187010722200596
xeb,12,0.18357078583863584
xeb,12,0.16481519579681303
xeb,12,0.20209181061780276
xeb,12,0.21085951395529692
xeb,12,0.17814229357095815
xeb,12,0.21712176565099725
xeb,12,0.23246495116832844
xeb,12,0.23013508301510457
xeb,12,0.2149071849713053
xeb,12,0.16487808270176704
xeb,12,0.13930628048178295
xeb,12,0.19847568030432128
xeb,12,0.1664300882628594
xeb,12,0.20227804727834994
xeb,12,0.17814229357095815
xeb,12,0.19685265957453196
xeb,12,0.1664300882628594
xeb,12,0.11103389952419579
xeb,12,0.20187010722200596
xeb,12,0.20209181061780276
xeb,12,0.18357078583863584
xeb,12,0.16481519579681303
xeb,12,0.2549506207239498
xeb,12,0.2549506207239498
xeb,12,0.13930628048178295
xeb,12,0.16481519579681303
xeb,12,0.2028779663157642
xeb,12,0.20227804727834994
xeb,12,0.11103389952419579
xeb,12,0.14958104415959939
xeb,12,0.2810372430053545
xeb,12,0.21712176565099725
xeb,12,0.21712176565099725
xeb,12,0.21837363475702784
xeb,12,0.10491262520210437
xeb,12,0.16487808270176704
xeb,12,0.19685265957453196
xeb,12,0.13930628048178295
xeb,12,0.18279166665422394
xeb,12,0.191172354702478
xeb,12,0.2581751271945182
xeb,12,0.2547136564674025
xeb,12,0.14003958447801504
xeb,12,0.30516784926824
xeb,12,0.20187010722200596
xeb,12,0.30516784926824
xeb,12,0.2810372430053545
xeb,12,0.19847568030432128
xeb,12,0.20187010722200596
xeb,12,0.2290096086843257
xeb,12,0.21514552851603677
xeb,12,0.17677520287606527
xeb,12,0.19731635744237666
xeb,12,0.20474466100075697
xeb,12,0.10521321314721656
xeb,12,0.16939006429893386
xeb,12,0.16487808270176704
xeb,12,0.10521321314721656
xeb,12,0.23013508301510457
xeb,12,0.2028779663157642
xeb,12,0.2581751271945182
xeb,12,0.14003958447801504
xeb,12,0.21514552851603677
xeb,12,0.20209181061780276
xeb,12,0.15701571693398375
xeb,12,0.21514552851603677
xeb,12,0.2810372430053545
xeb,12,0.18983759585598545
xeb,12,0.17814229357095815
xeb,12,0.11103389952419579
xeb,12,0.10521321314721656
xeb,12,0.18041161112196122
xeb,12,0.2410992629131221
xeb,12,0.16245823473858256
xeb,12,0.14493135008419253
xeb,12,0.23246495116832844
xeb,12,0.21514552851603677
xeb,12,0.2735953672237159
xeb,12,0.2735953672237159
xeb,12,0.2410992629131221
xeb,12,0.245292954377193
xeb,12,0.2735953672237159
xeb,12,0.2547136564674025
xeb,12,0.15701571693398375
xeb,12,0.15701571693398375
xeb,12,0.15701571693398375
xeb,12,0.23013508301510457
xeb,12,0.14493135008419253
xeb,12,0.2581751271945182
xeb,12,0.18041161112196122
xeb,12,0.17814229357095815
xeb,12,0.19685265957453196
xeb,12,0.19847568030432128
xeb,12,0.21514552851603677
xeb,12,0.2028779663157642
xeb,12,0.20474466100075697
xeb,12,0.18357078583863584
xeb,12,0.20187010722200596
xeb,12,0.2547136564674025
xeb,12,0.2581751271945182
xeb,12,0.2735953672237159
xeb,12,0.13930628048178295
xeb,12,0.2410992629131221
xeb,12,0.10521321314721656
xeb,12,0.13862660490609197
xeb,12,0.1068890140789036
xeb,12,0.191172354702478
xeb,12,0.2028779663157642
xeb,12,0.19847568030432128
xeb,12,0.20227804727834994
xeb,12,0.14958104415959939
xeb,12,0.11081051506325117
xeb,12,0.23013508301510457
xeb,12,0.245292954377193
xeb,12,0.2343756908260792
xeb,12,0.11081051506325117
xeb,12,0.23246495116832844
xeb,12,0.16487808270176704
xeb,12,0.11103389952419579
xeb,12,0.2290096086843257
xeb,12,0.2028779663157642
xeb,12,0.18041161112196122
xeb,12,0.18279166665422394
qnn,12,0.10718446728513792
qnn,12,0.10718446728513792
qnn,12,0.1521120202894612
qnn,12,0.12410259459480837
qnn,12,0.15412159115218166
qnn,12,0.17460038387136959
qnn,12,0.22919768820813521
qnn,12,0.15457595121096482
qnn,12,0.08092115738329508
qnn,12,0.11947802277403777
qnn,12,0.1568667837841723
qnn,12,0.12202313280511762
qnn,12,0.15601352351314607
qnn,12,0.08827707180566106
qnn,12,0.14347722039176147
qnn,12,0.20102102983365452
qnn,12,0.1753651112801032
qnn,12,0.14670380190014368
qnn,12,0.08092115738329508
qnn,12,0.23136994227191826
qnn,12,0.15601352351314607
qnn,12,0.27672096815248004
qnn,12,0.2018318729784915
qnn,12,0.14012236759913513
qnn,12,0.15891863699891698
qnn,12,0.11947802277403777
qnn,12,0.14348705941536383
qnn,12,0.18011169021174964
qnn,12,0.1663821353968433
qnn,12,0.15422191184143777
qnn,12,0.11995435711836594
qnn,12,0.17714126590874452
qnn,12,0.15729141662787047
qnn,12,0.22919768820813521
qnn,12,0.1598347603447176
qnn,12,0.2018318729784915
qnn,12,0.23136994227191826
qnn,12,0.13324882522506185
qnn,12,0.18011169021174964
qnn,12,0.2337916776645205
qnn,12,0.1663821353968433
qnn,12,0.23124673789615277
qnn,12,0.2310872154831394
qnn,12,0.2310872154831394
qnn,12,0.13324882522506185
qnn,12,0.20859713091668777
qnn,12,0.15601352351314607
qnn,12,0.1598347603447176
qnn,12,0.2080536650973248
qnn,12,0.1598347603447176
qnn,12,0.21541493999158626
qnn,12,0.15729141662787047
qnn,12,0.08092115738329508
qnn,12,0.11038021563179554
qnn,12,0.12202313280511762
qnn,12,0.17714126590874452
qnn,12,0.2080536650973248
qnn,12,0.15469766131646764
qnn,12,0.11995435711836594
qnn,12,0.27672096815248004
qnn,12,0.1568667837841723
qnn,12,0.2310872154831394
qnn,12,0.2310872154831394
qnn,12,0.2080536650973248
qnn,12,0.1598347603447176
qnn,12,0.22919768820813521
qnn,12,0.18011169021174964
qnn,12,0.22919768820813521
qnn,12,0.15891863699891698
qnn,12,0.23124673789615277
qnn,12,0.2221692254432741
qnn,12,0.2337916776645205
qnn,12,0.17460038387136959
qnn,12,0.14348705941536383
qnn,12,0.20859713091668777
qnn,12,0.27672096815248004
qnn,12,0.14348705941536383
qnn,12,0.23136994227191826
qnn,12,0.11132921821318924
qnn,12,0.11038021563179554
qnn,12,0.14670380190014368
qnn,12,0.14348705941536383
qnn,12,0.20859713091668777
qnn,12,0.1663821353968433
qnn,12,0.11132921821318924
qnn,12,0.23124673789615277
qnn,12,0.14347722039176147
qnn,12,0.12410259459480837
qnn,12,0.2080536650973248
qnn,12,0.15412159115218166
qnn,12,0.08092115738329508
qnn,12,0.2080536650973248
qnn,12,0.27672096815248004
qnn,12,0.08827707180566106
qnn,12,0.17714126590874452
qnn,12,0.23599851551111634
qnn,12,0.1663821353968433
qnn,12,0.2221692254432741
qnn,12,0.15601352351314607
qnn,12,0.1753651112801032
qnn,12,0.23124673789615277
qnn,12,0.12202313280511762
qnn,12,0.1598347603447176
qnn,12,0.11833237148670325
qnn,12,0.14348705941536383
qnn,12,0.21541493999158626
qnn,12,0.14670380190014368
qnn,12,0.17935875911297783
qnn,12,0.14347722039176147
qnn,12,0.1432210320104649
qnn,12,0.1663821353968433
qnn,12,0.2337916776645205
qnn,12,0.14347722039176147
qnn,12,0.11833237148670325
qnn,12,0.2221692254432741
qnn,12,0.2310872154831394
qnn,12,0.09674482708938859
qnn,12,0.091467657290695
qnn,12,0.15457595121096482
qnn,12,0.15469766131646764
qnn,12,0.20102102983365452
qnn,12,0.091467657290695
qnn,12,0.15422191184143777
qnn,12,0.13324882522506185
qnn,12,0.1432210320104649
qnn,12,0.15891863699891698
qnn,12,0.2337916776645205
qnn,12,0.15412159115218166
qnn,12,0.14348705941536383
qnn,12,0.1753651112801032
qnn,12,0.15729141662787047
qnn,12,0.23136994227191826
qnn,12,0.17935875911297783
qnn,12,0.23124673789615277
qnn,12,0.15601352351314607
qnn,12,0.11995435711836594
qnn,12,0.2310872154831394
qnn,12,0.1753651112801032
qnn,12,0.21541493999158626
qnn,12,0.23599851551111634
qnn,12,0.1521120202894612
qnn,12,0.08827707180566106
qnn,12,0.1396157074882372
qnn,12,0.1361224069330224
qnn,12,0.1396157074882372
qnn,12,0.17714126590874452
qnn,12,0.18057856123294672
qnn,12,0.15469766131646764
qnn,12,0.23599851551111634
qnn,12,0.12202313280511762
qnn,12,0.14347722039176147
qnn,12,0.1432210320104649
qnn,12,0.11132921821318924
qnn,12,0.2337916776645205
qnn,12,0.11132921821318924
qnn,12,0.2221692254432741
qnn,12,0.2018318729784915
qnn,12,0.1432210320104649
qnn,12,0.11947802277403777
qnn,12,0.15469766131646764
qnn,12,0.13324882522506185
qnn,12,0.2018318729784915
qnn,12,0.08827707180566106
qnn,12,0.08092115738329508
qnn,12,0.2080536650973248
qnn,12,0.11132921821318924
qnn,12,0.20859713091668777
qnn,12,0.15601352351314607
qnn,12,0.15469766131646764
qnn,12,0.091467657290695
qnn,12,0.14012236759913513
qnn,12,0.15891863699891698
qnn,12,0.21024786991089944
qnn,12,0.11833237148670325
qnn,12,0.17460038387136959
qnn,12,0.23124673789615277
qnn,12,0.21024786991089944
qnn,12,0.21024786991089944
qnn,12,0.15412159115218166
qnn,12,0.1521120202894612
qnn,12,0.26675933652192046
qnn,12,0.091467657290695
qnn,12,0.15412159115218166
qnn,12,0.23124673789615277
qnn,12,0.1432210320104649
qnn,12,0.2080536650973248
qnn,12,0.20102102983365452
qnn,12,0.1521120202894612
qnn,12,0.2080536650973248
qnn,12,0.15422191184143777
qnn,12,0.2310872154831394
qnn,12,0.15422191184143777
qnn,12,0.08092115738329508
qnn,12,0.17935875911297783
qnn,12,0.08092115738329508
qnn,12,0.2080536650973248
qnn,12,0.12202313280511762
qnn,12,0.09674482708938859
qnn,12,0.20102102983365452
qnn,12,0.15891863699891698
shor,12,0.3435954285997217
shor,12,0.26135389896321776
shor,12,0.3725007733077818
shor,12,0.24151071332692745
shor,12,0.24104476853753862
shor,12,0.24305638373186383
shor,12,0.24054542742781956
shor,12,0.30322553628946525
shor,12,0.24151071332692745
shor,12,0.19237890668536517
shor,12,0.3186066026884798
shor,12,0.24054542742781956
shor,12,0.10247979294570404
shor,12,0.30322553628946525
shor,12,0.25553850676626205
shor,12,0.26135389896321776
shor,12,0.16866917928963684
shor,12,0.35324683567292503
shor,12,0.26535086811276565
shor,12,0.24104476853753862
shor,12,0.24003370359518056
shor,12,0.3435954285997217
shor,12,0.30322553628946525
shor,12,0.23936620477509474
shor,12,0.16866917928963684
shor,12,0.27289020168734257
shor,12,0.29770283110883106
shor,12,0.23936620477509474
shor,12,0.33265969298180226
shor,12,0.27289020168734257
shor,12,0.30322553628946525
shor,12,0.3725007733077818
shor,12,0.35324683567292503
shor,12,0.33986659088161736
shor,12,0.26535086811276565
shor,12,0.23936620477509474
shor,12,0.25191303268486664
shor,12,0.30322553628946525
shor,12,0.19237890668536517
shor,12,0.24104476853753862
shor,12,0.24003370359518056
shor,12,0.24003370359518056
shor,12,0.19237890668536517
shor,12,0.35324683567292503
shor,12,0.33986659088161736
shor,12,0.24305638373186383
shor,12,0.33265969298180226
shor,12,0.19163517357685003
shor,12,0.3435954285997217
shor,12,0.24151071332692745
shor,12,0.3186066026884798
shor,12,0.25396002900553644
shor,12,0.24104476853753862
shor,12,0.16820829836043039
shor,12,0.24003370359518045
shor,12,0.32543625559187705
shor,12,0.24003370359518045
shor,12,0.26135389896321776
shor,12,0.29627922791195005
shor,12,0.35544203042568834
shor,12,0.32543625559187705
shor,12,0.26535086811276565
shor,12,0.33265969298180226
shor,12,0.24003370359518045
shor,12,0.24104476853753862
shor,12,0.19237890668536517
shor,12,0.35324683567292503
shor,12,0.26535086811276565
shor,12,0.27289020168734257
shor,12,0.24151071332692745
shor,12,0.23894140903651093
shor,12,0.11726550496899424
shor,12,0.3725007733077818
shor,12,0.18636852372783522
shor,12,0.26135389896321776
shor,12,0.25191303268486664
shor,12,0.24003370359518045
shor,12,0.3725007733077818
shor,12,0.29627922791195005
shor,12,0.10247979294570404
shor,12,0.3435954285997217
shor,12,0.23894140903651093
shor,12,0.29770283110883106
shor,12,0.24305638373186383
shor,12,0.3186066026884798
shor,12,0.27289020168734257
shor,12,0.3186066026884798
shor,12,0.19163517357685003
shor,12,0.32543625559187705
shor,12,0.29627922791195005
shor,12,0.35544203042568834
shor,12,0.16866917928963684
shor,12,0.24104476853753862
shor,12,0.25396002900553644
shor,12,0.3435954285997217
shor,12,0.23894140903651093
shor,12,0.24104476853753862
shor,12,0.25396002900553644
shor,12,0.3725007733077818
shor,12,0.24151071332692745
shor,12,0.33986659088161736
shor,12,0.29770283110883106
shor,12,0.3186066026884798
shor,12,0.24003370359518067
shor,12,0.25396002900553644
shor,12,0.24003370359518067
shor,12,0.33986659088161736
shor,12,0.24305638373186383
shor,12,0.18636852372783522
shor,12,0.23894140903651093
shor,12,0.26135389896321776
shor,12,0.10247979294570404
shor,12,0.3725007733077818
shor,12,0.23936620477509474
shor,12,0.3435954285997217
shor,12,0.10247979294570404
shor,12,0.26535086811276565
shor,12,0.18636852372783522
shor,12,0.35324683567292503
shor,12,0.33265969298180226
shor,12,0.27496708887989507
shor,12,0.23894140903651093
shor,12,0.26135389896321776
shor,12,0.18636852372783522
shor,12,0.19509884524855262
shor,12,0.3435954285997217
shor,12,0.23936620477509474
shor,12,0.23936620477509474
shor,12,0.3725007733077818
shor,12,0.3186066026884798
shor,12,0.24003370359518067
shor,12,0.2097034947683283
shor,12,0.3186066026884798
shor,12,0.24534900395252834
shor,12,0.23936620477509474
shor,12,0.33986659088161736
shor,12,0.35324683567292503
shor,12,0.35324683567292503
shor,12,0.16866917928963684
shor,12,0.25553850676626205
shor,12,0.24054542742781956
shor,12,0.25396002900553644
shor,12,0.26135389896321776
shor,12,0.11726550496899424
shor,12,0.24305638373186383
shor,12,0.19163517357685003
shor,12,0.24151071332692745
shor,12,0.27496708887989507
shor,12,0.30322553628946525
shor,12,0.10247979294570404
shor,12,0.24151071332692745
shor,12,0.30322553628946525
shor,12,0.24054542742781956
shor,12,0.29627922791195005
shor,12,0.24534900395252834
shor,12,0.24534900395252834
shor,12,0.19163517357685003
shor,12,0.35544203042568834
shor,12,0.33986659088161736
shor,12,0.35324683567292503
shor,12,0.24534900395252834
shor,12,0.3435954285997217
shor,12,0.24003370359518045
shor,12,0.24003370359518045
shor,12,0.24003370359518067
shor,12,0.10247979294570404
shor,12,0.33986659088161736
shor,12,0.33986659088161736
shor,12,0.25191303268486664
shor,12,0.24003370359518045
shor,12,0.33265969298180226
shor,12,0.32543625559187705
shor,12,0.33265969298180226
shor,12,0.27289020168734257
shor,12,0.24534900395252834
shor,12,0.27496708887989507
shor,12,0.25191303268486664
shor,12,0.24003370359518056
shor,12,0.32543625559187705
shor,12,0.3435954285997217
shor,12,0.24054542742781956
shor,12,0.35544203042568834
shor,12,0.16820829836043039
shor,12,0.24003370359518045
shor,12,0.27289020168734257
shor,12,0.29770283110883106
shor,12,0.24104476853753862
shor,12,0.23936620477509474
shor,12,0.3186066026884798
shor,12,0.25553850676626205
shor,12,0.24534900395252834
shor,12,0.3725007733077818
shor,12,0.3186066026884798
shor,12,0.24003370359518045
shor,12,0.33986659088161736
shor,12,0.33265969298180226
shor,12,0.24003370359518056
shor,12,0.3725007733077818
shor,12,0.24305638373186383
shor,12,0.27289020168734257
qec,12,0.18836134698636192
qec,12,0.19410615775298626
qec,12,0.209549484419037
qec,12,0.2484014351893911
qec,12,0.2484014351893911
qec,12,0.18836134698636192
qec,12,0.2484014351893911
qec,12,0.2574378309160566
qec,12,0.209549484419037
qec,12,0.209549484419037
qec,12,0.18836134698636192
qec,12,0.2574378309160566
qec,12,0.16359779823831389
qec,12,0.16359779823831389
qec,12,0.16359779823831389
qec,12,0.18836134698636192
qec,12,0.2574378309160566
qec,12,0.18836134698636192
qec,12,0.18836134698636192
qec,12,0.16359779823831389
qec,12,0.16359779823831389
qec,12,0.2484014351893911
qec,12,0.19410615775298626
qec,12,0.16359779823831389
qec,12,0.19410615775298626
qec,12,0.19410615775298626
qec,12,0.19410615775298626
qec,12,0.209549484419037
qec,12,0.209549484419037
qec,12,0.19410615775298626
qec,12,0.2574378309160566
qec,12,0.16359779823831389
qec,12,0.2484014351893911
qec,12,0.2574378309160566
qec,12,0.209549484419037
qec,12,0.2484014351893911
qec,12,0.19410615775298626
qec,12,0.2484014351893911
qec,12,0.209549484419037
qec,12,0.209549484419037
qec,12,0.16359779823831389
qec,12,0.16359779823831389
qec,12,0.18836134698636192
qec,12,0.2484014351893911
qec,12,0.209549484419037
qec,12,0.18836134698636192
qec,12,0.16359779823831389
qec,12,0.209549484419037
qec,12,0.2484014351893911
qec,12,0.209549484419037
qec,12,0.2484014351893911
qec,12,0.2574378309160566
qec,12,0.19410615775298626
qec,12,0.2484014351893911
qec,12,0.2484014351893911
qec,12,0.18836134698636192
qec,12,0.2484014351893911
qec,12,0.2574378309160566
qec,12,0.18836134698636192
qec,12,0.16359779823831389
qec,12,0.19410615775298626
qec,12,0.2574378309160566
qec,12,0.19410615775298626
qec,12,0.2484014351893911
qec,12,0.18836134698636192
qec,12,0.2484014351893911
qec,12,0.2484014351893911
qec,12,0.2484014351893911
qec,12,0.18836134698636192
qec,12,0.2574378309160566
qec,12,0.18836134698636192
qec,12,0.2484014351893911
qec,12,0.18836134698636192
qec,12,0.2574378309160566
qec,12,0.19410615775298626
qec,12,0.18836134698636192
qec,12,0.2484014351893911
qec,12,0.209549484419037
qec,12,0.2574378309160566
qec,12,0.2484014351893911
qec,12,0.2484014351893911
qec,12,0.16359779823831389
qec,12,0.209549484419037
qec,12,0.2484014351893911
qec,12,0.16359779823831389
qec,12,0.2484014351893911
qec,12,0.2484014351893911
qec,12,0.2484014351893911
qec,12,0.18836134698636192
qec,12,0.2574378309160566
qec,12,0.2484014351893911
qec,12,0.16359779823831389
qec,12,0.209549484419037
qec,12,0.2574378309160566
qec,12,0.2484014351893911
qec,12,0.2484014351893911
qec,12,0.209549484419037
qec,12,0.2574378309160566
qec,12,0.18836134698636192
qec,12,0.209549484419037
qec,12,0.2574378309160566
qec,12,0.2574378309160566
qec,12,0.2484014351893911
qec,12,0.18836134698636192
qec,12,0.209549484419037
qec,12,0.209549484419037
qec,12,0.18836134698636192
qec,12,0.2484014351893911
qec,12,0.2574378309160566
qec,12,0.19410615775298626
qec,12,0.2484014351893911
qec,12,0.209549484419037
qec,12,0.19410615775298626
qec,12,0.16359779823831389
qec,12,0.19410615775298626
qec,12,0.209549484419037
qec,12,0.18836134698636192
qec,12,0.16359779823831389
qec,12,0.2484014351893911
qec,12,0.16359779823831389
qec,12,0.18836134698636192
qec,12,0.16359779823831389
qec,12,0.19410615775298626
qec,12,0.2484014351893911
qec,12,0.2484014351893911
qec,12,0.2484014351893911
qec,12,0.19410615775298626
qec,12,0.2484014351893911
qec,12,0.16359779823831389
qec,12,0.16359779823831389
qec,12,0.19410615775298626
qec,12,0.18836134698636192
qec,12,0.209549484419037
qec,12,0.19410615775298626
qec,12,0.2484014351893911
qec,12,0.18836134698636192
qec,12,0.2484014351893911
qec,12,0.18836134698636192
qec,12,0.2574378309160566
qec,12,0.2484014351893911
qec,12,0.2484014351893911
qec,12,0.2574378309160566
qec,12,0.2484014351893911
qec,12,0.2574378309160566
qec,12,0.19410615775298626
qec,12,0.18836134698636192
qec,12,0.16359779823831389
qec,12,0.18836134698636192
qec,12,0.18836134698636192
qec,12,0.2484014351893911
qec,12,0.2484014351893911
qec,12,0.16359779823831389
qec,12,0.18836134698636192
qec,12,0.209549484419037
qec,12,0.19410615775298626
qec,12,0.19410615775298626
qec,12,0.2574378309160566
qec,12,0.19410615775298626
qec,12,0.19410615775298626
qec,12,0.2484014351893911
qec,12,0.2574378309160566
qec,12,0.209549484419037
qec,12,0.19410615775298626
qec,12,0.2484014351893911
qec,12,0.16359779823831389
qec,12,0.19410615775298626
qec,12,0.19410615775298626
qec,12,0.18836134698636192
qec,12,0.209549484419037
qec,12,0.2574378309160566
qec,12,0.19410615775298626
qec,12,0.16359779823831389
qec,12,0.2484014351893911
qec,12,0.2484014351893911
qec,12,0.18836134698636192
qec,12,0.2574378309160566
qec,12,0.2484014351893911
qec,12,0.2574378309160566
qec,12,0.2574378309160566
qec,12,0.19410615775298626
qec,12,0.16359779823831389
qec,12,0.16359779823831389
qec,12,0.19410615775298626
qec,12,0.19410615775298626
qec,12,0.16359779823831389
qec,12,0.2484014351893911
qec,12,0.2574378309160566
qec,12,0.209549484419037
qec,12,0.18836134698636192
qec,12,0.18836134698636192
qec,12,0.2484014351893911
qec,12,0.2484014351893911
qec,12,0.16359779823831389
qec,12,0.19410615775298626
qec,12,0.2574378309160566
qec,12,0.2484014351893911
qec,12,0.16359779823831389
qec,12,0.19410615775298626
qec,12,0.209549484419037
qec,12,0.18836134698636192
xeb,14,0.19352081069666874
xeb,14,0.259805981509809
xeb,14,0.24546674020813225
xeb,14,0.22876059624768938
xeb,14,0.19779940431318246
xeb,14,0.24486247884967416
xeb,14,0.17453594949656837
xeb,14,0.20349280826312013
xeb,14,0.20067567954258012
xeb,14,0.20067567954258012
xeb,14,0.21607818916343557
xeb,14,0.2008236885688215
xeb,14,0.1944989741415434
xeb,14,0.17183883195801988
xeb,14,0.19682670769247504
xeb,14,0.26002405465393225
xeb,14,0.18881015375685203
xeb,14,0.19138852073095758
xeb,14,0.19682670769247504
xeb,14,0.14819632947179953
xeb,14,0.21607818916343557
xeb,14,0.2193699720861517
xeb,14,0.24486247884967416
xeb,14,0.21607818916343557
xeb,14,0.19779940431318246
xeb,14,0.26959325601986717
xeb,14,0.1781068001613671
xeb,14,0.24486247884967416
xeb,14,0.259805981509809
xeb,14,0.14625471840577173
xeb,14,0.20330246304062624
xeb,14,0.19779940431318246
xeb,14,0.2193699720861517
xeb,14,0.26002405465393225
xeb,14,0.20726208433891893
xeb,14,0.18272819660963135
xeb,14,0.20030263978211946
xeb,14,0.19682670769247504
xeb,14,0.2246097636406229
xeb,14,0.23650115720826423
xeb,14,0.1530836659318124
xeb,14,0.17033750475677592
xeb,14,0.1781068001613671
xeb,14,0.2246097636406229
xeb,14,0.19352081069666874
xeb,14,0.19947612877583445
xeb,14,0.12275067380994567
xeb,14,0.2357895964137423
xeb,14,0.2246097636406229
xeb,14,0.18881015375685203
xeb,14,0.24546674020813225
xeb,14,0.26959325601986717
xeb,14,0.21607818916343557
xeb,14,0.19352081069666874
xeb,14,0.19947612877583445
xeb,14,0.1935424066260395
xeb,14,0.2008236885688215
xeb,14,0.17453594949656837
xeb,14,0.16844802299953948
xeb,14,0.14625471840577173
xeb,14,0.17453594949656837
xeb,14,0.12275067380994567
xeb,14,0.20330246304062624
xeb,14,0.17183883195801988
xeb,14,0.26959325601986717
xeb,14,0.24546674020813225
xeb,14,0.22876059624768938
xeb,14,0.18881015375685203
xeb,14,0.2008236885688215
xeb,14,0.11295651162897377
xeb,14,0.21607818916343557
xeb,14,0.1530836659318124
xeb,14,0.26002405465393225
xeb,14,0.16844802299953948
xeb,14,0.17914890707783623
xeb,14,0.22876059624768938
xeb,14,0.1530836659318124
xeb,14,0.2161139504409027
xeb,14,0.20067567954258012
xeb,14,0.19923305062257438
xeb,14,0.1935424066260395
xeb,14,0.2357895964137423
xeb,14,0.1935424066260395
xeb,14,0.19923305062257438
xeb,14,0.2241504274207753
xeb,14,0.12275067380994567
xeb,14,0.21607818916343557
xeb,14,0.2008236885688215
xeb,14,0.1935424066260395
xeb,14,0.13767812276117639
xeb,14,0.1944989741415434
xeb,14,0.28920021315208116
xeb,14,0.1530836659318124
xeb,14,0.2246097636406229
xeb,14,0.2241504274207753
xeb,14,0.1810113380267224
xeb,14,0.21607818916343557
xeb,14,0.2357895964137423
xeb,14,0.19315189969322263
xeb,14,0.264817749236036
xeb,14,0.28920021315208116
xeb,14,0.1530836659318124
xeb,14,0.21607818916343557
xeb,14,0.17914890707783623
xeb,14,0.259805981509809
xeb,14,0.264817749236036
xeb,14,0.13528863613730757
xeb,14,0.174047031348698
xeb,14,0.2193699720861517
xeb,14,0.17453594949656837
xeb,14,0.2193699720861517
xeb,14,0.19693415418287533
xeb,14,0.19138852073095758
xeb,14,0.20030263978211946
xeb,14,0.20726208433891893
xeb,14,0.23650115720826423
xeb,14,0.12275067380994567
xeb,14,0.28920021315208116
xeb,14,0.20349280826312013
xeb,14,0.1530836659318124
xeb,14,0.26002405465393225
xeb,14,0.28920021315208116
xeb,14,0.14819632947179953
xeb,14,0.18272819660963135
xeb,14,0.17033750475677592
xeb,14,0.1810113380267224
xeb,14,0.2246097636406229
xeb,14,0.174047031348698
xeb,14,0.17914890707783623
xeb,14,0.17033750475677592
xeb,14,0.12275067380994567
xeb,14,0.20186748853054085
xeb,14,0.20726208433891893
xeb,14,0.18272819660963135
xeb,14,0.17183883195801988
xeb,14,0.1530836659318124
xeb,14,0.13767812276117639
xeb,14,0.17453594949656837
xeb,14,0.2357895964137423
xeb,14,0.20349280826312013
xeb,14,0.20067567954258012
xeb,14,0.17914890707783623
xeb,14,0.18272819660963135
xeb,14,0.18272819660963135
xeb,14,0.11295651162897377
xeb,14,0.2008236885688215
xeb,14,0.16844802299953948
xeb,14,0.19315189969322263
xeb,14,0.17453594949656837
xeb,14,0.13528863613730757
xeb,14,0.14819632947179953
xeb,14,0.17183883195801988
xeb,14,0.18881015375685203
xeb,14,0.19693415418287533
xeb,14,0.20030263978211946
xeb,14,0.20330246304062624
xeb,14,0.17914890707783623
xeb,14,0.24486247884967416
xeb,14,0.18272819660963135
xeb,14,0.20067567954258012
xeb,14,0.18272819660963135
xeb,14,0.1781068001613671
xeb,14,0.20726208433891893
xeb,14,0.12878415502836993
xeb,14,0.19138852073095758
xeb,14,0.19138852073095758
xeb,14,0.19138852073095758
xeb,14,0.21607818916343557
xeb,14,0.1944989741415434
xeb,14,0.13528863613730757
xeb,14,0.17033750475677592
xeb,14,0.24546674020813225
xeb,14,0.1935424066260395
xeb,14,0.174047031348698
xeb,14,0.20186748853054085
xeb,14,0.24546674020813225
xeb,14,0.17183883195801988
xeb,14,0.28920021315208116
xeb,14,0.21607818916343557
xeb,14,0.20330246304062624
xeb,14,0.19315189969322263
xeb,14,0.28920021315208116
xeb,14,0.12878415502836993
xeb,14,0.13528863613730757
xeb,14,0.17453594949656837
xeb,14,0.23650115720826423
xeb,14,0.19779940431318246
xeb,14,0.1781068001613671
xeb,14,0.11295651162897377
xeb,14,0.13528863613730757
xeb,14,0.19682670769247504
xeb,14,0.1935424066260395
xeb,14,0.19682670769247504
xeb,14,0.18881015375685203
xeb,14,0.14625471840577173
xeb,14,0.1530836659318124
xeb,14,0.2193699720861517
xeb,14,0.16844802299953948
xeb,14,0.2357895964137423
xeb,14,0.1810113380267224
qnn,14,0.21474125771865896
qnn,14,0.17189042010405844
qnn,14,0.17189042010405844
qnn,14,0.14742698975897645
qnn,14,0.17182011308018347
qnn,14,0.1492825034814429
qnn,14,0.17182011308018347
qnn,14,0.17144202259746713
qnn,14,0.1492825034814429
qnn,14,0.2528963219175198
qnn,14,0.21617756118826897
qnn,14,0.2832758421086884
qnn,14,0.2638511620801234
qnn,14,0.15443367134423044
qnn,14,0.1830340265354095
qnn,14,0.266514199615085
qnn,14,0.18702359005584976
qnn,14,0.19094072230038972
qnn,14,0.17235119125327467
qnn,14,0.14742698975897645
qnn,14,0.2903548559848021
qnn,14,0.1972797223810121
qnn,14,0.15759740590314864
qnn,14,0.26472169557711456
qnn,14,0.14801801196989123
qnn,14,0.10217284368024344
qnn,14,0.25020926287107786
qnn,14,0.1492825034814429
qnn,14,0.20598143046099993
qnn,14,0.2834874770775562
qnn,14,0.21617756118826897
qnn,14,0.14649329944023276
qnn,14,0.15443367134423044
qnn,14,0.15443367134423044
qnn,14,0.19094072230038972
qnn,14,0.14801801196989123
qnn,14,0.17182011308018347
qnn,14,0.14742698975897645
qnn,14,0.128047572892616
qnn,14,0.17682254377121806
qnn,14,0.21474125771865896
qnn,14,0.11425029375759738
qnn,14,0.18751915964453406
qnn,14,0.17235119125327467
qnn,14,0.26462889286945557
qnn,14,0.2638511620801234
qnn,14,0.14649329944023276
qnn,14,0.17182011308018347
qnn,14,0.17144202259746713
qnn,14,0.1830340265354095
qnn,14,0.11425029375759738
qnn,14,0.2528963219175198
qnn,14,0.18848059918217552
qnn,14,0.17682254377121806
qnn,14,0.26472169557711456
qnn,14,0.10217284368024344
qnn,14,0.1972797223810121
qnn,14,0.266514199615085
qnn,14,0.1957214627694629
qnn,14,0.17189042010405844
qnn,14,0.25500473249073935
qnn,14,0.14742698975897645
qnn,14,0.1793132856528639
qnn,14,0.15759740590314864
qnn,14,0.26472169557711456
qnn,14,0.28261724020723716
qnn,14,0.18702359005584976
qnn,14,0.20003368954968712
qnn,14,0.128047572892616
qnn,14,0.26462889286945557
qnn,14,0.14649329944023276
qnn,14,0.26462889286945557
qnn,14,0.15759740590314864
qnn,14,0.19094072230038972
qnn,14,0.17144202259746713
qnn,14,0.21617756118826897
qnn,14,0.14649329944023276
qnn,14,0.18848059918217552
qnn,14,0.12647990748228616
qnn,14,0.10217284368024344
qnn,14,0.17682254377121806
qnn,14,0.2834874770775562
qnn,14,0.17682254377121806
qnn,14,0.26879717023789335
qnn,14,0.10217284368024344
qnn,14,0.15443367134423044
qnn,14,0.14801801196989123
qnn,14,0.2834874770775562
qnn,14,0.17144202259746713
qnn,14,0.21474125771865896
qnn,14,0.1793132856528639
qnn,14,0.26593653011691454
qnn,14,0.14801801196989123
qnn,14,0.26472169557711456
qnn,14,0.16247279037043005
qnn,14,0.1793132856528639
qnn,14,0.17682254377121806
qnn,14,0.2638511620801234
qnn,14,0.21474125771865896
qnn,14,0.25500473249073935
qnn,14,0.22247537471615775
qnn,14,0.26593653011691454
qnn,14,0.23041143557968868
qnn,14,0.28261724020723716
qnn,14,0.26593653011691454
qnn,14,0.2571526681240444
qnn,14,0.2571526681240444
qnn,14,0.2903548559848021
qnn,14,0.14801801196989123
qnn,14,0.20003368954968712
qnn,14,0.14742698975897645
qnn,14,0.2394139856676859
qnn,14,0.2834874770775562
qnn,14,0.1957214627694629
qnn,14,0.2903548559848021
qnn,14,0.26593653011691454
qnn,14,0.26472169557711456
qnn,14,0.14742698975897645
qnn,14,0.1492825034814429
qnn,14,0.12319176987920721
qnn,14,0.19094072230038972
qnn,14,0.26593653011691454
qnn,14,0.14742698975897645
qnn,14,0.21548168666372206
qnn,14,0.2832758421086884
qnn,14,0.20003368954968712
qnn,14,0.2394139856676859
qnn,14,0.26593653011691454
qnn,14,0.18702359005584976
qnn,14,0.21548168666372206
qnn,14,0.18848059918217552
qnn,14,0.21474125771865896
qnn,14,0.14801801196989123
qnn,14,0.128047572892616
qnn,14,0.21474125771865896
qnn,14,0.17682254377121806
qnn,14,0.10217284368024344
qnn,14,0.19094072230038972
qnn,14,0.26462889286945557
qnn,14,0.24730027088851694
qnn,14,0.26593653011691454
qnn,14,0.20598143046099993
qnn,14,0.20003368954968712
qnn,14,0.26593653011691454
qnn,14,0.26593653011691454
qnn,14,0.14801801196989123
qnn,14,0.18751915964453406
qnn,14,0.2528963219175198
qnn,14,0.1957214627694629
qnn,14,0.21548168666372206
qnn,14,0.23041143557968868
qnn,14,0.12319176987920721
qnn,14,0.26879717023789335
qnn,14,0.15443367134423044
qnn,14,0.12319176987920721
qnn,14,0.17182011308018347
qnn,14,0.17189042010405844
qnn,14,0.20598143046099993
qnn,14,0.2571526681240444
qnn,14,0.1492825034814429
qnn,14,0.26462889286945557
qnn,14,0.15759740590314864
qnn,14,0.1830340265354095
qnn,14,0.25020926287107786
qnn,14,0.25020926287107786
qnn,14,0.10217284368024344
qnn,14,0.11425029375759738
qnn,14,0.2903548559848021
qnn,14,0.2638511620801234
qnn,14,0.21617756118826897
qnn,14,0.16835367856889694
qnn,14,0.1972797223810121
qnn,14,0.1957214627694629
qnn,14,0.1830340265354095
qnn,14,0.17182011308018347
qnn,14,0.266514199615085
qnn,14,0.15759740590314864
qnn,14,0.14742698975897645
qnn,14,0.16247279037043005
qnn,14,0.14649329944023276
qnn,14,0.28261724020723716
qnn,14,0.2638511620801234
qnn,14,0.266514199615085
qnn,14,0.23041143557968868
qnn,14,0.20598143046099993
qnn,14,0.11425029375759738
qnn,14,0.10217284368024344
qnn,14,0.20598143046099993
qnn,14,0.21548168666372206
qnn,14,0.14649329944023276
qnn,14,0.15443367134423044
qnn,14,0.15759740590314864
qnn,14,0.266514199615085
qnn,14,0.17182011308018347
qnn,14,0.1793132856528639
qnn,14,0.21474125771865896
qnn,14,0.22247537471615775
qnn,14,0.15443367134423044
qnn,14,0.18751915964453406
qnn,14,0.128047572892616
shor,14,0.245241812284587
shor,14,0.2828538890458596
shor,14,0.21321889416629353
shor,14,0.32382749282477996
shor,14,0.34284257173601385
shor,14,0.3544920041570658
shor,14,0.34284257173601385
shor,14,0.24524181228458694
shor,14,0.2866933123145633
shor,14,0.2958718936345641
shor,14,0.31179061591082563
shor,14,0.20703590851919496
shor,14,0.20703590851919496
shor,14,0.3759808850213939
shor,14,0.31179061591082563
shor,14,0.3531595329358042
shor,14,0.2866933123145633
shor,14,0.2864535068931366
shor,14,0.24524181228458694
shor,14,0.2958718936345641
shor,14,0.21321889416629353
shor,14,0.23382716248209598
shor,14,0.2866933123145633
shor,14,0.12671602434450904
shor,14,0.2799084735457465
shor,14,0.1886852358641016
shor,14,0.3093900671168718
shor,14,0.30481069571612335
shor,14,0.2864535068931366
shor,14,0.24524181228458694
shor,14,0.28931324721415574
shor,14,0.34284257173601385
shor,14,0.34284257173601385
shor,14,0.32382749282477996
shor,14,0.25857382672563456
shor,14,0.32382749282477996
shor,14,0.10677347536948148
shor,14,0.245241812284587
shor,14,0.1886852358641016
shor,14,0.36510833937080484
shor,14,0.29057766736570995
shor,14,0.30136326511715433
shor,14,0.2866933123145633
shor,14,0.3277251928239321
shor,14,0.2864535068931366
shor,14,0.32382749282477996
shor,14,0.23801793727243178
shor,14,0.24524181228458689
shor,14,0.29499427658588057
shor,14,0.36510833937080484
shor,14,0.3277251928239321
shor,14,0.3277251928239321
shor,14,0.36701688784016656
shor,14,0.23801793727243178
shor,14,0.245241812284587
shor,14,0.29057766736570995
shor,14,0.21321889416629353
shor,14,0.34284257173601385
shor,14,0.10677347536948148
shor,14,0.25857382672563456
shor,14,0.29499427658588057
shor,14,0.36510833937080484
shor,14,0.21321889416629353
shor,14,0.32382749282477996
shor,14,0.24524181228458694
shor,14,0.245241812284587
shor,14,0.25857382672563456
shor,14,0.26099413764542
shor,14,0.3544920041570658
shor,14,0.29057766736570995
shor,14,0.3544920041570658
shor,14,0.12671602434450904
shor,14,0.23801793727243178
shor,14,0.2872029111790629
shor,14,0.12671602434450904
shor,14,0.2749533410220371
shor,14,0.29253912610380317
shor,14,0.29057766736570995
shor,14,0.31179061591082563
shor,14,0.29057766736570995
shor,14,0.3544920041570658
shor,14,0.2864535068931366
shor,14,0.245241812284587
shor,14,0.30481069571612335
shor,14,0.24524181228458689
shor,14,0.10677347536948148
shor,14,0.2864535068931366
shor,14,0.20703590851919496
shor,14,0.24524181228458694
shor,14,0.24524181228458694
shor,14,0.29057766736570995
shor,14,0.24524181228458694
shor,14,0.29253912610380317
shor,14,0.19668098061622874
shor,14,0.10677347536948148
shor,14,0.2864535068931366
shor,14,0.2872029111790629
shor,14,0.2872029111790629
shor,14,0.20703590851919496
shor,14,0.2828538890458596
shor,14,0.2872029111790629
shor,14,0.10677347536948148
shor,14,0.32382749282477996
shor,14,0.24524181228458694
shor,14,0.3544920041570658
shor,14,0.2828538890458596
shor,14,0.29253912610380317
shor,14,0.21321889416629353
shor,14,0.2749533410220371
shor,14,0.36701688784016656
shor,14,0.29253912610380317
shor,14,0.32382749282477996
shor,14,0.2799084735457465
shor,14,0.29499427658588057
shor,14,0.34284257173601385
shor,14,0.31179061591082563
shor,14,0.28931324721415574
shor,14,0.30136326511715433
shor,14,0.2958718936345641
shor,14,0.2828538890458596
shor,14,0.30136326511715433
shor,14,0.29253912610380317
shor,14,0.2958718936345641
shor,14,0.2749533410220371
shor,14,0.3093900671168718
shor,14,0.23382716248209598
shor,14,0.32382749282477996
shor,14,0.36510833937080484
shor,14,0.3544920041570658
shor,14,0.3093900671168718
shor,14,0.2864535068931366
shor,14,0.23801793727243178
shor,14,0.12671602434450904
shor,14,0.2864535068931366
shor,14,0.31179061591082563
shor,14,0.3277251928239321
shor,14,0.2864535068931366
shor,14,0.12671602434450904
shor,14,0.2866933123145633
shor,14,0.36701688784016656
shor,14,0.20703590851919496
shor,14,0.3759808850213939
shor,14,0.25857382672563456
shor,14,0.2958718936345641
shor,14,0.29253912610380317
shor,14,0.29499427658588057
shor,14,0.3544920041570658
shor,14,0.30136326511715433
shor,14,0.2749533410220371
shor,14,0.28931324721415574
shor,14,0.36510833937080484
shor,14,0.21321889416629353
shor,14,0.2828538890458596
shor,14,0.36510833937080484
shor,14,0.3531595329358042
shor,14,0.36701688784016656
shor,14,0.30136326511715433
shor,14,0.245241812284587
shor,14,0.24524181228458694
shor,14,0.29253912610380317
shor,14,0.30136326511715433
shor,14,0.26099413764542
shor,14,0.2958718936345641
shor,14,0.30481069571612335
shor,14,0.245241812284587
shor,14,0.23801793727243178
shor,14,0.3277251928239321
shor,14,0.23382716248209598
shor,14,0.29253912610380317
shor,14,0.2866933123145633
shor,14,0.3093900671168718
shor,14,0.24524181228458689
shor,14,0.2866933123145633
shor,14,0.34284257173601385
shor,14,0.12671602434450904
shor,14,0.3531595329358042
shor,14,0.3544920041570658
shor,14,0.2569347451754889
shor,14,0.2569347451754889
shor,14,0.2828538890458596
shor,14,0.3544920041570658
shor,14,0.3531595329358042
shor,14,0.21321889416629353
shor,14,0.19668098061622874
shor,14,0.24524181228458694
shor,14,0.245241812284587
shor,14,0.24524181228458694
shor,14,0.29057766736570995
shor,14,0.30136326511715433
shor,14,0.30481069571612335
shor,14,0.3359955087443163
shor,14,0.25857382672563456
shor,14,0.30481069571612335
shor,14,0.25857382672563456
shor,14,0.12671602434450904
shor,14,0.2872029111790629
shor,14,0.3277251928239321
shor,14,0.31179061591082563
shor,14,0.20703590851919496
shor,14,0.12671602434450904
qec,14,0.25725022513415036
qec,14,0.34479494188729526
qec,14,0.25725022513415036
qec,14,0.23584707117922135
qec,14,0.25725022513415036
qec,14,0.19654876379159383
qec,14,0.1908250076574145
qec,14,0.23364903554979594
qec,14,0.23364903554979594
qec,14,0.23364903554979594
qec,14,0.34479494188729526
qec,14,0.25725022513415036
qec,14,0.34479494188729526
qec,14,0.23364903554979594
qec,14,0.25725022513415036
qec,14,0.25725022513415036
qec,14,0.25725022513415036
qec,14,0.19654876379159383
qec,14,0.23364903554979594
qec,14,0.23584707117922135
qec,14,0.1908250076574145
qec,14,0.19654876379159383
qec,14,0.19654876379159383
qec,14,0.1908250076574145
qec,14,0.1908250076574145
qec,14,0.1908250076574145
qec,14,0.34479494188729526
qec,14,0.23584707117922135
qec,14,0.34479494188729526
qec,14,0.1908250076574145
qec,14,0.23584707117922135
qec,14,0.19654876379159383
qec,14,0.23584707117922135
qec,14,0.19654876379159383
qec,14,0.1908250076574145
qec,14,0.23364903554979594
qec,14,0.34479494188729526
qec,14,0.23584707117922135
qec,14,0.25725022513415036
qec,14,0.1908250076574145
qec,14,0.1908250076574145
qec,14,0.23584707117922135
qec,14,0.23364903554979594
qec,14,0.34479494188729526
qec,14,0.23584707117922135
qec,14,0.25725022513415036
qec,14,0.34479494188729526
qec,14,0.23364903554979594
qec,14,0.25725022513415036
qec,14,0.25725022513415036
qec,14,0.1908250076574145
qec,14,0.23584707117922135
qec,14,0.23364903554979594
qec,14,0.34479494188729526
qec,14,0.23364903554979594
qec,14,0.19654876379159383
qec,14,0.1908250076574145
qec,14,0.34479494188729526
qec,14,0.19654876379159383
qec,14,0.19654876379159383
qec,14,0.19654876379159383
qec,14,0.25725022513415036
qec,14,0.19654876379159383
qec,14,0.1908250076574145
qec,14,0.19654876379159383
qec,14,0.23584707117922135
qec,14,0.25725022513415036
qec,14,0.25725022513415036
qec,14,0.1908250076574145
qec,14,0.34479494188729526
qec,14,0.1908250076574145
qec,14,0.25725022513415036
qec,14,0.25725022513415036
qec,14,0.19654876379159383
qec,14,0.34479494188729526
qec,14,0.1908250076574145
qec,14,0.25725022513415036
qec,14,0.23364903554979594
qec,14,0.19654876379159383
qec,14,0.23584707117922135
qec,14,0.25725022513415036
qec,14,0.34479494188729526
qec,14,0.25725022513415036
qec,14,0.25725022513415036
qec,14,0.25725022513415036
qec,14,0.25725022513415036
qec,14,0.34479494188729526
qec,14,0.23584707117922135
qec,14,0.34479494188729526
qec,14,0.25725022513415036
qec,14,0.25725022513415036
qec,14,0.23584707117922135
qec,14,0.19654876379159383
qec,14,0.1908250076574145
qec,14,0.25725022513415036
qec,14,0.23364903554979594
qec,14,0.23584707117922135
qec,14,0.23584707117922135
qec,14,0.23584707117922135
qec,14,0.23364903554979594
qec,14,0.23584707117922135
qec,14,0.19654876379159383
qec,14,0.25725022513415036
qec,14,0.34479494188729526
qec,14,0.23584707117922135
qec,14,0.19654876379159383
qec,14,0.19654876379159383
qec,14,0.34479494188729526
qec,14,0.25725022513415036
qec,14,0.19654876379159383
qec,14,0.19654876379159383
qec,14,0.25725022513415036
qec,14,0.34479494188729526
qec,14,0.25725022513415036
qec,14,0.25725022513415036
qec,14,0.23584707117922135
qec,14,0.1908250076574145
qec,14,0.23584707117922135
qec,14,0.25725022513415036
qec,14,0.25725022513415036
qec,14,0.34479494188729526
qec,14,0.25725022513415036
qec,14,0.1908250076574145
qec,14,0.34479494188729526
qec,14,0.25725022513415036
qec,14,0.34479494188729526
qec,14,0.23364903554979594
qec,14,0.25725022513415036
qec,14,0.23364903554979594
qec,14,0.23584707117922135
qec,14,0.23584707117922135
qec,14,0.19654876379159383
qec,14,0.23584707117922135
qec,14,0.19654876379159383
qec,14,0.25725022513415036
qec,14,0.23364903554979594
qec,14,0.34479494188729526
qec,14,0.25725022513415036
qec,14,0.25725022513415036
qec,14,0.25725022513415036
qec,14,0.34479494188729526
qec,14,0.25725022513415036
qec,14,0.25725022513415036
qec,14,0.34479494188729526
qec,14,0.25725022513415036
qec,14,0.19654876379159383
qec,14,0.19654876379159383
qec,14,0.19654876379159383
qec,14,0.19654876379159383
qec,14,0.25725022513415036
qec,14,0.25725022513415036
qec,14,0.1908250076574145
qec,14,0.25725022513415036
qec,14,0.19654876379159383
qec,14,0.19654876379159383
qec,14,0.19654876379159383
qec,14,0.19654876379159383
qec,14,0.23584707117922135
qec,14,0.23584707117922135
qec,14,0.1908250076574145
qec,14,0.23584707117922135
qec,14,0.19654876379159383
qec,14,0.25725022513415036
qec,14,0.23364903554979594
qec,14,0.25725022513415036
qec,14,0.34479494188729526
qec,14,0.25725022513415036
qec,14,0.34479494188729526
qec,14,0.23364903554979594
qec,14,0.23364903554979594
qec,14,0.34479494188729526
qec,14,0.19654876379159383
qec,14,0.23364903554979594
qec,14,0.25725022513415036
qec,14,0.1908250076574145
qec,14,0.23584707117922135
qec,14,0.23584707117922135
qec,14,0.23584707117922135
qec,14,0.23364903554979594
qec,14,0.34479494188729526
qec,14,0.1908250076574145
qec,14,0.34479494188729526
qec,14,0.25725022513415036
qec,14,0.19654876379159383
qec,14,0.23584707117922135
qec,14,0.19654876379159383
qec,14,0.23364903554979594
qec,14,0.25725022513415036
qec,14,0.34479494188729526
qec,14,0.19654876379159383
qec,14,0.19654876379159383
qec,14,0.25725022513415036
qec,14,0.23364903554979594
qec,14,0.34479494188729526
qec,14,0.1908250076574145
qec,14,0.1908250076574145
qec,14,0.34479494188729526
qec,14,0.25725022513415036
qec,14,0.23584707117922135
qec,14,0.34479494188729526
xeb,16,0.20811995363055544
xeb,16,0.25974765126786814
xeb,16,0.21085950089703437
xeb,16,0.2292269553351807
xeb,16,0.21034217116822929
xeb,16,0.19162072737500696
xeb,16,0.21034217116822929
xeb,16,0.306743861989703
xeb,16,0.2532709296573231
xeb,16,0.2772597186010718
xeb,16,0.290355653701289
xeb,16,0.19378313437586628
xeb,16,0.32317499801629074
xeb,16,0.2772597186010718
xeb,16,0.23784302325704995
xeb,16,0.2016755219636256
xeb,16,0.3266602022553817
xeb,16,0.2735020077514538
xeb,16,0.23784302325704995
xeb,16,0.2016755219636256
xeb,16,0.27353868468153
xeb,16,0.23784302325704995
xeb,16,0.2682287139727715
xeb,16,0.19378313437586628
xeb,16,0.23784302325704995
xeb,16,0.37842920246959943
xeb,16,0.36698765171770087
xeb,16,0.2598306454850658
xeb,16,0.25974765126786814
xeb,16,0.2682287139727715
xeb,16,0.2532709296573231
xeb,16,0.37842920246959943
xeb,16,0.2598306454850658
xeb,16,0.290355653701289
xeb,16,0.25541234642839145
xeb,16,0.37842920246959943
xeb,16,0.2735020077514538
xeb,16,0.30252016802499976
xeb,16,0.28148965483102906
xeb,16,0.2653370523430404
xeb,16,0.3266602022553817
xeb,16,0.25974765126786814
xeb,16,0.2460898016058481
xeb,16,0.2593946234495833
xeb,16,0.25974765126786814
xeb,16,0.33049693577907124
xeb,16,0.36698765171770087
xeb,16,0.19162072737500696
xeb,16,0.19378313437586628
xeb,16,0.16189554279990628
xeb,16,0.19162072737500696
xeb,16,0.2053565409286518
xeb,16,0.30735640568007166
xeb,16,0.30252016802499976
xeb,16,0.19378313437586628
xeb,16,0.30735640568007166
xeb,16,0.2053565409286518
xeb,16,0.21034217116822929
xeb,16,0.2593946234495833
xeb,16,0.23323337336339114
xeb,16,0.26982233653055676
xeb,16,0.23378363004088193
xeb,16,0.28148965483102906
xeb,16,0.27353868468153
xeb,16,0.2735020077514538
xeb,16,0.37842920246959943
xeb,16,0.2460898016058481
xeb,16,0.23378363004088193
xeb,16,0.2598306454850658
xeb,16,0.19162072737500696
xeb,16,0.2292269553351807
xeb,16,0.20811995363055544
xeb,16,0.23378363004088193
xeb,16,0.2053565409286518
xeb,16,0.23323337336339114
xeb,16,0.2682287139727715
xeb,16,0.2598306454850658
xeb,16,0.290355653701289
xeb,16,0.2532709296573231
xeb,16,0.23378363004088193
xeb,16,0.37842920246959943
xeb,16,0.16189554279990628
xeb,16,0.2016755219636256
xeb,16,0.290355653701289
xeb,16,0.23323337336339114
xeb,16,0.19378313437586628
xeb,16,0.2735020077514538
xeb,16,0.23784302325704995
xeb,16,0.36698765171770087
xeb,16,0.20811995363055544
xeb,16,0.25541234642839145
xeb,16,0.37842920246959943
xeb,16,0.2053565409286518
xeb,16,0.2460898016058481
xeb,16,0.36698765171770087
xeb,16,0.20811995363055544
xeb,16,0.32317499801629074
xeb,16,0.20811995363055544
xeb,16,0.290355653701289
xeb,16,0.30735640568007166
xeb,16,0.2593946234495833
xeb,16,0.20811995363055544
xeb,16,0.23784302325704995
xeb,16,0.2460898016058481
xeb,16,0.25974765126786814
xeb,16,0.30735640568007166
xeb,16,0.21085950089703437
xeb,16,0.2292269553351807
xeb,16,0.33049693577907124
xeb,16,0.21085950089703437
xeb,16,0.2214861637771617
xeb,16,0.19378313437586628
xeb,16,0.2598306454850658
xeb,16,0.25541234642839145
xeb,16,0.3266602022553817
xeb,16,0.20811995363055544
xeb,16,0.21034217116822929
xeb,16,0.2682287139727715
xeb,16,0.23323337336339114
xeb,16,0.25974765126786814
xeb,16,0.21085950089703437
xeb,16,0.2682287139727715
xeb,16,0.30252016802499976
xeb,16,0.36698765171770087
xeb,16,0.2214861637771617
xeb,16,0.2653370523430404
xeb,16,0.3266602022553817
xeb,16,0.33049693577907124
xeb,16,0.19378313437586628
xeb,16,0.2532709296573231
xeb,16,0.16189554279990628
xeb,16,0.32317499801629074
xeb,16,0.2214861637771617
xeb,16,0.2292269553351807
xeb,16,0.2653370523430404
xeb,16,0.25974765126786814
xeb,16,0.2598306454850658
xeb,16,0.2292269553351807
xeb,16,0.23323337336339114
xeb,16,0.2598306454850658
xeb,16,0.23378363004088193
xeb,16,0.3266602022553817
xeb,16,0.2460898016058481
xeb,16,0.2682287139727715
xeb,16,0.2586470836912492
xeb,16,0.30735640568007166
xeb,16,0.21085950089703437
xeb,16,0.27353868468153
xeb,16,0.2460898016058481
xeb,16,0.2682287139727715
xeb,16,0.27353868468153
xeb,16,0.2460898016058481
xeb,16,0.36698765171770087
xeb,16,0.2292269553351807
xeb,16,0.2460898016058481
xeb,16,0.2016755219636256
xeb,16,0.2532709296573231
xeb,16,0.26982233653055676
xeb,16,0.30252016802499976
xeb,16,0.2292269553351807
xeb,16,0.2593946234495833
xeb,16,0.290355653701289
xeb,16,0.23378363004088193
xeb,16,0.23378363004088193
xeb,16,0.2016755219636256
xeb,16,0.21085950089703437
xeb,16,0.290355653701289
xeb,16,0.2593946234495833
xeb,16,0.21034217116822929
xeb,16,0.2460898016058481
xeb,16,0.28148965483102906
xeb,16,0.20811995363055544
xeb,16,0.21085950089703437
xeb,16,0.19162072737500696
xeb,16,0.2460898016058481
xeb,16,0.2772597186010718
xeb,16,0.23784302325704995
xeb,16,0.2653370523430404
xeb,16,0.25541234642839145
xeb,16,0.19378313437586628
xeb,16,0.2292269553351807
xeb,16,0.2214861637771617
xeb,16,0.36698765171770087
xeb,16,0.2598306454850658
xeb,16,0.2593946234495833
xeb,16,0.33049693577907124
xeb,16,0.21034217116822929
xeb,16,0.2053565409286518
xeb,16,0.33049693577907124
xeb,16,0.20811995363055544
xeb,16,0.3266602022553817
xeb,16,0.2653370523430404
xeb,16,0.36698765171770087
xeb,16,0.2593946234495833
xeb,16,0.23378363004088193
xeb,16,0.32317499801629074
xeb,16,0.2460898016058481
xeb,16,0.23784302325704995
xeb,16,0.2016755219636256
xeb,16,0.2292269553351807
qnn,16,0.20255480124047243
qnn,16,0.13181120692426046
qnn,16,0.16497377799787666
qnn,16,0.20584685000927888
qnn,16,0.20052940883115603
qnn,16,0.2156239183645002
qnn,16,0.2049113302355254
qnn,16,0.25456515182006045
qnn,16,0.25456515182006045
qnn,16,0.20262819098119542
qnn,16,0.18410443450090286
qnn,16,0.2156239183645002
qnn,16,0.3157765528439024
qnn,16,0.19621873420909577
qnn,16,0.32943759392208505
qnn,16,0.25454774420128023
qnn,16,0.1986386857878194
qnn,16,0.23011502626461602
qnn,16,0.2466708851793922
qnn,16,0.20584685000927888
qnn,16,0.26729625413930636
qnn,16,0.22798985892802692
qnn,16,0.23445194345472362
qnn,16,0.2622734191690756
qnn,16,0.18410443450090286
qnn,16,0.20052940883115603
qnn,16,0.22889981911410215
qnn,16,0.25456515182006045
qnn,16,0.16497377799787666
qnn,16,0.2466708851793922
qnn,16,0.28482152046695003
qnn,16,0.2654310197521072
qnn,16,0.3157765528439024
qnn,16,0.18657796434508586
qnn,16,0.3157765528439024
qnn,16,0.20255480124047243
qnn,16,0.30050796226511967
qnn,16,0.27697019489132035
qnn,16,0.18931078524355832
qnn,16,0.1841746849178067
qnn,16,0.18410443450090286
qnn,16,0.3039915628761812
qnn,16,0.20262819098119542
qnn,16,0.18410443450090286
qnn,16,0.1731519071549185
qnn,16,0.15479782616702906
qnn,16,0.25456515182006045
qnn,16,0.25456515182006045
qnn,16,0.21680575894097082
qnn,16,0.25456515182006045
qnn,16,0.2156239183645002
qnn,16,0.3098051012359585
qnn,16,0.20584685000927888
qnn,16,0.20632049999856988
qnn,16,0.20632049999856988
qnn,16,0.27697019489132035
qnn,16,0.15479782616702906
qnn,16,0.1937371011503763
qnn,16,0.2466708851793922
qnn,16,0.20693248587921806
qnn,16,0.22781259645286617
qnn,16,0.14708665765727366
qnn,16,0.22781259645286617
qnn,16,0.3039915628761812
qnn,16,0.2466708851793922
qnn,16,0.2156239183645002
qnn,16,0.1937371011503763
qnn,16,0.20632049999856988
qnn,16,0.15479782616702906
qnn,16,0.1731519071549185
qnn,16,0.20584685000927888
qnn,16,0.30050796226511967
qnn,16,0.20052940883115603
qnn,16,0.3157765528439024
qnn,16,0.2654310197521072
qnn,16,0.30050796226511967
qnn,16,0.30050796226511967
qnn,16,0.13181120692426046
qnn,16,0.22781259645286617
qnn,16,0.16346366910427987
qnn,16,0.25456515182006045
qnn,16,0.1841746849178067
qnn,16,0.20584685000927888
qnn,16,0.1841746849178067
qnn,16,0.22798985892802692
qnn,16,0.28482152046695003
qnn,16,0.21322524108817603
qnn,16,0.28482152046695003
qnn,16,0.1841746849178067
qnn,16,0.15479782616702906
qnn,16,0.26729625413930636
qnn,16,0.21202864189039866
qnn,16,0.30050796226511967
qnn,16,0.13181120692426046
qnn,16,0.26729625413930636
qnn,16,0.23011502626461602
qnn,16,0.19079818839573265
qnn,16,0.18410443450090286
qnn,16,0.21680575894097082
qnn,16,0.257985040801427
qnn,16,0.1986386857878194
qnn,16,0.20262819098119542
qnn,16,0.1731519071549185
qnn,16,0.22781259645286617
qnn,16,0.17621003216487235
qnn,16,0.3157765528439024
qnn,16,0.1937371011503763
qnn,16,0.15479782616702906
qnn,16,0.28482152046695003
qnn,16,0.2517956789039564
qnn,16,0.19621873420909577
qnn,16,0.2049113302355254
qnn,16,0.27697019489132035
qnn,16,0.26729625413930636
qnn,16,0.19621873420909577
qnn,16,0.18931078524355832
qnn,16,0.21202864189039866
qnn,16,0.30607846963698543
qnn,16,0.20693248587921806
qnn,16,0.3157765528439024
qnn,16,0.2517956789039564
qnn,16,0.17621003216487235
qnn,16,0.23310412767483335
qnn,16,0.26729625413930636
qnn,16,0.18410443450090286
qnn,16,0.2517956789039564
qnn,16,0.1731519071549185
qnn,16,0.25454774420128023
qnn,16,0.3098051012359585
qnn,16,0.25456515182006045
qnn,16,0.19621873420909577
qnn,16,0.1841746849178067
qnn,16,0.18959530931364493
qnn,16,0.20584685000927888
qnn,16,0.22781259645286617
qnn,16,0.30050796226511967
qnn,16,0.14708665765727366
qnn,16,0.22889981911410215
qnn,16,0.21322524108817603
qnn,16,0.22781259645286617
qnn,16,0.2466708851793922
qnn,16,0.20255480124047243
qnn,16,0.25454774420128023
qnn,16,0.2622734191690756
qnn,16,0.25829672892915284
qnn,16,0.3039915628761812
qnn,16,0.257985040801427
qnn,16,0.21202864189039866
qnn,16,0.2156239183645002
qnn,16,0.20693248587921806
qnn,16,0.20052940883115603
qnn,16,0.20052940883115603
qnn,16,0.2049113302355254
qnn,16,0.3098051012359585
qnn,16,0.22798985892802692
qnn,16,0.30607846963698543
qnn,16,0.21202864189039866
qnn,16,0.22781259645286617
qnn,16,0.19079818839573265
qnn,16,0.30607846963698543
qnn,16,0.30050796226511967
qnn,16,0.25456515182006045
qnn,16,0.18047379177965941
qnn,16,0.23310412767483335
qnn,16,0.27697019489132035
qnn,16,0.2049113302355254
qnn,16,0.30050796226511967
qnn,16,0.2622734191690756
qnn,16,0.15479782616702906
qnn,16,0.17621003216487235
qnn,16,0.3098051012359585
qnn,16,0.32943759392208505
qnn,16,0.18959530931364493
qnn,16,0.20632049999856988
qnn,16,0.16346366910427987
qnn,16,0.22798985892802692
qnn,16,0.23310412767483335
qnn,16,0.25829672892915284
qnn,16,0.20693248587921806
qnn,16,0.16497377799787666
qnn,16,0.2517956789039564
qnn,16,0.17621003216487235
qnn,16,0.19621873420909577
qnn,16,0.2156239183645002
qnn,16,0.23310412767483335
qnn,16,0.23310412767483335
qnn,16,0.2654310197521072
qnn,16,0.257985040801427
qnn,16,0.1986386857878194
qnn,16,0.2466708851793922
qnn,16,0.20262819098119542
qnn,16,0.32943759392208505
qnn,16,0.2622734191690756
qnn,16,0.16497377799787666
qnn,16,0.25454774420128023
qnn,16,0.3157765528439024
qnn,16,0.20632049999856988
qnn,16,0.23445194345472362
qnn,16,0.20693248587921806
qnn,16,0.30607846963698543
shor,16,0.39629712832467096
shor,16,0.3813041890606331
shor,16,0.4153777632270673
shor,16,0.321653354155715
shor,16,0.323000188852325
shor,16,0.321653354155715
shor,16,0.20845555895283616
shor,16,0.32432027771421684
shor,16,0.3592314238238361
shor,16,0.3813041890606331
shor,16,0.3595359286635745
shor,16,0.2522590331059141
shor,16,0.30609318645594646
shor,16,0.3275073245120236
shor,16,0.323000188852325
shor,16,0.3017648395050162
shor,16,0.32432027771421684
shor,16,0.39629712832467096
shor,16,0.2522590331059141
shor,16,0.3500196040667769
shor,16,0.31256113243125605
shor,16,0.3275073245120236
shor,16,0.42108998859113267
shor,16,0.43947335000896776
shor,16,0.2522590331059141
shor,16,0.29708102039609824
shor,16,0.33025059556821534
shor,16,0.3595359286635745
shor,16,0.323000188852325
shor,16,0.39295246527236044
shor,16,0.3543210691856266
shor,16,0.20845555895283616
shor,16,0.24724082812854487
shor,16,0.3017648395050162
shor,16,0.321653354155715
shor,16,0.3017648395050162
shor,16,0.2522590331059141
shor,16,0.24713411854104125
shor,16,0.3813041890606331
shor,16,0.32432027771421684
shor,16,0.321653354155715
shor,16,0.2522590331059141
shor,16,0.3366066548098529
shor,16,0.3266789765949378
shor,16,0.3296394947709649
shor,16,0.3813041890606331
shor,16,0.232173281347949
shor,16,0.24972973618239774
shor,16,0.29708102039609824
shor,16,0.3592314238238361
shor,16,0.37936386721248383
shor,16,0.33247447276969666
shor,16,0.24724082812854487
shor,16,0.4197557265833382
shor,16,0.4197557265833382
shor,16,0.3353399985014691
shor,16,0.32432027771421684
shor,16,0.3500196040667769
shor,16,0.3595359286635745
shor,16,0.24713411854104125
shor,16,0.321653354155715
shor,16,0.43947335000896776
shor,16,0.24724082812854487
shor,16,0.24724082812854487
shor,16,0.39295246527236044
shor,16,0.33247447276969666
shor,16,0.3275073245120236
shor,16,0.232173281347949
shor,16,0.3353399985014691
shor,16,0.33025059556821534
shor,16,0.3296394947709649
shor,16,0.2522590331059141
shor,16,0.33247447276969666
shor,16,0.3595359286635745
shor,16,0.37936386721248383
shor,16,0.33025059556821534
shor,16,0.4153777632270673
shor,16,0.35254916929719227
shor,16,0.1713812756993202
shor,16,0.20845555895283616
shor,16,0.42108998859113267
shor,16,0.3500196040667769
shor,16,0.32432027771421684
shor,16,0.3813041890606331
shor,16,0.43947335000896776
shor,16,0.33025059556821534
shor,16,0.37936386721248383
shor,16,0.323000188852325
shor,16,0.3296394947709649
shor,16,0.20845555895283616
shor,16,0.24713411854104125
shor,16,0.35254916929719227
shor,16,0.323000188852325
shor,16,0.3353399985014691
shor,16,0.3595359286635745
shor,16,0.3017648395050162
shor,16,0.2522590331059141
shor,16,0.3813041890606331
shor,16,0.32432027771421684
shor,16,0.3266789765949378
shor,16,0.3266789765949378
shor,16,0.32432027771421684
shor,16,0.3595359286635745
shor,16,0.39295246527236044
shor,16,0.3366066548098529
shor,16,0.32432027771421684
shor,16,0.38130418906063296
shor,16,0.2522590331059141
shor,16,0.3592314238238361
shor,16,0.3366066548098529
shor,16,0.1713812756993202
shor,16,0.323000188852325
shor,16,0.31256113243125605
shor,16,0.33247447276969666
shor,16,0.31256113243125605
shor,16,0.4197557265833382
shor,16,0.3813041890606331
shor,16,0.321653354155715
shor,16,0.24713411854104125
shor,16,0.20505989978325828
shor,16,0.323000188852325
shor,16,0.18270983234926622
shor,16,0.3592314238238361
shor,16,0.3017648395050162
shor,16,0.3500196040667769
shor,16,0.1713812756993202
shor,16,0.24724082812854487
shor,16,0.321653354155715
shor,16,0.24972973618239774
shor,16,0.37936386721248383
shor,16,0.24972973618239774
shor,16,0.4153777632270673
shor,16,0.24713411854104125
shor,16,0.2522590331059141
shor,16,0.3266789765949378
shor,16,0.24972973618239774
shor,16,0.20845555895283616
shor,16,0.3275073245120236
shor,16,0.35254916929719227
shor,16,0.29708102039609824
shor,16,0.38130418906063296
shor,16,0.35254916929719227
shor,16,0.3595359286635745
shor,16,0.24724082812854487
shor,16,0.20845555895283616
shor,16,0.232173281347949
shor,16,0.1713812756993202
shor,16,0.32432027771421684
shor,16,0.2522590331059141
shor,16,0.33247447276969666
shor,16,0.2522590331059141
shor,16,0.31256113243125605
shor,16,0.4197557265833382
shor,16,0.43947335000896776
shor,16,0.43947335000896776
shor,16,0.29708102039609824
shor,16,0.42108998859113267
shor,16,0.232173281347949
shor,16,0.2522590331059141
shor,16,0.37936386721248383
shor,16,0.24724082812854487
shor,16,0.2522590331059141
shor,16,0.24713411854104125
shor,16,0.3366066548098529
shor,16,0.3813041890606331
shor,16,0.4197557265833382
shor,16,0.24724082812854487
shor,16,0.2522590331059141
shor,16,0.3296394947709649
shor,16,0.37936386721248383
shor,16,0.18270983234926622
shor,16,0.4153777632270673
shor,16,0.232173281347949
shor,16,0.33025059556821534
shor,16,0.3595359286635745
shor,16,0.24972973618239774
shor,16,0.3500196040667769
shor,16,0.3595359286635745
shor,16,0.24972973618239774
shor,16,0.2522590331059141
shor,16,0.3500196040667769
shor,16,0.33247447276969666
shor,16,0.20845555895283616
shor,16,0.4153777632270673
shor,16,0.3353399985014691
shor,16,0.33247447276969666
shor,16,0.24713411854104125
shor,16,0.20845555895283616
shor,16,0.20505989978325828
shor,16,0.24713411854104125
shor,16,0.29708102039609824
shor,16,0.33247447276969666
shor,16,0.3500196040667769
shor,16,0.3353399985014691
shor,16,0.3592314238238361
shor,16,0.3595359286635745
shor,16,0.4153777632270673
shor,16,0.321653354155715
shor,16,0.33247447276969666
shor,16,0.3275073245120236
qec,16,0.32223151368641956
qec,16,0.282737995454145
qec,16,0.3567741051457016
qec,16,0.3567741051457016
qec,16,0.298065859159718
qec,16,0.282737995454145
qec,16,0.298065859159718
qec,16,0.282737995454145
qec,16,0.282737995454145
qec,16,0.298065859159718
qec,16,0.298065859159718
qec,16,0.298065859159718
qec,16,0.298065859159718
qec,16,0.298065859159718
qec,16,0.298065859159718
qec,16,0.298065859159718
qec,16,0.2662528060390243
qec,16,0.3567741051457016
qec,16,0.298065859159718
qec,16,0.2662528060390243
qec,16,0.2662528060390243
qec,16,0.3567741051457016
qec,16,0.298065859159718
qec,16,0.298065859159718
qec,16,0.298065859159718
qec,16,0.298065859159718
qec,16,0.2662528060390243
qec,16,0.298065859159718
qec,16,0.27770105213619
qec,16,0.298065859159718
qec,16,0.298065859159718
qec,16,0.298065859159718
qec,16,0.32223151368641956
qec,16,0.298065859159718
qec,16,0.2662528060390243
qec,16,0.298065859159718
qec,16,0.32223151368641956
qec,16,0.27770105213619
qec,16,0.298065859159718
qec,16,0.3567741051457016
qec,16,0.282737995454145
qec,16,0.2662528060390243
qec,16,0.2662528060390243
qec,16,0.27770105213619
qec,16,0.27770105213619
qec,16,0.2662528060390243
qec,16,0.298065859159718
qec,16,0.27770105213619
qec,16,0.298065859159718
qec,16,0.3567741051457016
qec,16,0.27770105213619
qec,16,0.2662528060390243
qec,16,0.32223151368641956
qec,16,0.3567741051457016
qec,16,0.3567741051457016
qec,16,0.27770105213619
qec,16,0.3567741051457016
qec,16,0.2662528060390243
qec,16,0.282737995454145
qec,16,0.2662528060390243
qec,16,0.2662528060390243
qec,16,0.2662528060390243
qec,16,0.2662528060390243
qec,16,0.3567741051457016
qec,16,0.298065859159718
qec,16,0.2662528060390243
qec,16,0.298065859159718
qec,16,0.298065859159718
qec,16,0.298065859159718
qec,16,0.3567741051457016
qec,16,0.3567741051457016
qec,16,0.32223151368641956
qec,16,0.27770105213619
qec,16,0.32223151368641956
qec,16,0.27770105213619
qec,16,0.3567741051457016
qec,16,0.298065859159718
qec,16,0.32223151368641956
qec,16,0.298065859159718
qec,16,0.27770105213619
qec,16,0.27770105213619
qec,16,0.27770105213619
qec,16,0.3567741051457016
qec,16,0.32223151368641956
qec,16,0.32223151368641956
qec,16,0.298065859159718
qec,16,0.298065859159718
qec,16,0.282737995454145
qec,16,0.282737995454145
qec,16,0.282737995454145
qec,16,0.298065859159718
qec,16,0.298065859159718
qec,16,0.32223151368641956
qec,16,0.2662528060390243
qec,16,0.27770105213619
qec,16,0.298065859159718
qec,16,0.298065859159718
qec,16,0.282737995454145
qec,16,0.298065859159718
qec,16,0.27770105213619
qec,16,0.3567741051457016
qec,16,0.282737995454145
qec,16,0.298065859159718
qec,16,0.298065859159718
qec,16,0.298065859159718
qec,16,0.298065859159718
qec,16,0.282737995454145
qec,16,0.3567741051457016
qec,16,0.282737995454145
qec,16,0.298065859159718
qec,16,0.27770105213619
qec,16,0.282737995454145
qec,16,0.3567741051457016
qec,16,0.27770105213619
qec,16,0.32223151368641956
qec,16,0.298065859159718
qec,16,0.298065859159718
qec,16,0.2662528060390243
qec,16,0.32223151368641956
qec,16,0.32223151368641956
qec,16,0.27770105213619
qec,16,0.298065859159718
qec,16,0.298065859159718
qec,16,0.27770105213619
qec,16,0.3567741051457016
qec,16,0.282737995454145
qec,16,0.298065859159718
qec,16,0.298065859159718
qec,16,0.282737995454145
qec,16,0.32223151368641956
qec,16,0.298065859159718
qec,16,0.3567741051457016
qec,16,0.32223151368641956
qec,16,0.282737995454145
qec,16,0.3567741051457016
qec,16,0.282737995454145
qec,16,0.27770105213619
qec,16,0.282737995454145
qec,16,0.3567741051457016
qec,16,0.298065859159718
qec,16,0.3567741051457016
qec,16,0.2662528060390243
qec,16,0.32223151368641956
qec,16,0.298065859159718
qec,16,0.298065859159718
qec,16,0.32223151368641956
qec,16,0.3567741051457016
qec,16,0.282737995454145
qec,16,0.298065859159718
qec,16,0.298065859159718
qec,16,0.298065859159718
qec,16,0.2662528060390243
qec,16,0.298065859159718
qec,16,0.298065859159718
qec,16,0.27770105213619
qec,16,0.298065859159718
qec,16,0.32223151368641956
qec,16,0.27770105213619
qec,16,0.32223151368641956
qec,16,0.298065859159718
qec,16,0.27770105213619
qec,16,0.298065859159718
qec,16,0.3567741051457016
qec,16,0.27770105213619
qec,16,0.282737995454145
qec,16,0.282737995454145
qec,16,0.298065859159718
qec,16,0.3567741051457016
qec,16,0.32223151368641956
qec,16,0.2662528060390243
qec,16,0.27770105213619
qec,16,0.27770105213619
qec,16,0.32223151368641956
qec,16,0.298065859159718
qec,16,0.298065859159718
qec,16,0.282737995454145
qec,16,0.27770105213619
qec,16,0.298065859159718
qec,16,0.298065859159718
qec,16,0.282737995454145
qec,16,0.298065859159718
qec,16,0.298065859159718
qec,16,0.282737995454145
qec,16,0.27770105213619
qec,16,0.27770105213619
qec,16,0.27770105213619
qec,16,0.2662528060390243
qec,16,0.32223151368641956
qec,16,0.3567741051457016
qec,16,0.3567741051457016
qec,16,0.298065859159718
qec,16,0.298065859159718
qec,16,0.32223151368641956
qec,16,0.27770105213619
qec,16,0.32223151368641956
qec,16,0.298065859159718
qec,16,0.282737995454145
qec,16,0.32223151368641956
qec,16,0.298065859159718
qec,16,0.32223151368641956
xeb,18,0.2380030387982976
xeb,18,0.2828785421586231
xeb,18,0.28847368583766814
xeb,18,0.35114081429387695
xeb,18,0.32351874664080865
xeb,18,0.24287551994391204
xeb,18,0.3572201148462918
xeb,18,0.23267391092531256
xeb,18,0.21381171953860828
xeb,18,0.3572201148462918
xeb,18,0.3572201148462918
xeb,18,0.2690405699612637
xeb,18,0.23209439416485217
xeb,18,0.19834425039693848
xeb,18,0.3103337957110384
xeb,18,0.19540786566392057
xeb,18,0.21381171953860828
xeb,18,0.19540786566392057
xeb,18,0.23267391092531256
xeb,18,0.2189834975489651
xeb,18,0.31604803939992077
xeb,18,0.2189834975489651
xeb,18,0.3118202705939054
xeb,18,0.23000613679695583
xeb,18,0.2841269271342392
xeb,18,0.2841269271342392
xeb,18,0.3118202705939054
xeb,18,0.32351874664080865
xeb,18,0.3572201148462918
xeb,18,0.21669782788880115
xeb,18,0.31604803939992077
xeb,18,0.35114081429387695
xeb,18,0.3118202705939054
xeb,18,0.24287551994391204
xeb,18,0.2828785421586231
xeb,18,0.23757008326856444
xeb,18,0.23000613679695583
xeb,18,0.2690405699612637
xeb,18,0.34677934507701536
xeb,18,0.3195967681365537
xeb,18,0.2380030387982976
xeb,18,0.3043208103443543
xeb,18,0.21576460405066503
xeb,18,0.212821124845402
xeb,18,0.2828785421586231
xeb,18,0.3103337957110384
xeb,18,0.2380030387982976
xeb,18,0.25212431756657566
xeb,18,0.3103337957110384
xeb,18,0.32351874664080865
xeb,18,0.32161565281181687
xeb,18,0.31655364714842704
xeb,18,0.26181585859046086
xeb,18,0.2776679082137571
xeb,18,0.3572201148462918
xeb,18,0.23209439416485217
xeb,18,0.2189834975489651
xeb,18,0.3691354912211112
xeb,18,0.23267391092531256
xeb,18,0.28847368583766814
xeb,18,0.31655364714842704
xeb,18,0.3572201148462918
xeb,18,0.35114081429387695
xeb,18,0.23000613679695583
xeb,18,0.3572201148462918
xeb,18,0.32161565281181687
xeb,18,0.28745394390819673
xeb,18,0.21381171953860828
xeb,18,0.31394768242440363
xeb,18,0.3572201148462918
xeb,18,0.3043208103443543
xeb,18,0.31655364714842704
xeb,18,0.25212431756657566
xeb,18,0.3043208103443543
xeb,18,0.27768823627828304
xeb,18,0.21576460405066503
xeb,18,0.23357545090035423
xeb,18,0.3691354912211112
xeb,18,0.28745394390819673
xeb,18,0.19834425039693848
xeb,18,0.3572201148462918
xeb,18,0.23209439416485217
xeb,18,0.2189834975489651
xeb,18,0.32351874664080865
xeb,18,0.23000613679695583
xeb,18,0.23209439416485217
xeb,18,0.35114081429387695
xeb,18,0.2841269271342392
xeb,18,0.2690405699612637
xeb,18,0.31604803939992077
xeb,18,0.3691354912211112
xeb,18,0.27768823627828304
xeb,18,0.2841269271342392
xeb,18,0.29296429173923605
xeb,18,0.23757008326856444
xeb,18,0.29296429173923605
xeb,18,0.2690405699612637
xeb,18,0.23000613679695583
xeb,18,0.2828785421586231
xeb,18,0.2380030387982976
xeb,18,0.3572201148462918
xeb,18,0.26460369676706647
xeb,18,0.21576460405066503
xeb,18,0.3691354912211112
xeb,18,0.23000613679695583
xeb,18,0.2828785421586231
xeb,18,0.3691354912211112
xeb,18,0.35114081429387695
xeb,18,0.3195967681365537
xeb,18,0.24287551994391204
xeb,18,0.28745394390819673
xeb,18,0.23267391092531256
xeb,18,0.3118202705939054
xeb,18,0.23267391092531256
xeb,18,0.23357545090035423
xeb,18,0.23757008326856444
xeb,18,0.26181585859046086
xeb,18,0.21576460405066503
xeb,18,0.3691354912211112
xeb,18,0.31655364714842704
xeb,18,0.23267391092531256
xeb,18,0.19540786566392057
xeb,18,0.32351874664080865
xeb,18,0.212821124845402
xeb,18,0.31604803939992077
xeb,18,0.3043208103443543
xeb,18,0.23267391092531256
xeb,18,0.24287551994391204
xeb,18,0.2189834975489651
xeb,18,0.2841269271342392
xeb,18,0.23267391092531256
xeb,18,0.21576460405066503
xeb,18,0.3691354912211112
xeb,18,0.3195967681365537
xeb,18,0.2189834975489651
xeb,18,0.28847368583766814
xeb,18,0.2776679082137571
xeb,18,0.2776679082137571
xeb,18,0.2380030387982976
xeb,18,0.29296429173923605
xeb,18,0.2828785421586231
xeb,18,0.26181585859046086
xeb,18,0.2189834975489651
xeb,18,0.23757008326856444
xeb,18,0.2380030387982976
xeb,18,0.26181585859046086
xeb,18,0.26181585859046086
xeb,18,0.23357545090035423
xeb,18,0.26460369676706647
xeb,18,0.26460369676706647
xeb,18,0.32351874664080865
xeb,18,0.23000613679695583
xeb,18,0.23757008326856444
xeb,18,0.3572201148462918
xeb,18,0.23209439416485217
xeb,18,0.29296429173923605
xeb,18,0.31604803939992077
xeb,18,0.32161565281181687
xeb,18,0.23209439416485217
xeb,18,0.19540786566392057
xeb,18,0.31394768242440363
xeb,18,0.32351874664080865
xeb,18,0.3103337957110384
xeb,18,0.3118202705939054
xeb,18,0.23209439416485217
xeb,18,0.31394768242440363
xeb,18,0.2380030387982976
xeb,18,0.23000613679695583
xeb,18,0.3572201148462918
xeb,18,0.3691354912211112
xeb,18,0.23357545090035423
xeb,18,0.23000613679695583
xeb,18,0.3572201148462918
xeb,18,0.2828785421586231
xeb,18,0.25212431756657566
xeb,18,0.23267391092531256
xeb,18,0.28847368583766814
xeb,18,0.3572201148462918
xeb,18,0.32351874664080865
xeb,18,0.23357545090035423
xeb,18,0.2776679082137571
xeb,18,0.3043208103443543
xeb,18,0.32161565281181687
xeb,18,0.32161565281181687
xeb,18,0.26181585859046086
xeb,18,0.19834425039693848
xeb,18,0.19834425039693848
xeb,18,0.32161565281181687
xeb,18,0.2776679082137571
xeb,18,0.21669782788880115
xeb,18,0.26460369676706647
xeb,18,0.28847368583766814
xeb,18,0.3572201148462918
xeb,18,0.28745394390819673
xeb,18,0.26181585859046086
xeb,18,0.3572201148462918
xeb,18,0.212821124845402
xeb,18,0.2776679082137571
xeb,18,0.3691354912211112
xeb,18,0.32161565281181687
qnn,18,0.2924692802898071
qnn,18,0.26466530382248465
qnn,18,0.21510215854670653
qnn,18,0.2515406476607873
qnn,18,0.28428816275959834
qnn,18,0.21104102393666158
qnn,18,0.22086575668957795
qnn,18,0.1624785195206937
qnn,18,0.19115798291242628
qnn,18,0.24150478459662605
qnn,18,0.2820112189180564
qnn,18,0.24804544123930908
qnn,18,0.21104102393666158
qnn,18,0.21260545414851795
qnn,18,0.1993278524462404
qnn,18,0.1929190465984773
qnn,18,0.2328952331694924
qnn,18,0.3293340475384864
qnn,18,0.18779549269895685
qnn,18,0.2357816356858603
qnn,18,0.22086575668957795
qnn,18,0.23451361609184346
qnn,18,0.2820112189180564
qnn,18,0.22086575668957795
qnn,18,0.22254396670079044
qnn,18,0.2499161641350953
qnn,18,0.21323552486175404
qnn,18,0.25443138884841066
qnn,18,0.2515406476607873
qnn,18,0.22485376992653047
qnn,18,0.2820112189180564
qnn,18,0.17599442006898627
qnn,18,0.29765788734260595
qnn,18,0.29204071204248455
qnn,18,0.25443138884841066
qnn,18,0.1874485009943785
qnn,18,0.21260545414851795
qnn,18,0.21104102393666158
qnn,18,0.2357816356858603
qnn,18,0.22086575668957795
qnn,18,0.23451361609184346
qnn,18,0.1874485009943785
qnn,18,0.1929190465984773
qnn,18,0.2721412616924568
qnn,18,0.2432254543976651
qnn,18,0.27675776205522357
qnn,18,0.2199988310369063
qnn,18,0.29573617240698086
qnn,18,0.17599442006898627
qnn,18,0.24998294948368563
qnn,18,0.31084963467089677
qnn,18,0.1624785195206937
qnn,18,0.2499161641350953
qnn,18,0.22027193896421995
qnn,18,0.24804544123930908
qnn,18,0.34571524675395005
qnn,18,0.19115798291242628
qnn,18,0.25443138884841066
qnn,18,0.21260545414851795
qnn,18,0.22751471112322308
qnn,18,0.1874485009943785
qnn,18,0.24998294948368563
qnn,18,0.14665386160941998
qnn,18,0.2924692802898071
qnn,18,0.1624785195206937
qnn,18,0.2757430470144323
qnn,18,0.36260350736836466
qnn,18,0.2924692802898071
qnn,18,0.26466530382248465
qnn,18,0.2499161641350953
qnn,18,0.2820112189180564
qnn,18,0.24996346241160206
qnn,18,0.2543892735574461
qnn,18,0.1624785195206937
qnn,18,0.29204071204248455
qnn,18,0.24998294948368563
qnn,18,0.21510215854670653
qnn,18,0.25527100931585583
qnn,18,0.1874485009943785
qnn,18,0.29573617240698086
qnn,18,0.29204071204248455
qnn,18,0.3243296871520885
qnn,18,0.2515406476607873
qnn,18,0.22485376992653047
qnn,18,0.27675776205522357
qnn,18,0.24998294948368563
qnn,18,0.22993272386687497
qnn,18,0.14665386160941998
qnn,18,0.2757430470144323
qnn,18,0.18508637191400737
qnn,18,0.28428816275959834
qnn,18,0.2432254543976651
qnn,18,0.22086575668957795
qnn,18,0.22254396670079044
qnn,18,0.24150478459662605
qnn,18,0.2199988310369063
qnn,18,0.26466530382248465
qnn,18,0.3025842484899344
qnn,18,0.2757430470144323
qnn,18,0.14665386160941998
qnn,18,0.3319566940086885
qnn,18,0.2499161641350953
qnn,18,0.3293340475384864
qnn,18,0.17599442006898627
qnn,18,0.2721412616924568
qnn,18,0.25527100931585583
qnn,18,0.3243296871520885
qnn,18,0.21510215854670653
qnn,18,0.22751471112322308
qnn,18,0.21104102393666158
qnn,18,0.22086575668957795
qnn,18,0.22751471112322308
qnn,18,0.2721412616924568
qnn,18,0.22086575668957795
qnn,18,0.1874485009943785
qnn,18,0.3319566940086885
qnn,18,0.18508637191400737
qnn,18,0.21510215854670653
qnn,18,0.24804544123930908
qnn,18,0.3025842484899344
qnn,18,0.21729661511053117
qnn,18,0.2721412616924568
qnn,18,0.34571524675395005
qnn,18,0.17599442006898627
qnn,18,0.18508637191400737
qnn,18,0.3243296871520885
qnn,18,0.21260545414851795
qnn,18,0.21260545414851795
qnn,18,0.14665386160941998
qnn,18,0.25948013124718283
qnn,18,0.25443138884841066
qnn,18,0.24150478459662605
qnn,18,0.29765788734260595
qnn,18,0.22751471112322308
qnn,18,0.2199988310369063
qnn,18,0.1874485009943785
qnn,18,0.21323552486175404
qnn,18,0.29765788734260595
qnn,18,0.18779549269895685
qnn,18,0.1624785195206937
qnn,18,0.2543892735574461
qnn,18,0.25443138884841066
qnn,18,0.29573617240698086
qnn,18,0.22086575668957795
qnn,18,0.22254396670079044
qnn,18,0.2432254543976651
qnn,18,0.24998294948368563
qnn,18,0.24150478459662605
qnn,18,0.24996346241160206
qnn,18,0.21104102393666158
qnn,18,0.2686676548979477
qnn,18,0.2686676548979477
qnn,18,0.21104102393666158
qnn,18,0.22993272386687497
qnn,18,0.14665386160941998
qnn,18,0.22086575668957795
qnn,18,0.2499161641350953
qnn,18,0.18508637191400737
qnn,18,0.18779549269895685
qnn,18,0.17599442006898627
qnn,18,0.22254396670079044
qnn,18,0.2721412616924568
qnn,18,0.3293340475384864
qnn,18,0.2199988310369063
qnn,18,0.2199988310369063
qnn,18,0.28428816275959834
qnn,18,0.3025842484899344
qnn,18,0.3243296871520885
qnn,18,0.22086575668957795
qnn,18,0.23451361609184346
qnn,18,0.21323552486175404
qnn,18,0.22485376992653047
qnn,18,0.2543892735574461
qnn,18,0.24998294948368563
qnn,18,0.22254396670079044
qnn,18,0.2686676548979477
qnn,18,0.17599442006898627
qnn,18,0.21260545414851795
qnn,18,0.21510215854670653
qnn,18,0.14665386160941998
qnn,18,0.2499161641350953
qnn,18,0.1993278524462404
qnn,18,0.24996346241160206
qnn,18,0.21510215854670653
qnn,18,0.2721412616924568
qnn,18,0.22993272386687497
qnn,18,0.25443138884841066
qnn,18,0.21260545414851795
qnn,18,0.1929190465984773
qnn,18,0.2820112189180564
qnn,18,0.2820112189180564
qnn,18,0.2820112189180564
qnn,18,0.2543892735574461
qnn,18,0.29204071204248455
qnn,18,0.21323552486175404
qnn,18,0.29765788734260595
qnn,18,0.29573617240698086
qnn,18,0.25443138884841066
qnn,18,0.3319566940086885
qnn,18,0.36260350736836466
shor,18,0.3474384003735473
shor,18,0.406223816214184
shor,18,0.4335049254880101
shor,18,0.21808082363362333
shor,18,0.2516510129329553
shor,18,0.23899843373486304
shor,18,0.19125867576078323
shor,18,0.32568628341957073
shor,18,0.21808082363362333
shor,18,0.3842247153758647
shor,18,0.37972444771518643
shor,18,0.4345249138405492
shor,18,0.406223816214184
shor,18,0.3255742002412716
shor,18,0.45873482702967144
shor,18,0.2553300644674645
shor,18,0.3427191418911918
shor,18,0.3474384003735473
shor,18,0.331591019649336
shor,18,0.4335049254880101
shor,18,0.45873482702967144
shor,18,0.45873482702967144
shor,18,0.45873482702967144
shor,18,0.23899843373486304
shor,18,0.45873482702967144
shor,18,0.2652852943641405
shor,18,0.35901066361901096
shor,18,0.32568628341957073
shor,18,0.3427191418911918
shor,18,0.21231022569507066
shor,18,0.3255742002412716
shor,18,0.23899843373486304
shor,18,0.1810997965635727
shor,18,0.1810997965635727
shor,18,0.3342523113037231
shor,18,0.406223816214184
shor,18,0.3342523113037231
shor,18,0.406223816214184
shor,18,0.3384999533716366
shor,18,0.3427191418911918
shor,18,0.2652852943641405
shor,18,0.36007240306644744
shor,18,0.3474384003735473
shor,18,0.3842247153758647
shor,18,0.3842247153758647
shor,18,0.2652852943641403
shor,18,0.36007240306644744
shor,18,0.3592262361646611
shor,18,0.3427191418911918
shor,18,0.4345249138405492
shor,18,0.3255742002412716
shor,18,0.3562665263729365
shor,18,0.32568628341957073
shor,18,0.2652852943641405
shor,18,0.37972444771518643
shor,18,0.3562665263729365
shor,18,0.33781800743406243
shor,18,0.37972444771518643
shor,18,0.43249178916115477
shor,18,0.26375379421236694
shor,18,0.3266347985894835
shor,18,0.37972444771518643
shor,18,0.35901066361901096
shor,18,0.4335049254880101
shor,18,0.3592262361646611
shor,18,0.2553300644674645
shor,18,0.36007240306644744
shor,18,0.33781800743406243
shor,18,0.2516510129329553
shor,18,0.3205405191960116
shor,18,0.21808082363362333
shor,18,0.19125867576078323
shor,18,0.36007240306644744
shor,18,0.3842247153758647
shor,18,0.3592262361646611
shor,18,0.3962158320892204
shor,18,0.3592262361646611
shor,18,0.2553300644674645
shor,18,0.3592262361646611
shor,18,0.45873482702967144
shor,18,0.19125867576078323
shor,18,0.3592262361646611
shor,18,0.326879463272747
shor,18,0.35901066361901096
shor,18,0.406223816214184
shor,18,0.3592262361646611
shor,18,0.2553300644674645
shor,18,0.3205405191960116
shor,18,0.331591019649336
shor,18,0.3427191418911918
shor,18,0.4345249138405492
shor,18,0.3342523113037231
shor,18,0.2652852943641403
shor,18,0.3962158320892204
shor,18,0.4113108923781255
shor,18,0.3474384003735473
shor,18,0.2652852943641403
shor,18,0.35901066361901096
shor,18,0.4113108923781255
shor,18,0.3954204742330917
shor,18,0.3255742002412716
shor,18,0.4335049254880101
shor,18,0.3342523113037231
shor,18,0.2652852943641405
shor,18,0.23899843373486304
shor,18,0.37972444771518643
shor,18,0.3255742002412716
shor,18,0.2652852943641403
shor,18,0.406223816214184
shor,18,0.326879463272747
shor,18,0.43249178916115477
shor,18,0.19125867576078323
shor,18,0.406223816214184
shor,18,0.3342523113037231
shor,18,0.23899843373486304
shor,18,0.3854446020232432
shor,18,0.2652852943641403
shor,18,0.4345249138405492
shor,18,0.3854446020232432
shor,18,0.331591019649336
shor,18,0.23899843373486304
shor,18,0.26375379421236694
shor,18,0.3612107001618094
shor,18,0.4335049254880101
shor,18,0.21808082363362333
shor,18,0.21231022569507066
shor,18,0.2553300644674645
shor,18,0.4335049254880101
shor,18,0.4113108923781255
shor,18,0.406223816214184
shor,18,0.33781800743406243
shor,18,0.4113108923781255
shor,18,0.3962158320892204
shor,18,0.3854446020232432
shor,18,0.3384999533716366
shor,18,0.2516510129329553
shor,18,0.3562665263729365
shor,18,0.3384999533716366
shor,18,0.3612107001618094
shor,18,0.2516510129329553
shor,18,0.37972444771518643
shor,18,0.3205405191960116
shor,18,0.3592262361646611
shor,18,0.2652852943641405
shor,18,0.4113108923781255
shor,18,0.36007240306644744
shor,18,0.3592262361646611
shor,18,0.4345249138405492
shor,18,0.3854446020232432
shor,18,0.4345249138405492
shor,18,0.3954204742330917
shor,18,0.1810997965635727
shor,18,0.3427191418911918
shor,18,0.3562665263729365
shor,18,0.2652852943641405
shor,18,0.3342523113037231
shor,18,0.4335049254880101
shor,18,0.39542047423309157
shor,18,0.4335049254880101
shor,18,0.26375379421236694
shor,18,0.35901066361901096
shor,18,0.3954204742330917
shor,18,0.3954204742330917
shor,18,0.3562665263729365
shor,18,0.2553300644674645
shor,18,0.37972444771518643
shor,18,0.3266347985894835
shor,18,0.2652852943641405
shor,18,0.406223816214184
shor,18,0.2652852943641405
shor,18,0.3962158320892204
shor,18,0.2652852943641403
shor,18,0.21231022569507066
shor,18,0.3474384003735473
shor,18,0.3854446020232432
shor,18,0.4335049254880101
shor,18,0.19125867576078323
shor,18,0.3427191418911918
shor,18,0.3562665263729365
shor,18,0.2553300644674645
shor,18,0.2652852943641405
shor,18,0.3562665263729365
shor,18,0.2652852943641403
shor,18,0.3474384003735473
shor,18,0.3266347985894835
shor,18,0.21231022569507066
shor,18,0.2652852943641405
shor,18,0.3474384003735473
shor,18,0.4113108923781255
shor,18,0.3954204742330917
shor,18,0.2652852943641403
shor,18,0.3612107001618094
shor,18,0.37972444771518643
shor,18,0.3384999533716366
shor,18,0.4335049254880101
shor,18,0.2652852943641403
shor,18,0.21231022569507066
shor,18,0.37972444771518643
shor,18,0.3255742002412716
shor,18,0.23899843373486304
qec,18,0.2845213961844225
qec,18,0.26779306604040864
qec,18,0.35829919973274
qec,18,0.35829919973274
qec,18,0.35829919973274
qec,18,0.35829919973274
qec,18,0.35929538518448123
qec,18,0.3623995892985736
qec,18,0.35929538518448123
qec,18,0.35829919973274
qec,18,0.35829919973274
qec,18,0.26779306604040864
qec,18,0.30929015274663
qec,18,0.35829919973274
qec,18,0.35829919973274
qec,18,0.26779306604040864
qec,18,0.35829919973274
qec,18,0.26779306604040864
qec,18,0.3623995892985736
qec,18,0.35829919973274
qec,18,0.35829919973274
qec,18,0.35929538518448123
qec,18,0.26779306604040864
qec,18,0.35829919973274
qec,18,0.35829919973274
qec,18,0.35829919973274
qec,18,0.2845213961844225
qec,18,0.35929538518448123
qec,18,0.35929538518448123
qec,18,0.35829919973274
qec,18,0.35829919973274
qec,18,0.30929015274663
qec,18,0.30929015274663
qec,18,0.30929015274663
qec,18,0.35829919973274
qec,18,0.2845213961844225
qec,18,0.2845213961844225
qec,18,0.2845213961844225
qec,18,0.2845213961844225
qec,18,0.3623995892985736
qec,18,0.2845213961844225
qec,18,0.35929538518448123
qec,18,0.35829919973274
qec,18,0.35829919973274
qec,18,0.26779306604040864
qec,18,0.2845213961844225
qec,18,0.35929538518448123
qec,18,0.2845213961844225
qec,18,0.30929015274663
qec,18,0.26779306604040864
qec,18,0.35829919973274
qec,18,0.26779306604040864
qec,18,0.26779306604040864
qec,18,0.26779306604040864
qec,18,0.3623995892985736
qec,18,0.2845213961844225
qec,18,0.35829919973274
qec,18,0.3623995892985736
qec,18,0.35829919973274
qec,18,0.30929015274663
qec,18,0.30929015274663
qec,18,0.3623995892985736
qec,18,0.2845213961844225
qec,18,0.35829919973274
qec,18,0.35829919973274
qec,18,0.26779306604040864
qec,18,0.35829919973274
qec,18,0.35829919973274
qec,18,0.35829919973274
qec,18,0.26779306604040864
qec,18,0.35829919973274
qec,18,0.26779306604040864
qec,18,0.3623995892985736
qec,18,0.35829919973274
qec,18,0.26779306604040864
qec,18,0.35929538518448123
qec,18,0.35829919973274
qec,18,0.30929015274663
qec,18,0.2845213961844225
qec,18,0.26779306604040864
qec,18,0.2845213961844225
qec,18,0.3623995892985736
qec,18,0.35929538518448123
qec,18,0.3623995892985736
qec,18,0.35829919973274
qec,18,0.35929538518448123
qec,18,0.2845213961844225
qec,18,0.2845213961844225
qec,18,0.2845213961844225
qec,18,0.30929015274663
qec,18,0.30929015274663
qec,18,0.3623995892985736
qec,18,0.3623995892985736
qec,18,0.2845213961844225
qec,18,0.35929538518448123
qec,18,0.35929538518448123
qec,18,0.35829919973274
qec,18,0.35829919973274
qec,18,0.3623995892985736
qec,18,0.26779306604040864
qec,18,0.35929538518448123
qec,18,0.26779306604040864
qec,18,0.2845213961844225
qec,18,0.35829919973274
qec,18,0.3623995892985736
qec,18,0.3623995892985736
qec,18,0.26779306604040864
qec,18,0.2845213961844225
qec,18,0.35829919973274
qec,18,0.35929538518448123
qec,18,0.2845213961844225
qec,18,0.35929538518448123
qec,18,0.2845213961844225
qec,18,0.35929538518448123
qec,18,0.35829919973274
qec,18,0.26779306604040864
qec,18,0.30929015274663
qec,18,0.3623995892985736
qec,18,0.3623995892985736
qec,18,0.3623995892985736
qec,18,0.26779306604040864
qec,18,0.30929015274663
qec,18,0.35829919973274
qec,18,0.3623995892985736
qec,18,0.30929015274663
qec,18,0.30929015274663
qec,18,0.30929015274663
qec,18,0.2845213961844225
qec,18,0.3623995892985736
qec,18,0.30929015274663
qec,18,0.35829919973274
qec,18,0.3623995892985736
qec,18,0.35829919973274
qec,18,0.30929015274663
qec,18,0.35929538518448123
qec,18,0.30929015274663
qec,18,0.35829919973274
qec,18,0.35829919973274
qec,18,0.26779306604040864
qec,18,0.3623995892985736
qec,18,0.2845213961844225
qec,18,0.35929538518448123
qec,18,0.35829919973274
qec,18,0.35829919973274
qec,18,0.35929538518448123
qec,18,0.30929015274663
qec,18,0.35929538518448123
qec,18,0.2845213961844225
qec,18,0.35829919973274
qec,18,0.3623995892985736
qec,18,0.35929538518448123
qec,18,0.26779306604040864
qec,18,0.2845213961844225
qec,18,0.35929538518448123
qec,18,0.35929538518448123
qec,18,0.30929015274663
qec,18,0.26779306604040864
qec,18,0.30929015274663
qec,18,0.35829919973274
qec,18,0.35829919973274
qec,18,0.30929015274663
qec,18,0.35929538518448123
qec,18,0.35829919973274
qec,18,0.30929015274663
qec,18,0.35829919973274
qec,18,0.30929015274663
qec,18,0.3623995892985736
qec,18,0.26779306604040864
qec,18,0.35929538518448123
qec,18,0.35829919973274
qec,18,0.3623995892985736
qec,18,0.3623995892985736
qec,18,0.35929538518448123
qec,18,0.3623995892985736
qec,18,0.2845213961844225
qec,18,0.35829919973274
qec,18,0.35929538518448123
qec,18,0.35929538518448123
qec,18,0.3623995892985736
qec,18,0.2845213961844225
qec,18,0.35829919973274
qec,18,0.3623995892985736
qec,18,0.35929538518448123
qec,18,0.35829919973274
qec,18,0.2845213961844225
qec,18,0.35929538518448123
qec,18,0.30929015274663
qec,18,0.35929538518448123
qec,18,0.2845213961844225
qec,18,0.30929015274663
qec,18,0.35829919973274
qec,18,0.26779306604040864
qec,18,0.35929538518448123
qec,18,0.35829919973274
qec,18,0.35829919973274
qec,18,0.26779306604040864
qec,18,0.35829919973274
qec,18,0.2845213961844225
qec,18,0.35829919973274
qec,18,0.3623995892985736
xeb,20,0.29852332049584496
xeb,20,0.38864514332310673
xeb,20,0.32378213750867024
xeb,20,0.38641067346984165
xeb,20,0.29852332049584496
xeb,20,0.284509791119721
xeb,20,0.3190363615141687
xeb,20,0.38641067346984165
xeb,20,0.386685851511788
xeb,20,0.28570894318556206
xeb,20,0.38641067346984165
xeb,20,0.33045312903598556
xeb,20,0.2795040562221995
xeb,20,0.2867438632356582
xeb,20,0.29852332049584496
xeb,20,0.26014745250733057
xeb,20,0.32378213750867024
xeb,20,0.3136474325915991
xeb,20,0.30636061531474656
xeb,20,0.2908011832488188
xeb,20,0.30636061531474656
xeb,20,0.38375203720674705
xeb,20,0.38864514332310673
xeb,20,0.4034237500922343
xeb,20,0.3082324616187792
xeb,20,0.28762001627358386
xeb,20,0.26014745250733057
xeb,20,0.330466207122129
xeb,20,0.4034237500922343
xeb,20,0.3454142435129457
xeb,20,0.386685851511788
xeb,20,0.29753381337841056
xeb,20,0.3632573594296285
xeb,20,0.38641067346984165
xeb,20,0.3682167679147486
xeb,20,0.17888493503139927
xeb,20,0.3190363615141687
xeb,20,0.4447243360599726
xeb,20,0.3136474325915991
xeb,20,0.29852332049584496
xeb,20,0.2795040562221995
xeb,20,0.3454142435129457
xeb,20,0.284509791119721
xeb,20,0.28762001627358386
xeb,20,0.2789800843629029
xeb,20,0.32378213750867024
xeb,20,0.28762001627358386
xeb,20,0.386685851511788
xeb,20,0.2867438632356582
xeb,20,0.3136474325915991
xeb,20,0.34922146072433924
xeb,20,0.330466207122129
xeb,20,0.28762001627358386
xeb,20,0.3284149554607034
xeb,20,0.2909200515524775
xeb,20,0.3004220304381661
xeb,20,0.38375203720674705
xeb,20,0.3082324616187792
xeb,20,0.38375203720674705
xeb,20,0.2789800843629029
xeb,20,0.3888781964066552
xeb,20,0.17888493503139927
xeb,20,0.34922146072433924
xeb,20,0.2908011832488188
xeb,20,0.29852332049584496
xeb,20,0.32378213750867024
xeb,20,0.26014745250733057
xeb,20,0.38375203720674705
xeb,20,0.26042520856709744
xeb,20,0.3190363615141687
xeb,20,0.30636061531474656
xeb,20,0.33045312903598556
xeb,20,0.30035867714736786
xeb,20,0.3284149554607034
xeb,20,0.4026253830319326
xeb,20,0.3213245874201454
xeb,20,0.23880060665022615
xeb,20,0.3641572505769309
xeb,20,0.33045312903598556
xeb,20,0.38641067346984165
xeb,20,0.30636061531474656
xeb,20,0.30035867714736786
xeb,20,0.2795040562221995
xeb,20,0.3190363615141687
xeb,20,0.30636061531474656
xeb,20,0.2795040562221995
xeb,20,0.38641067346984165
xeb,20,0.23880060665022615
xeb,20,0.38375203720674705
xeb,20,0.3038337965579606
xeb,20,0.3284149554607034
xeb,20,0.33045312903598556
xeb,20,0.2795040562221995
xeb,20,0.3284149554607034
xeb,20,0.34922146072433924
xeb,20,0.38641067346984165
xeb,20,0.2789800843629029
xeb,20,0.330466207122129
xeb,20,0.38864514332310673
xeb,20,0.26014745250733057
xeb,20,0.32378213750867024
xeb,20,0.28570894318556206
xeb,20,0.26042520856709744
xeb,20,0.3682167679147486
xeb,20,0.3682167679147486
xeb,20,0.3454142435129457
xeb,20,0.38864514332310673
xeb,20,0.34021415173698893
xeb,20,0.28762001627358386
xeb,20,0.386685851511788
xeb,20,0.29852332049584496
xeb,20,0.4034237500922343
xeb,20,0.2867438632356582
xeb,20,0.3396328429096643
xeb,20,0.4447243360599726
xeb,20,0.3572643081307923
xeb,20,0.4034237500922343
xeb,20,0.29852332049584496
xeb,20,0.3454142435129457
xeb,20,0.28762001627358386
xeb,20,0.28762001627358386
xeb,20,0.2867438632356582
xeb,20,0.3350801016562033
xeb,20,0.284509791119721
xeb,20,0.26014745250733057
xeb,20,0.3284149554607034
xeb,20,0.4447243360599726
xeb,20,0.3190363615141687
xeb,20,0.26042520856709744
xeb,20,0.17888493503139927
xeb,20,0.23880060665022615
xeb,20,0.3004220304381661
xeb,20,0.3888781964066552
xeb,20,0.28570894318556206
xeb,20,0.2795040562221995
xeb,20,0.3682167679147486
xeb,20,0.32378213750867024
xeb,20,0.34021415173698893
xeb,20,0.3454142435129457
xeb,20,0.28570894318556206
xeb,20,0.38864514332310673
xeb,20,0.3004220304381661
xeb,20,0.2795040562221995
xeb,20,0.3888781964066552
xeb,20,0.3082324616187792
xeb,20,0.34922146072433924
xeb,20,0.30035867714736786
xeb,20,0.32378213750867024
xeb,20,0.3284149554607034
xeb,20,0.4026253830319326
xeb,20,0.330466207122129
xeb,20,0.2908011832488188
xeb,20,0.17888493503139927
xeb,20,0.30636061531474656
xeb,20,0.29852332049584496
xeb,20,0.3350801016562033
xeb,20,0.2909200515524775
xeb,20,0.3190363615141687
xeb,20,0.3396328429096643
xeb,20,0.2795040562221995
xeb,20,0.386685851511788
xeb,20,0.3682167679147486
xeb,20,0.26042520856709744
xeb,20,0.3454142435129457
xeb,20,0.3632573594296285
xeb,20,0.38864514332310673
xeb,20,0.2795040562221995
xeb,20,0.3454142435129457
xeb,20,0.3610167273848212
xeb,20,0.28570894318556206
xeb,20,0.3610167273848212
xeb,20,0.34021415173698893
xeb,20,0.2909200515524775
xeb,20,0.30636061531474656
xeb,20,0.3610167273848212
xeb,20,0.3350801016562033
xeb,20,0.3632573594296285
xeb,20,0.38864514332310673
xeb,20,0.4026253830319326
xeb,20,0.2908011832488188
xeb,20,0.4026253830319326
xeb,20,0.28762001627358386
xeb,20,0.32378213750867024
xeb,20,0.32378213750867024
xeb,20,0.284509791119721
xeb,20,0.3038337965579606
xeb,20,0.29753381337841056
xeb,20,0.3284149554607034
xeb,20,0.32378213750867024
xeb,20,0.3213245874201454
xeb,20,0.26014745250733057
xeb,20,0.3610167273848212
xeb,20,0.3284149554607034
xeb,20,0.4034237500922343
xeb,20,0.3396328429096643
xeb,20,0.2795040562221995
xeb,20,0.34021415173698893
xeb,20,0.2789800843629029
xeb,20,0.3572643081307923
xeb,20,0.3082324616187792
qnn,20,0.2918692954527168
qnn,20,0.22082157848238582
qnn,20,0.2720955094790827
qnn,20,0.36572368024570195
qnn,20,0.2784187745457823
qnn,20,0.2749161920510546
qnn,20,0.30264505883676895
qnn,20,0.43753006589802834
qnn,20,0.2329993914805366
qnn,20,0.35966162564179
qnn,20,0.3429741562113356
qnn,20,0.3303439150561468
qnn,20,0.28617135871917476
qnn,20,0.32112919180167154
qnn,20,0.2631569208105908
qnn,20,0.239225355016337
qnn,20,0.32112919180167154
qnn,20,0.2784187745457823
qnn,20,0.22082157848238582
qnn,20,0.28617135871917476
qnn,20,0.3435757778880934
qnn,20,0.29218379646720294
qnn,20,0.27071282420279896
qnn,20,0.2754515780408164
qnn,20,0.25157046734666927
qnn,20,0.32437195298191457
qnn,20,0.274352399957022
qnn,20,0.3429741562113356
qnn,20,0.28617135871917476
qnn,20,0.3264837595581791
qnn,20,0.31217662718514233
qnn,20,0.37953427824616887
qnn,20,0.32437195298191457
qnn,20,0.32112919180167154
qnn,20,0.41246117841584856
qnn,20,0.2631569208105908
qnn,20,0.2754515780408164
qnn,20,0.24729687725041075
qnn,20,0.3303439150561468
qnn,20,0.35966162564179
qnn,20,0.22082157848238582
qnn,20,0.2720955094790827
qnn,20,0.2918692954527168
qnn,20,0.3435757778880934
qnn,20,0.2907348375858369
qnn,20,0.32112919180167154
qnn,20,0.31217662718514233
qnn,20,0.36572368024570195
qnn,20,0.37953427824616887
qnn,20,0.30152957297444033
qnn,20,0.36572368024570195
qnn,20,0.23583897936411116
qnn,20,0.23748451471941973
qnn,20,0.3429741562113356
qnn,20,0.23583897936411116
qnn,20,0.22082157848238582
qnn,20,0.25157046734666927
qnn,20,0.2918692954527168
qnn,20,0.32112919180167154
qnn,20,0.40293592547788254
qnn,20,0.27071282420279896
qnn,20,0.2945906157205256
qnn,20,0.2864511986903616
qnn,20,0.2784187745457823
qnn,20,0.37953427824616887
qnn,20,0.2784187745457823
qnn,20,0.2907348375858369
qnn,20,0.3264837595581791
qnn,20,0.2918692954527168
qnn,20,0.25157046734666927
qnn,20,0.30613979117780893
qnn,20,0.2133017553303286
qnn,20,0.2428589133737439
qnn,20,0.2784187745457823
qnn,20,0.3429741562113356
qnn,20,0.2945906157205256
qnn,20,0.2428589133737439
qnn,20,0.43753006589802834
qnn,20,0.2784187745457823
qnn,20,0.2918692954527168
qnn,20,0.24729687725041075
qnn,20,0.36968768382410383
qnn,20,0.40293592547788254
qnn,20,0.3303439150561468
qnn,20,0.3510539057886564
qnn,20,0.29218379646720294
qnn,20,0.3292216962622586
qnn,20,0.3040236786374166
qnn,20,0.25157046734666927
qnn,20,0.2281329071942325
qnn,20,0.2749161920510546
qnn,20,0.31096915124534263
qnn,20,0.32112919180167154
qnn,20,0.36572368024570195
qnn,20,0.3429741562113356
qnn,20,0.28771650142317
qnn,20,0.40293592547788254
qnn,20,0.2428589133737439
qnn,20,0.2428589133737439
qnn,20,0.239225355016337
qnn,20,0.2945906157205256
qnn,20,0.35966162564179
qnn,20,0.2329993914805366
qnn,20,0.22082157848238582
qnn,20,0.23748451471941973
qnn,20,0.24729687725041075
qnn,20,0.18650089940665435
qnn,20,0.3040236786374166
qnn,20,0.2749161920510546
qnn,20,0.3884330688648683
qnn,20,0.32437195298191457
qnn,20,0.3435757778880934
qnn,20,0.31096915124534263
qnn,20,0.239225355016337
qnn,20,0.22082157848238582
qnn,20,0.3244764043097021
qnn,20,0.2133017553303286
qnn,20,0.2907348375858369
qnn,20,0.29218379646720294
qnn,20,0.27071282420279896
qnn,20,0.2864511986903616
qnn,20,0.2720955094790827
qnn,20,0.22082157848238582
qnn,20,0.2329993914805366
qnn,20,0.3292216962622586
qnn,20,0.3303439150561468
qnn,20,0.27071282420279896
qnn,20,0.2749161920510546
qnn,20,0.37953427824616887
qnn,20,0.37953427824616887
qnn,20,0.2864511986903616
qnn,20,0.3429741562113356
qnn,20,0.31217662718514233
qnn,20,0.31096915124534263
qnn,20,0.28617135871917476
qnn,20,0.3040236786374166
qnn,20,0.239225355016337
qnn,20,0.37953427824616887
qnn,20,0.23586200959755338
qnn,20,0.29218379646720294
qnn,20,0.2945906157205256
qnn,20,0.28771650142317
qnn,20,0.3264837595581791
qnn,20,0.36968768382410383
qnn,20,0.36968768382410383
qnn,20,0.30264505883676895
qnn,20,0.24729687725041075
qnn,20,0.3435757778880934
qnn,20,0.23748451471941973
qnn,20,0.30613979117780893
qnn,20,0.3510539057886564
qnn,20,0.256128798718716
qnn,20,0.23583897936411116
qnn,20,0.2329993914805366
qnn,20,0.23748451471941973
qnn,20,0.3292216962622586
qnn,20,0.40293592547788254
qnn,20,0.29218379646720294
qnn,20,0.31096915124534263
qnn,20,0.31217662718514233
qnn,20,0.2428589133737439
qnn,20,0.3303439150561468
qnn,20,0.3435757778880934
qnn,20,0.3499922800146413
qnn,20,0.2428589133737439
qnn,20,0.2749161920510546
qnn,20,0.3292216962622586
qnn,20,0.28771650142317
qnn,20,0.20425296641381493
qnn,20,0.30613979117780893
qnn,20,0.2907348375858369
qnn,20,0.20425296641381493
qnn,20,0.25157046734666927
qnn,20,0.29218379646720294
qnn,20,0.29218379646720294
qnn,20,0.35966162564179
qnn,20,0.37953427824616887
qnn,20,0.36968768382410383
qnn,20,0.25157046734666927
qnn,20,0.40293592547788254
qnn,20,0.28617135871917476
qnn,20,0.3292216962622586
qnn,20,0.37953427824616887
qnn,20,0.3435757778880934
qnn,20,0.23586200959755338
qnn,20,0.2631569208105908
qnn,20,0.36968768382410383
qnn,20,0.3244764043097021
qnn,20,0.23748451471941973
qnn,20,0.28617135871917476
qnn,20,0.20425296641381493
qnn,20,0.41246117841584856
qnn,20,0.3303439150561468
qnn,20,0.28617135871917476
qnn,20,0.2918692954527168
qnn,20,0.274352399957022
qnn,20,0.27071282420279896
qnn,20,0.3435757778880934
qnn,20,0.43753006589802834
qnn,20,0.25157046734666927
shor,20,0.3353138968687956
shor,20,0.2853858860849425
shor,20,0.25958414520547024
shor,20,0.37349984933169544
shor,20,0.38236636385681494
shor,20,0.24695003365005858
shor,20,0.3493554986713542
shor,20,0.33753928262262195
shor,20,0.37349984933169544
shor,20,0.39172933823433975
shor,20,0.3612136509300853
shor,20,0.2853858860849425
shor,20,0.45193833389973276
shor,20,0.37349984933169544
shor,20,0.3666671961030684
shor,20,0.2853858860849425
shor,20,0.2635197675234611
shor,20,0.35262559833400287
shor,20,0.34479929398877474
shor,20,0.3734610825501361
shor,20,0.2635197675234611
shor,20,0.4019334430734031
shor,20,0.3666671961030684
shor,20,0.4019334430734031
shor,20,0.37349984933169544
shor,20,0.42288295189166264
shor,20,0.37349984933169544
shor,20,0.38460575198349545
shor,20,0.3493554986713542
shor,20,0.40170605757341094
shor,20,0.4182084633078661
shor,20,0.41233821366206524
shor,20,0.4019334430734031
shor,20,0.2750823316714318
shor,20,0.38236636385681494
shor,20,0.3612136509300853
shor,20,0.2853858860849425
shor,20,0.2853858860849425
shor,20,0.34806666522382135
shor,20,0.3353138968687956
shor,20,0.37349984933169544
shor,20,0.4019334430734031
shor,20,0.34479929398877474
shor,20,0.34095720969238497
shor,20,0.3734610825501361
shor,20,0.37349984933169544
shor,20,0.40170605757341094
shor,20,0.36736134690767364
shor,20,0.38236636385681494
shor,20,0.2750823316714318
shor,20,0.2635197675234611
shor,20,0.3734610825501361
shor,20,0.3353138968687956
shor,20,0.42288295189166264
shor,20,0.2539704570541058
shor,20,0.25958414520547024
shor,20,0.34806666522382135
shor,20,0.38460575198349545
shor,20,0.4019334430734031
shor,20,0.34095720969238497
shor,20,0.34806666522382135
shor,20,0.3353138968687956
shor,20,0.3493554986713542
shor,20,0.2853858860849425
shor,20,0.3353138968687956
shor,20,0.34806666522382135
shor,20,0.2635197675234611
shor,20,0.4019334430734031
shor,20,0.25958414520547024
shor,20,0.34479929398877474
shor,20,0.25958414520547024
shor,20,0.25958414520547024
shor,20,0.2635197675234611
shor,20,0.3868255604782385
shor,20,0.3666671961030684
shor,20,0.2539704570541058
shor,20,0.4182084633078661
shor,20,0.36736134690767364
shor,20,0.45193833389973276
shor,20,0.34095720969238497
shor,20,0.3868255604782385
shor,20,0.2685752214034389
shor,20,0.38236636385681494
shor,20,0.39172933823433975
shor,20,0.3612136509300853
shor,20,0.2613976860535205
shor,20,0.4019334430734031
shor,20,0.3353138968687956
shor,20,0.39172933823433975
shor,20,0.34095720969238497
shor,20,0.4712723748419657
shor,20,0.38460575198349545
shor,20,0.34806666522382135
shor,20,0.2853858860849426
shor,20,0.2853858860849425
shor,20,0.25958414520547024
shor,20,0.2613976860535205
shor,20,0.37349984933169544
shor,20,0.3612136509300853
shor,20,0.2635197675234611
shor,20,0.38236636385681494
shor,20,0.37349984933169544
shor,20,0.4712723748419657
shor,20,0.4088221665581942
shor,20,0.4088221665581942
shor,20,0.2853858860849425
shor,20,0.2539704570541058
shor,20,0.24695003365005858
shor,20,0.39172933823433975
shor,20,0.4088221665581942
shor,20,0.2685752214034389
shor,20,0.33753928262262195
shor,20,0.4088221665581942
shor,20,0.38236636385681494
shor,20,0.4506199853669446
shor,20,0.35698452525428304
shor,20,0.3868255604782385
shor,20,0.45018043287713816
shor,20,0.35698452525428304
shor,20,0.3353138968687956
shor,20,0.3734610825501361
shor,20,0.24695003365005858
shor,20,0.4019334430734031
shor,20,0.4182084633078661
shor,20,0.24695003365005858
shor,20,0.36736134690767364
shor,20,0.2635197675234611
shor,20,0.35698452525428304
shor,20,0.2853858860849425
shor,20,0.25958414520547024
shor,20,0.3868255604782385
shor,20,0.33753928262262195
shor,20,0.38460575198349545
shor,20,0.2750823316714318
shor,20,0.2635197675234611
shor,20,0.2750823316714318
shor,20,0.35698452525428304
shor,20,0.3353138968687956
shor,20,0.4712723748419657
shor,20,0.35698452525428304
shor,20,0.26807110341112395
shor,20,0.2853858860849425
shor,20,0.34806666522382135
shor,20,0.3734610825501361
shor,20,0.34095720969238497
shor,20,0.3734610825501361
shor,20,0.39172933823433975
shor,20,0.4088221665581942
shor,20,0.33753928262262195
shor,20,0.4182084633078661
shor,20,0.45193833389973276
shor,20,0.34806666522382135
shor,20,0.38460575198349545
shor,20,0.34806666522382135
shor,20,0.40170605757341094
shor,20,0.4712723748419657
shor,20,0.34479929398877474
shor,20,0.4712723748419657
shor,20,0.4088221665581942
shor,20,0.37349984933169544
shor,20,0.39172933823433975
shor,20,0.2853858860849426
shor,20,0.4088221665581942
shor,20,0.3868255604782385
shor,20,0.2750823316714318
shor,20,0.2750823316714318
shor,20,0.35262559833400287
shor,20,0.3666671961030684
shor,20,0.2853858860849425
shor,20,0.35698452525428304
shor,20,0.35262559833400287
shor,20,0.25958414520547024
shor,20,0.2853858860849425
shor,20,0.41233821366206524
shor,20,0.33753928262262195
shor,20,0.34806666522382135
shor,20,0.41233821366206524
shor,20,0.3734610825501361
shor,20,0.42288295189166264
shor,20,0.33753928262262195
shor,20,0.45193833389973276
shor,20,0.33753928262262195
shor,20,0.2539704570541058
shor,20,0.2853858860849425
shor,20,0.36736134690767364
shor,20,0.2635197675234611
shor,20,0.26807110341112395
shor,20,0.3666671961030684
shor,20,0.2853858860849425
shor,20,0.4088221665581942
shor,20,0.4506199853669446
shor,20,0.2853858860849425
shor,20,0.35262559833400287
shor,20,0.2853858860849425
shor,20,0.24695003365005858
shor,20,0.2613976860535205
shor,20,0.2853858860849425
shor,20,0.4506199853669446
shor,20,0.41233821366206524
shor,20,0.37349984933169544
qec,20,0.3850829621702457
qec,20,0.3650905288059112
qec,20,0.391876596082319
qec,20,0.391876596082319
qec,20,0.36428259968139404
qec,20,0.36428259968139404
qec,20,0.3850829621702457
qec,20,0.3850829621702457
qec,20,0.391876596082319
qec,20,0.36428259968139404
qec,20,0.3850829621702457
qec,20,0.3850829621702457
qec,20,0.3597051687361527
qec,20,0.36428259968139404
qec,20,0.3597051687361527
qec,20,0.3850829621702457
qec,20,0.2955007694530292
qec,20,0.2955007694530292
qec,20,0.2955007694530292
qec,20,0.391876596082319
qec,20,0.3850829621702457
qec,20,0.3850829621702457
qec,20,0.3597051687361527
qec,20,0.3597051687361527
qec,20,0.36428259968139404
qec,20,0.3650905288059112
qec,20,0.3850829621702457
qec,20,0.36428259968139404
qec,20,0.3850829621702457
qec,20,0.3650905288059112
qec,20,0.2955007694530292
qec,20,0.2955007694530292
qec,20,0.3597051687361527
qec,20,0.3650905288059112
qec,20,0.3597051687361527
qec,20,0.3850829621702457
qec,20,0.3850829621702457
qec,20,0.3850829621702457
qec,20,0.3850829621702457
qec,20,0.391876596082319
qec,20,0.3850829621702457
qec,20,0.3597051687361527
qec,20,0.3850829621702457
qec,20,0.3850829621702457
qec,20,0.3850829621702457
qec,20,0.3850829621702457
qec,20,0.3850829621702457
qec,20,0.3850829621702457
qec,20,0.3850829621702457
qec,20,0.391876596082319
qec,20,0.3597051687361527
qec,20,0.3850829621702457
qec,20,0.3650905288059112
qec,20,0.3850829621702457
qec,20,0.3850829621702457
qec,20,0.2955007694530292
qec,20,0.36428259968139404
qec,20,0.3650905288059112
qec,20,0.36428259968139404
qec,20,0.3850829621702457
qec,20,0.2955007694530292
qec,20,0.3597051687361527
qec,20,0.391876596082319
qec,20,0.3650905288059112
qec,20,0.36428259968139404
qec,20,0.36428259968139404
qec,20,0.391876596082319
qec,20,0.391876596082319
qec,20,0.3850829621702457
qec,20,0.3850829621702457
qec,20,0.3850829621702457
qec,20,0.3850829621702457
qec,20,0.36428259968139404
qec,20,0.2955007694530292
qec,20,0.391876596082319
qec,20,0.36428259968139404
qec,20,0.3597051687361527
qec,20,0.391876596082319
qec,20,0.36428259968139404
qec,20,0.3650905288059112
qec,20,0.391876596082319
qec,20,0.3597051687361527
qec,20,0.391876596082319
qec,20,0.2955007694530292
qec,20,0.36428259968139404
qec,20,0.3850829621702457
qec,20,0.391876596082319
qec,20,0.3850829621702457
qec,20,0.2955007694530292
qec,20,0.3850829621702457
qec,20,0.3597051687361527
qec,20,0.3850829621702457
qec,20,0.3850829621702457
qec,20,0.2955007694530292
qec,20,0.3850829621702457
qec,20,0.2955007694530292
qec,20,0.3850829621702457
qec,20,0.2955007694530292
qec,20,0.3850829621702457
qec,20,0.391876596082319
qec,20,0.391876596082319
qec,20,0.3850829621702457
qec,20,0.3850829621702457
qec,20,0.3850829621702457
qec,20,0.2955007694530292
qec,20,0.391876596082319
qec,20,0.2955007694530292
qec,20,0.3650905288059112
qec,20,0.3597051687361527
qec,20,0.391876596082319
qec,20,0.3597051687361527
qec,20,0.3597051687361527
qec,20,0.3850829621702457
qec,20,0.391876596082319
qec,20,0.3850829621702457
qec,20,0.2955007694530292
qec,20,0.2955007694530292
qec,20,0.3850829621702457
qec,20,0.391876596082319
qec,20,0.3597051687361527
qec,20,0.3850829621702457
qec,20,0.36428259968139404
qec,20,0.36428259968139404
qec,20,0.36428259968139404
qec,20,0.2955007694530292
qec,20,0.36428259968139404
qec,20,0.3850829621702457
qec,20,0.3597051687361527
qec,20,0.391876596082319
qec,20,0.36428259968139404
qec,20,0.391876596082319
qec,20,0.3850829621702457
qec,20,0.391876596082319
qec,20,0.3597051687361527
qec,20,0.3850829621702457
qec,20,0.3597051687361527
qec,20,0.3850829621702457
qec,20,0.391876596082319
qec,20,0.391876596082319
qec,20,0.2955007694530292
qec,20,0.3650905288059112
qec,20,0.36428259968139404
qec,20,0.36428259968139404
qec,20,0.391876596082319
qec,20,0.3597051687361527
qec,20,0.391876596082319
qec,20,0.3597051687361527
qec,20,0.3850829621702457
qec,20,0.391876596082319
qec,20,0.3850829621702457
qec,20,0.2955007694530292
qec,20,0.36428259968139404
qec,20,0.2955007694530292
qec,20,0.3850829621702457
qec,20,0.391876596082319
qec,20,0.36428259968139404
qec,20,0.2955007694530292
qec,20,0.3650905288059112
qec,20,0.3597051687361527
qec,20,0.3850829621702457
qec,20,0.3850829621702457
qec,20,0.3597051687361527
qec,20,0.391876596082319
qec,20,0.3850829621702457
qec,20,0.3850829621702457
qec,20,0.391876596082319
qec,20,0.36428259968139404
qec,20,0.3850829621702457
qec,20,0.3597051687361527
qec,20,0.2955007694530292
qec,20,0.3850829621702457
qec,20,0.3850829621702457
qec,20,0.3850829621702457
qec,20,0.3850829621702457
qec,20,0.3850829621702457
qec,20,0.3850829621702457
qec,20,0.391876596082319
qec,20,0.3650905288059112
qec,20,0.3850829621702457
qec,20,0.3597051687361527
qec,20,0.3850829621702457
qec,20,0.3650905288059112
qec,20,0.3850829621702457
qec,20,0.3850829621702457
qec,20,0.3850829621702457
qec,20,0.2955007694530292
qec,20,0.391876596082319
qec,20,0.2955007694530292
qec,20,0.3650905288059112
qec,20,0.36428259968139404
qec,20,0.2955007694530292
qec,20,0.2955007694530292
qec,20,0.3597051687361527
qec,20,0.3850829621702457
qec,20,0.3850829621702457
qec,20,0.36428259968139404
qec,20,0.391876596082319
qec,20,0.391876596082319
qec,20,0.3650905288059112
qec,20,0.3850829621702457
xeb,22,0.3933442363091852
xeb,22,0.3135841178989668
xeb,22,0.26569014402931823
xeb,22,0.25309062170564317
xeb,22,0.25309062170564317
xeb,22,0.23982426289990377
xeb,22,0.26569014402931823
xeb,22,0.36824959178450134
xeb,22,0.3488037488986475
xeb,22,0.3142930738698745
xeb,22,0.3120358671365865
xeb,22,0.4265518540775463
xeb,22,0.33491321060129914
xeb,22,0.27351346081677913
xeb,22,0.36467317871297067
xeb,22,0.3065518484388593
xeb,22,0.3488037488986475
xeb,22,0.4260404635889069
xeb,22,0.22813204898565334
xeb,22,0.3120358671365865
xeb,22,0.34952755530175655
xeb,22,0.3065518484388593
xeb,22,0.3933442363091852
xeb,22,0.3065518484388593
xeb,22,0.29518735455182865
xeb,22,0.29518735455182865
xeb,22,0.3654051838185598
xeb,22,0.42653545537356385
xeb,22,0.4082854072215731
xeb,22,0.318684447894504
xeb,22,0.26569014402931823
xeb,22,0.36467317871297067
xeb,22,0.5362152933498296
xeb,22,0.3488037488986475
xeb,22,0.3299984147364162
xeb,22,0.32321840468502994
xeb,22,0.23787368460481514
xeb,22,0.37710252966961477
xeb,22,0.3567375932877364
xeb,22,0.27077406027565026
xeb,22,0.2828224177559311
xeb,22,0.34451562886912346
xeb,22,0.45061988089612187
xeb,22,0.3135841178989668
xeb,22,0.3120358671365865
xeb,22,0.3567375932877364
xeb,22,0.3065518484388593
xeb,22,0.40018935581474896
xeb,22,0.22813204898565334
xeb,22,0.3654051838185598
xeb,22,0.4260404635889069
xeb,22,0.3926581774095232
xeb,22,0.45061988089612187
xeb,22,0.5203004949169231
xeb,22,0.5203004949169231
xeb,22,0.4260404635889069
xeb,22,0.34465269942886206
xeb,22,0.269025864808504
xeb,22,0.3299984147364162
xeb,22,0.2828224177559311
xeb,22,0.37710252966961477
xeb,22,0.23787368460481514
xeb,22,0.37710252966961477
xeb,22,0.32359030578227854
xeb,22,0.4082854072215731
xeb,22,0.3135841178989668
xeb,22,0.26569014402931823
xeb,22,0.3155921777920018
xeb,22,0.4082854072215731
xeb,22,0.3120358671365865
xeb,22,0.32359030578227854
xeb,22,0.269025864808504
xeb,22,0.3488037488986475
xeb,22,0.3091362028285859
xeb,22,0.3567375932877364
xeb,22,0.45061988089612187
xeb,22,0.3155921777920018
xeb,22,0.37162328675912526
xeb,22,0.3488037488986475
xeb,22,0.3142930738698745
xeb,22,0.3206891540303961
xeb,22,0.27351346081677913
xeb,22,0.3488037488986475
xeb,22,0.39965073048694655
xeb,22,0.269025864808504
xeb,22,0.4265518540775463
xeb,22,0.25309062170564317
xeb,22,0.3120358671365865
xeb,22,0.3299984147364162
xeb,22,0.37162328675912526
xeb,22,0.40018935581474896
xeb,22,0.38350896316109745
xeb,22,0.269025864808504
xeb,22,0.27077406027565026
xeb,22,0.35415721713686227
xeb,22,0.3299984147364162
xeb,22,0.39965073048694655
xeb,22,0.2828224177559311
xeb,22,0.29913651965023186
xeb,22,0.32321840468502994
xeb,22,0.3120358671365865
xeb,22,0.4260404635889069
xeb,22,0.269025864808504
xeb,22,0.32321840468502994
xeb,22,0.25309062170564317
xeb,22,0.36824959178450134
xeb,22,0.3142930738698745
xeb,22,0.3933442363091852
xeb,22,0.37162328675912526
xeb,22,0.2521028480532919
xeb,22,0.34451562886912346
xeb,22,0.45061988089612187
xeb,22,0.23787368460481514
xeb,22,0.3135841178989668
xeb,22,0.3155921777920018
xeb,22,0.318684447894504
xeb,22,0.37710252966961477
xeb,22,0.37162328675912526
xeb,22,0.3933442363091852
xeb,22,0.37162328675912526
xeb,22,0.4265518540775463
xeb,22,0.39965073048694655
xeb,22,0.3933442363091852
xeb,22,0.38350896316109745
xeb,22,0.26569014402931823
xeb,22,0.34952755530175655
xeb,22,0.33491321060129914
xeb,22,0.23982426289990377
xeb,22,0.45061988089612187
xeb,22,0.3926581774095232
xeb,22,0.3155921777920018
xeb,22,0.40018935581474896
xeb,22,0.3488037488986475
xeb,22,0.42653545537356385
xeb,22,0.269025864808504
xeb,22,0.3155921777920018
xeb,22,0.42653545537356385
xeb,22,0.29913651965023186
xeb,22,0.36467317871297067
xeb,22,0.36824959178450134
xeb,22,0.329213827721345
xeb,22,0.29518735455182865
xeb,22,0.37162328675912526
xeb,22,0.329213827721345
xeb,22,0.3142930738698745
xeb,22,0.3933442363091852
xeb,22,0.3654051838185598
xeb,22,0.37710252966961477
xeb,22,0.27077406027565026
xeb,22,0.34451562886912346
xeb,22,0.34952755530175655
xeb,22,0.329213827721345
xeb,22,0.42653545537356385
xeb,22,0.2828224177559311
xeb,22,0.4082854072215731
xeb,22,0.329213827721345
xeb,22,0.37162328675912526
xeb,22,0.38350896316109745
xeb,22,0.4260404635889069
xeb,22,0.40625179367906117
xeb,22,0.4260404635889069
xeb,22,0.4260404635889069
xeb,22,0.34952755530175655
xeb,22,0.3065518484388593
xeb,22,0.43361827171894424
xeb,22,0.3135841178989668
xeb,22,0.40018935581474896
xeb,22,0.39965073048694655
xeb,22,0.3654051838185598
xeb,22,0.3206891540303961
xeb,22,0.3827910934778065
xeb,22,0.43361827171894424
xeb,22,0.4082854072215731
xeb,22,0.40625179367906117
xeb,22,0.35415721713686227
xeb,22,0.40018935581474896
xeb,22,0.45061988089612187
xeb,22,0.36467317871297067
xeb,22,0.26569014402931823
xeb,22,0.23982426289990377
xeb,22,0.35415721713686227
xeb,22,0.4265518540775463
xeb,22,0.2521028480532919
xeb,22,0.34952755530175655
xeb,22,0.45061988089612187
xeb,22,0.3206891540303961
xeb,22,0.5362152933498296
xeb,22,0.3488037488986475
xeb,22,0.45061988089612187
xeb,22,0.3926581774095232
xeb,22,0.2828224177559311
xeb,22,0.3488037488986475
xeb,22,0.26569014402931823
xeb,22,0.30549791244734414
xeb,22,0.29518735455182865
xeb,22,0.45061988089612187
xeb,22,0.34465269942886206
xeb,22,0.34952755530175655
xeb,22,0.39965073048694655
xeb,22,0.3567375932877364
qnn,22,0.3096279651348446
qnn,22,0.35177266319016276
qnn,22,0.3251128664978044
qnn,22,0.24244530895132935
qnn,22,0.21422174176010678
qnn,22,0.3317511699985427
qnn,22,0.2538328791616561
qnn,22,0.3128992161773506
qnn,22,0.2254277010183976
qnn,22,0.37354524503209824
qnn,22,0.3570350482002397
qnn,22,0.3570350482002397
qnn,22,0.2355409606148704
qnn,22,0.24244530895132935
qnn,22,0.3293917284108628
qnn,22,0.2355409606148704
qnn,22,0.28502751032348966
qnn,22,0.3317511699985427
qnn,22,0.3128992161773506
qnn,22,0.263831398344692
qnn,22,0.3317511699985427
qnn,22,0.29342886409610514
qnn,22,0.35536035766422747
qnn,22,0.28502751032348966
qnn,22,0.24740173146398703
qnn,22,0.29342886409610514
qnn,22,0.2575853064123085
qnn,22,0.316219833604204
qnn,22,0.3369371629531549
qnn,22,0.3292026091130734
qnn,22,0.31410818585014405
qnn,22,0.31410818585014405
qnn,22,0.263831398344692
qnn,22,0.2355409606148704
qnn,22,0.29358354135228626
qnn,22,0.2575853064123085
qnn,22,0.26473971069371127
qnn,22,0.3147966725793325
qnn,22,0.2600769801072457
qnn,22,0.29342886409610514
qnn,22,0.2575853064123085
qnn,22,0.28573726921843073
qnn,22,0.308605225722906
qnn,22,0.24244530895132935
qnn,22,0.24991439735945364
qnn,22,0.2600769801072457
qnn,22,0.28502751032348966
qnn,22,0.27009050059804807
qnn,22,0.28502751032348966
qnn,22,0.25537067261882385
qnn,22,0.3188073187538428
qnn,22,0.29342886409610514
qnn,22,0.3678057896604616
qnn,22,0.28502751032348966
qnn,22,0.3147966725793325
qnn,22,0.3063305339464758
qnn,22,0.30944025629667515
qnn,22,0.29358354135228626
qnn,22,0.24244530895132935
qnn,22,0.3570350482002397
qnn,22,0.2538328791616561
qnn,22,0.35536035766422747
qnn,22,0.3147966725793325
qnn,22,0.2600769801072457
qnn,22,0.24991439735945364
qnn,22,0.3188073187538428
qnn,22,0.3881086838440202
qnn,22,0.3188073187538428
qnn,22,0.31410818585014405
qnn,22,0.2575853064123085
qnn,22,0.3188073187538428
qnn,22,0.33895937782916546
qnn,22,0.2600769801072457
qnn,22,0.24740173146398703
qnn,22,0.2254277010183976
qnn,22,0.2575853064123085
qnn,22,0.308605225722906
qnn,22,0.308605225722906
qnn,22,0.35536035766422747
qnn,22,0.3188073187538428
qnn,22,0.2504049724856097
qnn,22,0.2600769801072457
qnn,22,0.24740173146398703
qnn,22,0.263831398344692
qnn,22,0.29342886409610514
qnn,22,0.24991439735945364
qnn,22,0.3317511699985427
qnn,22,0.3293917284108628
qnn,22,0.33895937782916546
qnn,22,0.30362835483805295
qnn,22,0.3147966725793325
qnn,22,0.308605225722906
qnn,22,0.3096279651348446
qnn,22,0.37354524503209824
qnn,22,0.316219833604204
qnn,22,0.3147966725793325
qnn,22,0.3678057896604616
qnn,22,0.2608284992019843
qnn,22,0.28173760431307976
qnn,22,0.2003890628942781
qnn,22,0.28173760431307976
qnn,22,0.3317511699985427
qnn,22,0.3128992161773506
qnn,22,0.23509118539387333
qnn,22,0.45301135060176423
qnn,22,0.26473971069371127
qnn,22,0.3369371629531549
qnn,22,0.41346943043039613
qnn,22,0.30362835483805295
qnn,22,0.3369371629531549
qnn,22,0.3128992161773506
qnn,22,0.37274807883740246
qnn,22,0.2575853064123085
qnn,22,0.35177266319016276
qnn,22,0.28173760431307976
qnn,22,0.37274807883740246
qnn,22,0.16891596911533807
qnn,22,0.40651108441933115
qnn,22,0.3063305339464758
qnn,22,0.45301135060176423
qnn,22,0.30362835483805295
qnn,22,0.3344628220725878
qnn,22,0.35177266319016276
qnn,22,0.23509118539387333
qnn,22,0.35177266319016276
qnn,22,0.26473971069371127
qnn,22,0.27009050059804807
qnn,22,0.2254277010183976
qnn,22,0.3128992161773506
qnn,22,0.33895937782916546
qnn,22,0.2504049724856097
qnn,22,0.32970177576313947
qnn,22,0.35536035766422747
qnn,22,0.37274807883740246
qnn,22,0.3344628220725878
qnn,22,0.3369371629531549
qnn,22,0.45301135060176423
qnn,22,0.23509118539387333
qnn,22,0.37354524503209824
qnn,22,0.3128992161773506
qnn,22,0.33895937782916546
qnn,22,0.308605225722906
qnn,22,0.24740173146398703
qnn,22,0.2538328791616561
qnn,22,0.16891596911533807
qnn,22,0.2254277010183976
qnn,22,0.24244530895132935
qnn,22,0.30362835483805295
qnn,22,0.35177266319016276
qnn,22,0.3369371629531549
qnn,22,0.28173760431307976
qnn,22,0.3678057896604616
qnn,22,0.2608284992019843
qnn,22,0.29342886409610514
qnn,22,0.32970177576313947
qnn,22,0.3292026091130734
qnn,22,0.26473971069371127
qnn,22,0.263831398344692
qnn,22,0.3147966725793325
qnn,22,0.2003890628942781
qnn,22,0.28173760431307976
qnn,22,0.3292026091130734
qnn,22,0.3251128664978044
qnn,22,0.3881086838440202
qnn,22,0.3317511699985427
qnn,22,0.28573726921843073
qnn,22,0.25537067261882385
qnn,22,0.3292026091130734
qnn,22,0.23509118539387333
qnn,22,0.32970177576313947
qnn,22,0.27009050059804807
qnn,22,0.2538328791616561
qnn,22,0.3293917284108628
qnn,22,0.2003890628942781
qnn,22,0.21422174176010678
qnn,22,0.28502751032348966
qnn,22,0.29358354135228626
qnn,22,0.28573726921843073
qnn,22,0.30362835483805295
qnn,22,0.3292026091130734
qnn,22,0.30362835483805295
qnn,22,0.29358354135228626
qnn,22,0.3063305339464758
qnn,22,0.2355409606148704
qnn,22,0.30362835483805295
qnn,22,0.37274807883740246
qnn,22,0.32970177576313947
qnn,22,0.3096279651348446
qnn,22,0.29342886409610514
qnn,22,0.3292026091130734
qnn,22,0.35536035766422747
qnn,22,0.28502751032348966
qnn,22,0.25537067261882385
qnn,22,0.29358354135228626
qnn,22,0.3344628220725878
qnn,22,0.2254277010183976
qnn,22,0.41346943043039613
qnn,22,0.3293917284108628
qnn,22,0.308605225722906
qnn,22,0.33895937782916546
shor,22,0.3758646376398874
shor,22,0.314451874786757
shor,22,0.481986293421907
shor,22,0.3617954706840184
shor,22,0.48267583358465194
shor,22,0.35094524511157715
shor,22,0.4390750456446284
shor,22,0.504877421748739
shor,22,0.40006708626261567
shor,22,0.3959738305303198
shor,22,0.4390750456446284
shor,22,0.3617954706840184
shor,22,0.38035447789941434
shor,22,0.44254034690836785
shor,22,0.2843510473738318
shor,22,0.343678576659012
shor,22,0.3758646376398874
shor,22,0.3759544114978772
shor,22,0.4390750456446284
shor,22,0.504877421748739
shor,22,0.35094524511157715
shor,22,0.37984763596161203
shor,22,0.3758646376398874
shor,22,0.27273291291054236
shor,22,0.40006708626261567
shor,22,0.3787354920341403
shor,22,0.3758646376398874
shor,22,0.48267583358465194
shor,22,0.3617954706840184
shor,22,0.4558075857837965
shor,22,0.44254034690836785
shor,22,0.3033060156642381
shor,22,0.2843510473738318
shor,22,0.35094524511157715
shor,22,0.44254034690836785
shor,22,0.27086214231088857
shor,22,0.3941446236569396
shor,22,0.4558075857837965
shor,22,0.4425403469083683
shor,22,0.34847767591070034
shor,22,0.3959738305303198
shor,22,0.30330601566423787
shor,22,0.37562775938860343
shor,22,0.417812534847414
shor,22,0.3949293889846212
shor,22,0.3959738305303198
shor,22,0.2843510473738318
shor,22,0.30330601566423787
shor,22,0.37562775938860343
shor,22,0.343284092930735
shor,22,0.4558075857837965
shor,22,0.504877421748739
shor,22,0.34847767591070034
shor,22,0.2694397081231068
shor,22,0.48267583358465194
shor,22,0.40107763546139924
shor,22,0.45325161247708484
shor,22,0.343678576659012
shor,22,0.38014446425094073
shor,22,0.314451874786757
shor,22,0.3787354920341403
shor,22,0.4425403469083683
shor,22,0.27273291291054236
shor,22,0.343678576659012
shor,22,0.48267583358465194
shor,22,0.27273291291054236
shor,22,0.343284092930735
shor,22,0.4390750456446284
shor,22,0.4284494140674799
shor,22,0.3827517550448736
shor,22,0.48267583358465194
shor,22,0.314451874786757
shor,22,0.38035447789941434
shor,22,0.3941446236569396
shor,22,0.3067936500068646
shor,22,0.2694397081231068
shor,22,0.27273291291054236
shor,22,0.3759544114978772
shor,22,0.481986293421907
shor,22,0.343678576659012
shor,22,0.3959738305303198
shor,22,0.37562775938860343
shor,22,0.37562775938860343
shor,22,0.27086214231088857
shor,22,0.37562775938860343
shor,22,0.34847767591070034
shor,22,0.351292274851779
shor,22,0.44254034690836785
shor,22,0.3959738305303198
shor,22,0.4804871601594022
shor,22,0.3827517550448736
shor,22,0.314451874786757
shor,22,0.37984763596161203
shor,22,0.4804871601594022
shor,22,0.2843510473738318
shor,22,0.35094524511157715
shor,22,0.48267583358465194
shor,22,0.3941446236569396
shor,22,0.34847767591070034
shor,22,0.3941446236569396
shor,22,0.3959738305303198
shor,22,0.3759544114978772
shor,22,0.27086214231088857
shor,22,0.3941446236569396
shor,22,0.481986293421907
shor,22,0.2694397081231068
shor,22,0.504877421748739
shor,22,0.27086214231088857
shor,22,0.27086214231088857
shor,22,0.45325161247708484
shor,22,0.481986293421907
shor,22,0.2694397081231068
shor,22,0.38014446425094073
shor,22,0.35094524511157715
shor,22,0.2694397081231068
shor,22,0.3787354920341403
shor,22,0.3941446236569396
shor,22,0.37562775938860343
shor,22,0.417812534847414
shor,22,0.30330601566423787
shor,22,0.40107763546139924
shor,22,0.30330601566423787
shor,22,0.4425403469083683
shor,22,0.3827517550448736
shor,22,0.3949293889846212
shor,22,0.48267583358465194
shor,22,0.504877421748739
shor,22,0.4558075857837965
shor,22,0.37562775938860343
shor,22,0.45325161247708484
shor,22,0.4558075857837965
shor,22,0.351292274851779
shor,22,0.3827517550448736
shor,22,0.3617954706840184
shor,22,0.45325161247708484
shor,22,0.45325161247708484
shor,22,0.3759544114978772
shor,22,0.4804871601594022
shor,22,0.44254034690836785
shor,22,0.417812534847414
shor,22,0.3941446236569396
shor,22,0.343678576659012
shor,22,0.35094524511157715
shor,22,0.48267583358465194
shor,22,0.40006708626261567
shor,22,0.4558075857837965
shor,22,0.504877421748739
shor,22,0.38014446425094073
shor,22,0.314451874786757
shor,22,0.38035447789941434
shor,22,0.34847767591070034
shor,22,0.3758646376398874
shor,22,0.417812534847414
shor,22,0.481986293421907
shor,22,0.2843510473738318
shor,22,0.37984763596161203
shor,22,0.4558075857837965
shor,22,0.3949293889846212
shor,22,0.4804871601594022
shor,22,0.4425403469083683
shor,22,0.30330601566423787
shor,22,0.343284092930735
shor,22,0.27086214231088857
shor,22,0.3617954706840184
shor,22,0.35094524511157715
shor,22,0.343284092930735
shor,22,0.417812534847414
shor,22,0.3787354920341403
shor,22,0.504877421748739
shor,22,0.30330601566423787
shor,22,0.4558075857837965
shor,22,0.30330601566423787
shor,22,0.27086214231088857
shor,22,0.481986293421907
shor,22,0.4804871601594022
shor,22,0.48267583358465194
shor,22,0.48267583358465194
shor,22,0.4425403469083683
shor,22,0.4390750456446284
shor,22,0.3759544114978772
shor,22,0.314451874786757
shor,22,0.3067936500068646
shor,22,0.3941446236569396
shor,22,0.3759544114978772
shor,22,0.2843510473738318
shor,22,0.3787354920341403
shor,22,0.45325161247708484
shor,22,0.3959738305303198
shor,22,0.4425403469083683
shor,22,0.3759544114978772
shor,22,0.343678576659012
shor,22,0.3941446236569396
shor,22,0.343284092930735
shor,22,0.3617954706840184
shor,22,0.4804871601594022
shor,22,0.2694397081231068
shor,22,0.343284092930735
shor,22,0.4284494140674799
shor,22,0.343284092930735
shor,22,0.4425403469083683
qec,22,0.367143509385226
qec,22,0.4275910548996027
qec,22,0.4275910548996027
qec,22,0.4275910548996027
qec,22,0.324989875386208
qec,22,0.37993771484850836
qec,22,0.324989875386208
qec,22,0.4143304133011512
qec,22,0.4275910548996027
qec,22,0.324989875386208
qec,22,0.367143509385226
qec,22,0.411930409933787
qec,22,0.367143509385226
qec,22,0.367143509385226
qec,22,0.411930409933787
qec,22,0.367143509385226
qec,22,0.324989875386208
qec,22,0.411930409933787
qec,22,0.367143509385226
qec,22,0.367143509385226
qec,22,0.4275910548996027
qec,22,0.324989875386208
qec,22,0.37993771484850836
qec,22,0.367143509385226
qec,22,0.37993771484850836
qec,22,0.37993771484850836
qec,22,0.4143304133011512
qec,22,0.324989875386208
qec,22,0.324989875386208
qec,22,0.4275910548996027
qec,22,0.367143509385226
qec,22,0.4143304133011512
qec,22,0.4275910548996027
qec,22,0.4275910548996027
qec,22,0.37993771484850836
qec,22,0.4275910548996027
qec,22,0.411930409933787
qec,22,0.4275910548996027
qec,22,0.4275910548996027
qec,22,0.324989875386208
qec,22,0.324989875386208
qec,22,0.324989875386208
qec,22,0.37993771484850836
qec,22,0.367143509385226
qec,22,0.411930409933787
qec,22,0.367143509385226
qec,22,0.37993771484850836
qec,22,0.37993771484850836
qec,22,0.4143304133011512
qec,22,0.411930409933787
qec,22,0.4275910548996027
qec,22,0.4143304133011512
qec,22,0.4275910548996027
qec,22,0.4275910548996027
qec,22,0.324989875386208
qec,22,0.4275910548996027
qec,22,0.367143509385226
qec,22,0.4275910548996027
qec,22,0.37993771484850836
qec,22,0.4143304133011512
qec,22,0.324989875386208
qec,22,0.367143509385226
qec,22,0.4275910548996027
qec,22,0.411930409933787
qec,22,0.4275910548996027
qec,22,0.4143304133011512
qec,22,0.4275910548996027
qec,22,0.4143304133011512
qec,22,0.37993771484850836
qec,22,0.324989875386208
qec,22,0.367143509385226
qec,22,0.411930409933787
qec,22,0.4275910548996027
qec,22,0.4143304133011512
qec,22,0.4275910548996027
qec,22,0.4275910548996027
qec,22,0.4275910548996027
qec,22,0.4275910548996027
qec,22,0.37993771484850836
qec,22,0.324989875386208
qec,22,0.411930409933787
qec,22,0.4275910548996027
qec,22,0.4143304133011512
qec,22,0.324989875386208
qec,22,0.4143304133011512
qec,22,0.4275910548996027
qec,22,0.411930409933787
qec,22,0.4275910548996027
qec,22,0.4275910548996027
qec,22,0.4143304133011512
qec,22,0.37993771484850836
qec,22,0.37993771484850836
qec,22,0.411930409933787
qec,22,0.4275910548996027
qec,22,0.4275910548996027
qec,22,0.4275910548996027
qec,22,0.4275910548996027
qec,22,0.4143304133011512
qec,22,0.324989875386208
qec,22,0.411930409933787
qec,22,0.4143304133011512
qec,22,0.4275910548996027
qec,22,0.324989875386208
qec,22,0.411930409933787
qec,22,0.4275910548996027
qec,22,0.4275910548996027
qec,22,0.4275910548996027
qec,22,0.411930409933787
qec,22,0.324989875386208
qec,22,0.4275910548996027
qec,22,0.324989875386208
qec,22,0.367143509385226
qec,22,0.324989875386208
qec,22,0.411930409933787
qec,22,0.324989875386208
qec,22,0.4275910548996027
qec,22,0.4275910548996027
qec,22,0.411930409933787
qec,22,0.4275910548996027
qec,22,0.411930409933787
qec,22,0.4275910548996027
qec,22,0.4143304133011512
qec,22,0.4143304133011512
qec,22,0.324989875386208
qec,22,0.324989875386208
qec,22,0.37993771484850836
qec,22,0.4275910548996027
qec,22,0.4275910548996027
qec,22,0.4275910548996027
qec,22,0.367143509385226
qec,22,0.4275910548996027
qec,22,0.4275910548996027
qec,22,0.4143304133011512
qec,22,0.37993771484850836
qec,22,0.411930409933787
qec,22,0.367143509385226
qec,22,0.324989875386208
qec,22,0.367143509385226
qec,22,0.411930409933787
qec,22,0.37993771484850836
qec,22,0.4275910548996027
qec,22,0.411930409933787
qec,22,0.4275910548996027
qec,22,0.4275910548996027
qec,22,0.411930409933787
qec,22,0.324989875386208
qec,22,0.4275910548996027
qec,22,0.4275910548996027
qec,22,0.367143509385226
qec,22,0.324989875386208
qec,22,0.4275910548996027
qec,22,0.37993771484850836
qec,22,0.324989875386208
qec,22,0.367143509385226
qec,22,0.4275910548996027
qec,22,0.324989875386208
qec,22,0.324989875386208
qec,22,0.4275910548996027
qec,22,0.367143509385226
qec,22,0.37993771484850836
qec,22,0.367143509385226
qec,22,0.4275910548996027
qec,22,0.4143304133011512
qec,22,0.367143509385226
qec,22,0.324989875386208
qec,22,0.4143304133011512
qec,22,0.4143304133011512
qec,22,0.324989875386208
qec,22,0.324989875386208
qec,22,0.411930409933787
qec,22,0.367143509385226
qec,22,0.324989875386208
qec,22,0.411930409933787
qec,22,0.37993771484850836
qec,22,0.4143304133011512
qec,22,0.4275910548996027
qec,22,0.324989875386208
qec,22,0.411930409933787
qec,22,0.324989875386208
qec,22,0.411930409933787
qec,22,0.4143304133011512
qec,22,0.4275910548996027
qec,22,0.411930409933787
qec,22,0.4143304133011512
qec,22,0.367143509385226
qec,22,0.367143509385226
qec,22,0.324989875386208
qec,22,0.324989875386208
qec,22,0.4143304133011512
qec,22,0.37993771484850836
qec,22,0.4143304133011512
qec,22,0.4143304133011512
qec,22,0.411930409933787
qec,22,0.411930409933787
qec,22,0.324989875386208
qec,22,0.4143304133011512
qec,22,0.4275910548996027
qec,22,0.37993771484850836
qec,22,0.324989875386208
qec,22,0.324989875386208
xeb,24,0.25099523879317603
xeb,24,0.2949158546910008
xeb,24,0.36129861104322636
xeb,24,0.30292044715232436
xeb,24,0.3378120168203114
xeb,24,0.45815787050079526
xeb,24,0.4856492823524984
xeb,24,0.41365990820457665
xeb,24,0.4358628072691661
xeb,24,0.30292044715232436
xeb,24,0.4176984467482921
xeb,24,0.4071629429201017
xeb,24,0.4950271374410064
xeb,24,0.4358628072691661
xeb,24,0.3998253927525928
xeb,24,0.4176984467482921
xeb,24,0.3492995963428608
xeb,24,0.4856492823524984
xeb,24,0.4030865786443227
xeb,24,0.4176984467482921
xeb,24,0.4552448693371204
xeb,24,0.2878307749838526
xeb,24,0.3740079006363476
xeb,24,0.30696523090807437
xeb,24,0.2878307749838526
xeb,24,0.4030865786443227
xeb,24,0.342055543098495
xeb,24,0.3069652309080745
xeb,24,0.3566622124699891
xeb,24,0.3069652309080745
xeb,24,0.4176984467482921
xeb,24,0.4950271374410064
xeb,24,0.2591013514176114
xeb,24,0.3492995963428608
xeb,24,0.34478906750035954
xeb,24,0.381644285106006
xeb,24,0.3997913212382235
xeb,24,0.419481408911476
xeb,24,0.29781622788478196
xeb,24,0.419481408911476
xeb,24,0.2878307749838526
xeb,24,0.4358628072691661
xeb,24,0.34377638645690173
xeb,24,0.37368860814604166
xeb,24,0.45815787050079526
xeb,24,0.38900734581956503
xeb,24,0.4176984467482921
xeb,24,0.36909551683092523
xeb,24,0.29705899492405075
xeb,24,0.36129861104322636
xeb,24,0.29705899492405075
xeb,24,0.2591013514176114
xeb,24,0.2591013514176114
xeb,24,0.45627675329271306
xeb,24,0.36909551683092523
xeb,24,0.30696523090807437
xeb,24,0.4856492823524984
xeb,24,0.36909551683092523
xeb,24,0.41365990820457665
xeb,24,0.29781622788478196
xeb,24,0.41763482397431567
xeb,24,0.45815787050079526
xeb,24,0.36909551683092523
xeb,24,0.4176984467482921
xeb,24,0.3192775678554384
xeb,24,0.45627675329271306
xeb,24,0.3114766973670572
xeb,24,0.29781622788478196
xeb,24,0.4176984467482921
xeb,24,0.36129861104322636
xeb,24,0.3378120168203114
xeb,24,0.42491859243598407
xeb,24,0.3566622124699891
xeb,24,0.30292044715232436
xeb,24,0.41763482397431567
xeb,24,0.4071629429201017
xeb,24,0.42520855572748795
xeb,24,0.3598677939693762
xeb,24,0.3069652309080745
xeb,24,0.4030865786443227
xeb,24,0.3976915128101828
xeb,24,0.2591013514176114
xeb,24,0.41763482397431567
xeb,24,0.2987861642872114
xeb,24,0.45815787050079526
xeb,24,0.42491859243598407
xeb,24,0.3176253585393772
xeb,24,0.3492995963428608
xeb,24,0.3976915128101828
xeb,24,0.41763482397431567
xeb,24,0.3607645946729552
xeb,24,0.37698492863488425
xeb,24,0.4856492823524984
xeb,24,0.41365990820457665
xeb,24,0.4552448693371204
xeb,24,0.41365990820457665
xeb,24,0.3069652309080745
xeb,24,0.4552448693371204
xeb,24,0.30292044715232436
xeb,24,0.2878307749838526
xeb,24,0.29256653475600153
xeb,24,0.33776801624236547
xeb,24,0.3740079006363476
xeb,24,0.28124665692186984
xeb,24,0.38900734581956503
xeb,24,0.3176253585393772
xeb,24,0.29705899492405075
xeb,24,0.46963287498439255
xeb,24,0.3114766973670572
xeb,24,0.3997913212382235
xeb,24,0.42491859243598407
xeb,24,0.4856492823524984
xeb,24,0.3566622124699891
xeb,24,0.3114766973670572
xeb,24,0.2949158546910008
xeb,24,0.30696523090807437
xeb,24,0.3492995963428608
xeb,24,0.38900734581956503
xeb,24,0.42491859243598407
xeb,24,0.4176984467482921
xeb,24,0.3740079006363476
xeb,24,0.37248628622399776
xeb,24,0.41365990820457665
xeb,24,0.4856492823524984
xeb,24,0.3566622124699891
xeb,24,0.29705899492405075
xeb,24,0.35858190435244625
xeb,24,0.4071629429201017
xeb,24,0.3976915128101828
xeb,24,0.46963287498439255
xeb,24,0.36909551683092523
xeb,24,0.37368860814604166
xeb,24,0.37248628622399776
xeb,24,0.29256653475600153
xeb,24,0.30696523090807437
xeb,24,0.4071629429201017
xeb,24,0.3069652309080745
xeb,24,0.419481408911476
xeb,24,0.3607645946729552
xeb,24,0.41763482397431567
xeb,24,0.3069652309080745
xeb,24,0.390704235797562
xeb,24,0.3192775678554384
xeb,24,0.35858190435244625
xeb,24,0.30696523090807437
xeb,24,0.36909551683092523
xeb,24,0.34478906750035954
xeb,24,0.3378120168203114
xeb,24,0.419481408911476
xeb,24,0.34478906750035954
xeb,24,0.29705899492405075
xeb,24,0.40330879041422746
xeb,24,0.35858190435244625
xeb,24,0.3566622124699891
xeb,24,0.419481408911476
xeb,24,0.37698492863488425
xeb,24,0.45815787050079526
xeb,24,0.3607645946729552
xeb,24,0.30292044715232436
xeb,24,0.25099523879317603
xeb,24,0.33776801624236547
xeb,24,0.29781622788478196
xeb,24,0.390704235797562
xeb,24,0.3998253927525928
xeb,24,0.29256653475600153
xeb,24,0.4552448693371204
xeb,24,0.3598677939693762
xeb,24,0.34377638645690173
xeb,24,0.30292044715232436
xeb,24,0.46963287498439255
xeb,24,0.419481408911476
xeb,24,0.3492995963428608
xeb,24,0.37248628622399776
xeb,24,0.4552448693371204
xeb,24,0.42520855572748795
xeb,24,0.3492995963428608
xeb,24,0.2987861642872114
xeb,24,0.3976915128101828
xeb,24,0.4856492823524984
xeb,24,0.41763482397431567
xeb,24,0.28124665692186984
xeb,24,0.4071629429201017
xeb,24,0.4176984467482921
xeb,24,0.2878307749838526
xeb,24,0.4176984467482921
xeb,24,0.3069652309080745
xeb,24,0.342055543098495
xeb,24,0.3976915128101828
xeb,24,0.381644285106006
xeb,24,0.37368860814604166
xeb,24,0.42491859243598407
xeb,24,0.40330879041422746
xeb,24,0.3566622124699891
xeb,24,0.3492995963428608
xeb,24,0.34478906750035954
xeb,24,0.37698492863488425
xeb,24,0.25099523879317603
xeb,24,0.381644285106006
xeb,24,0.3069652309080745
xeb,24,0.41365990820457665
qnn,24,0.4212395067024998
qnn,24,0.36287736047179747
qnn,24,0.4707948380371287
qnn,24,0.2668674686904955
qnn,24,0.29066819859589754
qnn,24,0.3577931548411575
qnn,24,0.3621668603824835
qnn,24,0.3692741841069351
qnn,24,0.3443842153349809
qnn,24,0.29066819859589754
qnn,24,0.3276634086444184
qnn,24,0.3662180634924193
qnn,24,0.3800321261695368
qnn,24,0.37683380494259755
qnn,24,0.3878464088342374
qnn,24,0.3236666673898969
qnn,24,0.3088931945151569
qnn,24,0.3236666673898969
qnn,24,0.320962175962932
qnn,24,0.33227436212948175
qnn,24,0.3854239340011821
qnn,24,0.3662180634924193
qnn,24,0.263988460481419
qnn,24,0.3364880343359605
qnn,24,0.26627241652351896
qnn,24,0.4452193324769318
qnn,24,0.3526528650691544
qnn,24,0.2839233129586222
qnn,24,0.36287736047179747
qnn,24,0.3565277316532255
qnn,24,0.37398193318200085
qnn,24,0.37683380494259755
qnn,24,0.3692741841069351
qnn,24,0.4452193324769318
qnn,24,0.37231666454815665
qnn,24,0.3269928556546388
qnn,24,0.41364216632445794
qnn,24,0.33227436212948175
qnn,24,0.2839233129586222
qnn,24,0.37231666454815665
qnn,24,0.2829760145499126
qnn,24,0.3236666673898969
qnn,24,0.3662180634924193
qnn,24,0.3103618871895538
qnn,24,0.33481343007013503
qnn,24,0.3621668603824835
qnn,24,0.4155924489385762
qnn,24,0.41364216632445794
qnn,24,0.3662180634924193
qnn,24,0.3088931945151569
qnn,24,0.29369408522278034
qnn,24,0.3577931548411575
qnn,24,0.29066819859589754
qnn,24,0.40802691253879586
qnn,24,0.2803083385958136
qnn,24,0.37213606187165293
qnn,24,0.3047134137139578
qnn,24,0.2623585064294839
qnn,24,0.4232941762012926
qnn,24,0.2623585064294839
qnn,24,0.3485239859986529
qnn,24,0.33227436212948175
qnn,24,0.2839233129586222
qnn,24,0.29066819859589754
qnn,24,0.3662180634924193
qnn,24,0.2803083385958136
qnn,24,0.4452193324769318
qnn,24,0.4452193324769318
qnn,24,0.3621668603824835
qnn,24,0.2803083385958136
qnn,24,0.3236666673898969
qnn,24,0.3364880343359605
qnn,24,0.41364216632445794
qnn,24,0.2668674686904955
qnn,24,0.3103618871895538
qnn,24,0.36110283712236996
qnn,24,0.2829760145499126
qnn,24,0.3047134137139578
qnn,24,0.36287736047179747
qnn,24,0.3565277316532255
qnn,24,0.3443842153349809
qnn,24,0.40802691253879586
qnn,24,0.26627241652351896
qnn,24,0.3276634086444184
qnn,24,0.3103618871895538
qnn,24,0.37213606187165293
qnn,24,0.4155924489385762
qnn,24,0.3878464088342374
qnn,24,0.4212395067024998
qnn,24,0.34624414750085875
qnn,24,0.3662180634924193
qnn,24,0.29066819859589754
qnn,24,0.3443842153349809
qnn,24,0.29066819859589754
qnn,24,0.29066819859589754
qnn,24,0.3763171336765846
qnn,24,0.2803083385958136
qnn,24,0.24456019370627455
qnn,24,0.28514069108227247
qnn,24,0.3236666673898969
qnn,24,0.41364216632445794
qnn,24,0.2668674686904955
qnn,24,0.31991299942197204
qnn,24,0.3364880343359605
qnn,24,0.4452193324769318
qnn,24,0.3047134137139578
qnn,24,0.2616775595840532
qnn,24,0.4212395067024998
qnn,24,0.37683380494259755
qnn,24,0.2803083385958136
qnn,24,0.34624414750085875
qnn,24,0.263988460481419
qnn,24,0.3236666673898969
qnn,24,0.2668674686904955
qnn,24,0.41364216632445794
qnn,24,0.4232941762012926
qnn,24,0.2839233129586222
qnn,24,0.3394106380988582
qnn,24,0.2668674686904955
qnn,24,0.3800321261695368
qnn,24,0.4232941762012926
qnn,24,0.3565277316532255
qnn,24,0.38999563606906773
qnn,24,0.41364216632445794
qnn,24,0.3236666673898969
qnn,24,0.33481343007013503
qnn,24,0.2803083385958136
qnn,24,0.37683380494259755
qnn,24,0.3088931945151569
qnn,24,0.3269928556546388
qnn,24,0.3621668603824835
qnn,24,0.2829760145499126
qnn,24,0.37398193318200085
qnn,24,0.2803083385958136
qnn,24,0.3526528650691544
qnn,24,0.34624414750085875
qnn,24,0.24456019370627455
qnn,24,0.3565277316532255
qnn,24,0.33481343007013503
qnn,24,0.3485239859986529
qnn,24,0.38999563606906773
qnn,24,0.41364216632445794
qnn,24,0.3662180634924193
qnn,24,0.3443842153349809
qnn,24,0.3800321261695368
qnn,24,0.41364216632445794
qnn,24,0.3443842153349809
qnn,24,0.26627241652351896
qnn,24,0.2623585064294839
qnn,24,0.29066819859589754
qnn,24,0.4452193324769318
qnn,24,0.3443842153349809
qnn,24,0.3088931945151569
qnn,24,0.3047134137139578
qnn,24,0.2616775595840532
qnn,24,0.2668674686904955
qnn,24,0.33481343007013503
qnn,24,0.2829760145499126
qnn,24,0.3662180634924193
qnn,24,0.3692741841069351
qnn,24,0.3269928556546388
qnn,24,0.3364880343359605
qnn,24,0.41364216632445794
qnn,24,0.2839233129586222
qnn,24,0.320962175962932
qnn,24,0.3763171336765846
qnn,24,0.3854239340011821
qnn,24,0.3088931945151569
qnn,24,0.3565277316532255
qnn,24,0.3763171336765846
qnn,24,0.4452193324769318
qnn,24,0.40802691253879586
qnn,24,0.34624414750085875
qnn,24,0.24456019370627455
qnn,24,0.4452193324769318
qnn,24,0.320962175962932
qnn,24,0.2803083385958136
qnn,24,0.4212395067024998
qnn,24,0.4155924489385762
qnn,24,0.4155924489385762
qnn,24,0.36110283712236996
qnn,24,0.37213606187165293
qnn,24,0.37398193318200085
qnn,24,0.3443842153349809
qnn,24,0.36110283712236996
qnn,24,0.37398193318200085
qnn,24,0.37231666454815665
qnn,24,0.29066819859589754
qnn,24,0.3103618871895538
qnn,24,0.40802691253879586
qnn,24,0.3088931945151569
qnn,24,0.38999563606906773
qnn,24,0.41364216632445794
qnn,24,0.3621668603824835
qnn,24,0.33481343007013503
qnn,24,0.3103618871895538
qnn,24,0.28514069108227247
qnn,24,0.320962175962932
qnn,24,0.3526528650691544
qnn,24,0.4212395067024998
shor,24,0.36107878839182456
shor,24,0.5149340870180327
shor,24,0.45459153054491136
shor,24,0.4349529781931947
shor,24,0.4355288320004811
shor,24,0.4545915305449112
shor,24,0.38300951696282365
shor,24,0.38574362757917047
shor,24,0.3091087629044036
shor,24,0.4283759440944542
shor,24,0.5382933730618137
shor,24,0.38574362757917047
shor,24,0.3485132414881264
shor,24,0.29103720962712165
shor,24,0.38574362757917047
shor,24,0.4545915305449112
shor,24,0.5382933730618137
shor,24,0.4522319259574625
shor,24,0.3091087629044036
shor,24,0.5382933730618137
shor,24,0.29515291993027365
shor,24,0.44547807894400215
shor,24,0.4421825328680182
shor,24,0.4349529781931947
shor,24,0.4593490117833116
shor,24,0.5419833153534527
shor,24,0.4283759440944542
shor,24,0.4349529781931947
shor,24,0.44547807894400215
shor,24,0.3906724702566285
shor,24,0.3906724702566285
shor,24,0.3091087629044036
shor,24,0.4036628252307287
shor,24,0.3503304288615651
shor,24,0.4593490117833116
shor,24,0.3503304288615651
shor,24,0.38900345149445564
shor,24,0.4036628252307287
shor,24,0.3940094540617647
shor,24,0.516632075311144
shor,24,0.38300951696282365
shor,24,0.4355288320004811
shor,24,0.3091087629044036
shor,24,0.41910923683790896
shor,24,0.4625879198083404
shor,24,0.31194512940976926
shor,24,0.3535961113328506
shor,24,0.3503304288615651
shor,24,0.38900345149445564
shor,24,0.46820890860414077
shor,24,0.4349529781931947
shor,24,0.41910923683790896
shor,24,0.39824365527992295
shor,24,0.4349529781931947
shor,24,0.45459153054491136
shor,24,0.4036628252307287
shor,24,0.45459153054491136
shor,24,0.38574362757917047
shor,24,0.41910923683790896
shor,24,0.32245672462701036
shor,24,0.4545915305449112
shor,24,0.36518762965597296
shor,24,0.44937894394410316
shor,24,0.36107878839182456
shor,24,0.4625879198083404
shor,24,0.4593490117833116
shor,24,0.29515291993027365
shor,24,0.39824365527992295
shor,24,0.5419833153534527
shor,24,0.5138602130185674
shor,24,0.4625879198083404
shor,24,0.4349529781931947
shor,24,0.36518762965597296
shor,24,0.36107878839182456
shor,24,0.41910923683790896
shor,24,0.29515291993027365
shor,24,0.29103720962712165
shor,24,0.44937894394410316
shor,24,0.4522319259574625
shor,24,0.45459153054491136
shor,24,0.4625879198083404
shor,24,0.36518762965597296
shor,24,0.39824365527992295
shor,24,0.3940094540617647
shor,24,0.29103720962712165
shor,24,0.5138602130185674
shor,24,0.4522319259574625
shor,24,0.44547807894400215
shor,24,0.3485132414881264
shor,24,0.41910923683790896
shor,24,0.29515291993027365
shor,24,0.46820890860414077
shor,24,0.5149340870180327
shor,24,0.29515291993027365
shor,24,0.516632075311144
shor,24,0.45459153054491136
shor,24,0.4349529781931947
shor,24,0.3906724702566285
shor,24,0.516632075311144
shor,24,0.4283759440944542
shor,24,0.36107878839182456
shor,24,0.5104198165257021
shor,24,0.4036628252307287
shor,24,0.4522319259574625
shor,24,0.5104198165257021
shor,24,0.45459153054491136
shor,24,0.44771805666700365
shor,24,0.5104198165257021
shor,24,0.4349529781931947
shor,24,0.38300951696282365
shor,24,0.3091087629044036
shor,24,0.5382933730618137
shor,24,0.39824365527992295
shor,24,0.46820890860414077
shor,24,0.4036628252307287
shor,24,0.44547807894400215
shor,24,0.5382933730618137
shor,24,0.45459153054491136
shor,24,0.4036628252307287
shor,24,0.5419833153534527
shor,24,0.4355288320004811
shor,24,0.31194512940976926
shor,24,0.31194512940976926
shor,24,0.44547807894400215
shor,24,0.3906724702566285
shor,24,0.3485132414881264
shor,24,0.39824365527992295
shor,24,0.3485132414881264
shor,24,0.3535961113328506
shor,24,0.5419833153534527
shor,24,0.29103720962712165
shor,24,0.4355288320004811
shor,24,0.5104198165257021
shor,24,0.3485132414881264
shor,24,0.38300951696282365
shor,24,0.29103720962712165
shor,24,0.4355288320004811
shor,24,0.4283759440944542
shor,24,0.38900345149445564
shor,24,0.29103720962712165
shor,24,0.4355288320004811
shor,24,0.38300951696282365
shor,24,0.46820890860414077
shor,24,0.38574362757917047
shor,24,0.3091087629044036
shor,24,0.516632075311144
shor,24,0.38300951696282365
shor,24,0.44547807894400215
shor,24,0.38300951696282365
shor,24,0.3485132414881264
shor,24,0.44771805666700365
shor,24,0.38300951696282365
shor,24,0.29103720962712165
shor,24,0.4283759440944542
shor,24,0.39824365527992295
shor,24,0.44547807894400215
shor,24,0.38900345149445564
shor,24,0.4593490117833116
shor,24,0.29515291993027365
shor,24,0.31194512940976926
shor,24,0.516632075311144
shor,24,0.36107878839182456
shor,24,0.3091087629044036
shor,24,0.3091087629044036
shor,24,0.5149340870180327
shor,24,0.44547807894400215
shor,24,0.5419833153534527
shor,24,0.5149340870180327
shor,24,0.3535961113328506
shor,24,0.4036628252307287
shor,24,0.4036628252307287
shor,24,0.4283759440944542
shor,24,0.3091087629044036
shor,24,0.3091087629044036
shor,24,0.4349529781931947
shor,24,0.29103720962712165
shor,24,0.41910923683790896
shor,24,0.45459153054491136
shor,24,0.5104198165257021
shor,24,0.36518762965597296
shor,24,0.5149340870180327
shor,24,0.4036628252307287
shor,24,0.38900345149445564
shor,24,0.5149340870180327
shor,24,0.3091087629044036
shor,24,0.45459153054491136
shor,24,0.3503304288615651
shor,24,0.4421825328680182
shor,24,0.3091087629044036
shor,24,0.32245672462701036
shor,24,0.4421825328680182
shor,24,0.4522319259574625
shor,24,0.3535961113328506
shor,24,0.3485132414881264
shor,24,0.31194512940976926
shor,24,0.5138602130185674
shor,24,0.5382933730618137
shor,24,0.44771805666700365
shor,24,0.4545915305449112
shor,24,0.44937894394410316
qec,24,0.4365167383320611
qec,24,0.3857505492673577
qec,24,0.4365167383320611
qec,24,0.44373490444339725
qec,24,0.44373490444339725
qec,24,0.4239499405853161
qec,24,0.45836485385197195
qec,24,0.3857505492673577
qec,24,0.3857505492673577
qec,24,0.45836485385197195
qec,24,0.44373490444339725
qec,24,0.4365167383320611
qec,24,0.39601000333342823
qec,24,0.44373490444339725
qec,24,0.4365167383320611
qec,24,0.44373490444339725
qec,24,0.39601000333342823
qec,24,0.39601000333342823
qec,24,0.4239499405853161
qec,24,0.3857505492673577
qec,24,0.39601000333342823
qec,24,0.3857505492673577
qec,24,0.4365167383320611
qec,24,0.4365167383320611
qec,24,0.39601000333342823
qec,24,0.3857505492673577
qec,24,0.44373490444339725
qec,24,0.4239499405853161
qec,24,0.45836485385197195
qec,24,0.39601000333342823
qec,24,0.39601000333342823
qec,24,0.39601000333342823
qec,24,0.4365167383320611
qec,24,0.4365167383320611
qec,24,0.4239499405853161
qec,24,0.39601000333342823
qec,24,0.4365167383320611
qec,24,0.45836485385197195
qec,24,0.44373490444339725
qec,24,0.4365167383320611
qec,24,0.44373490444339725
qec,24,0.4365167383320611
qec,24,0.45836485385197195
qec,24,0.4365167383320611
qec,24,0.4365167383320611
qec,24,0.4365167383320611
qec,24,0.39601000333342823
qec,24,0.39601000333342823
qec,24,0.45836485385197195
qec,24,0.4365167383320611
qec,24,0.4365167383320611
qec,24,0.39601000333342823
qec,24,0.39601000333342823
qec,24,0.4365167383320611
qec,24,0.4365167383320611
qec,24,0.39601000333342823
qec,24,0.4365167383320611
qec,24,0.4365167383320611
qec,24,0.4365167383320611
qec,24,0.4365167383320611
qec,24,0.4365167383320611
qec,24,0.39601000333342823
qec,24,0.3857505492673577
qec,24,0.45836485385197195
qec,24,0.4365167383320611
qec,24,0.4239499405853161
qec,24,0.4239499405853161
qec,24,0.39601000333342823
qec,24,0.3857505492673577
qec,24,0.4365167383320611
qec,24,0.3857505492673577
qec,24,0.45836485385197195
qec,24,0.44373490444339725
qec,24,0.4365167383320611
qec,24,0.3857505492673577
qec,24,0.4365167383320611
qec,24,0.4239499405853161
qec,24,0.4365167383320611
qec,24,0.39601000333342823
qec,24,0.4365167383320611
qec,24,0.4365167383320611
qec,24,0.39601000333342823
qec,24,0.4365167383320611
qec,24,0.39601000333342823
qec,24,0.4365167383320611
qec,24,0.4365167383320611
qec,24,0.4239499405853161
qec,24,0.44373490444339725
qec,24,0.44373490444339725
qec,24,0.4239499405853161
qec,24,0.4365167383320611
qec,24,0.3857505492673577
qec,24,0.4365167383320611
qec,24,0.39601000333342823
qec,24,0.45836485385197195
qec,24,0.3857505492673577
qec,24,0.44373490444339725
qec,24,0.39601000333342823
qec,24,0.44373490444339725
qec,24,0.4365167383320611
qec,24,0.4365167383320611
qec,24,0.3857505492673577
qec,24,0.45836485385197195
qec,24,0.3857505492673577
qec,24,0.45836485385197195
qec,24,0.39601000333342823
qec,24,0.4365167383320611
qec,24,0.44373490444339725
qec,24,0.45836485385197195
qec,24,0.4365167383320611
qec,24,0.4365167383320611
qec,24,0.4365167383320611
qec,24,0.4239499405853161
qec,24,0.4365167383320611
qec,24,0.3857505492673577
qec,24,0.44373490444339725
qec,24,0.44373490444339725
qec,24,0.44373490444339725
qec,24,0.4239499405853161
qec,24,0.44373490444339725
qec,24,0.44373490444339725
qec,24,0.3857505492673577
qec,24,0.3857505492673577
qec,24,0.4239499405853161
qec,24,0.3857505492673577
qec,24,0.4239499405853161
qec,24,0.44373490444339725
qec,24,0.4365167383320611
qec,24,0.39601000333342823
qec,24,0.4239499405853161
qec,24,0.3857505492673577
qec,24,0.4365167383320611
qec,24,0.3857505492673577
qec,24,0.44373490444339725
qec,24,0.3857505492673577
qec,24,0.4365167383320611
qec,24,0.3857505492673577
qec,24,0.45836485385197195
qec,24,0.4239499405853161
qec,24,0.4239499405853161
qec,24,0.44373490444339725
qec,24,0.4365167383320611
qec,24,0.4239499405853161
qec,24,0.45836485385197195
qec,24,0.4365167383320611
qec,24,0.3857505492673577
qec,24,0.3857505492673577
qec,24,0.44373490444339725
qec,24,0.3857505492673577
qec,24,0.45836485385197195
qec,24,0.39601000333342823
qec,24,0.4365167383320611
qec,24,0.39601000333342823
qec,24,0.44373490444339725
qec,24,0.4365167383320611
qec,24,0.45836485385197195
qec,24,0.3857505492673577
qec,24,0.4239499405853161
qec,24,0.45836485385197195
qec,24,0.39601000333342823
qec,24,0.45836485385197195
qec,24,0.39601000333342823
qec,24,0.45836485385197195
qec,24,0.44373490444339725
qec,24,0.4239499405853161
qec,24,0.4365167383320611
qec,24,0.4365167383320611
qec,24,0.44373490444339725
qec,24,0.4239499405853161
qec,24,0.39601000333342823
qec,24,0.4365167383320611
qec,24,0.4365167383320611
qec,24,0.4365167383320611
qec,24,0.39601000333342823
qec,24,0.45836485385197195
qec,24,0.4365167383320611
qec,24,0.39601000333342823
qec,24,0.44373490444339725
qec,24,0.45836485385197195
qec,24,0.44373490444339725
qec,24,0.4239499405853161
qec,24,0.4239499405853161
qec,24,0.4365167383320611
qec,24,0.39601000333342823
qec,24,0.4365167383320611
qec,24,0.39601000333342823
qec,24,0.45836485385197195
qec,24,0.3857505492673577
qec,24,0.4239499405853161
qec,24,0.45836485385197195
qec,24,0.39601000333342823
qec,24,0.4365167383320611
qec,24,0.45836485385197195
qec,24,0.45836485385197195
qec,24,0.4239499405853161
qec,24,0.4239499405853161
qec,24,0.45836485385197195
qec,24,0.4365167383320611
qec,24,0.4239499405853161
qec,24,0.3857505492673577
xeb,26,0.4640416603608684
xeb,26,0.39728638346877193
xeb,26,0.39165608500827825
xeb,26,0.26864969914337977
xeb,26,0.39535869880173985
xeb,26,0.5234507748320508
xeb,26,0.4219276514997785
xeb,26,0.39728638346877193
xeb,26,0.505801602705216
xeb,26,0.28331594121438053
xeb,26,0.4942322644940318
xeb,26,0.36521286627786953
xeb,26,0.37808469228299285
xeb,26,0.39165608500827825
xeb,26,0.4422435686141925
xeb,26,0.43064649363649565
xeb,26,0.38260602658476134
xeb,26,0.3860959897613949
xeb,26,0.3738995880184829
xeb,26,0.3092573606044318
xeb,26,0.28331594121438053
xeb,26,0.43844722382044216
xeb,26,0.3738995880184829
xeb,26,0.30130119140479056
xeb,26,0.45987688066002824
xeb,26,0.47018486600688875
xeb,26,0.4071041321399667
xeb,26,0.42621429954534573
xeb,26,0.4640416603608684
xeb,26,0.48089858887873593
xeb,26,0.4219276514997785
xeb,26,0.44571926258233224
xeb,26,0.4422435686141925
xeb,26,0.4071041321399667
xeb,26,0.37402818729215964
xeb,26,0.30130119140479056
xeb,26,0.47018486600688875
xeb,26,0.43064649363649565
xeb,26,0.42621429954534573
xeb,26,0.43064649363649565
xeb,26,0.38260602658476134
xeb,26,0.39165608500827825
xeb,26,0.47018486600688875
xeb,26,0.505801602705216
xeb,26,0.505801602705216
xeb,26,0.31461427744828263
xeb,26,0.36521286627786953
xeb,26,0.4640416603608684
xeb,26,0.31461427744828263
xeb,26,0.31461427744828263
xeb,26,0.37221398449501386
xeb,26,0.40775033426926127
xeb,26,0.47018486600688875
xeb,26,0.4305563799572273
xeb,26,0.5137804689584925
xeb,26,0.4071041321399667
xeb,26,0.48089858887873593
xeb,26,0.36521286627786953
xeb,26,0.4640416603608684
xeb,26,0.4422435686141925
xeb,26,0.3092573606044318
xeb,26,0.4640416603608684
xeb,26,0.39165608500827825
xeb,26,0.38260602658476134
xeb,26,0.505801602705216
xeb,26,0.42621429954534573
xeb,26,0.37221398449501386
xeb,26,0.5234507748320508
xeb,26,0.5137804689584925
xeb,26,0.5137804689584925
xeb,26,0.4071041321399667
xeb,26,0.3092573606044318
xeb,26,0.43064649363649565
xeb,26,0.47018486600688875
xeb,26,0.45987688066002824
xeb,26,0.37808469228299285
xeb,26,0.48089858887873593
xeb,26,0.4095557933719511
xeb,26,0.39165608500827825
xeb,26,0.40775033426926127
xeb,26,0.32114412429631645
xeb,26,0.45987688066002824
xeb,26,0.28331594121438053
xeb,26,0.30130119140479056
xeb,26,0.39728638346877193
xeb,26,0.41745129489784255
xeb,26,0.4095557933719511
xeb,26,0.3860959897613949
xeb,26,0.4942322644940318
xeb,26,0.505801602705216
xeb,26,0.505801602705216
xeb,26,0.3738995880184829
xeb,26,0.42621429954534573
xeb,26,0.32114412429631645
xeb,26,0.37221398449501386
xeb,26,0.48089858887873593
xeb,26,0.4305563799572273
xeb,26,0.37402818729215964
xeb,26,0.4198833377156118
xeb,26,0.4238499278308235
xeb,26,0.30130119140479056
xeb,26,0.4305563799572273
xeb,26,0.39728638346877193
xeb,26,0.44571926258233224
xeb,26,0.505801602705216
xeb,26,0.4942322644940318
xeb,26,0.45987688066002824
xeb,26,0.4015130070592862
xeb,26,0.42621429954534573
xeb,26,0.37402818729215964
xeb,26,0.5137804689584925
xeb,26,0.30130119140479056
xeb,26,0.4640416603608684
xeb,26,0.36521286627786953
xeb,26,0.38260602658476134
xeb,26,0.41745129489784255
xeb,26,0.41745129489784255
xeb,26,0.45987688066002824
xeb,26,0.505801602705216
xeb,26,0.4238499278308235
xeb,26,0.26864969914337977
xeb,26,0.4095557933719511
xeb,26,0.5137804689584925
xeb,26,0.43064649363649565
xeb,26,0.41745129489784255
xeb,26,0.3092573606044318
xeb,26,0.4942322644940318
xeb,26,0.31461427744828263
xeb,26,0.5137804689584925
xeb,26,0.36521286627786953
xeb,26,0.43844722382044216
xeb,26,0.4219276514997785
xeb,26,0.42621429954534573
xeb,26,0.26864969914337977
xeb,26,0.39535869880173985
xeb,26,0.32114412429631645
xeb,26,0.43064649363649565
xeb,26,0.39165608500827825
xeb,26,0.4198833377156118
xeb,26,0.48089858887873593
xeb,26,0.26864969914337977
xeb,26,0.4640416603608684
xeb,26,0.42621429954534573
xeb,26,0.40775033426926127
xeb,26,0.39535869880173985
xeb,26,0.4238499278308235
xeb,26,0.45987688066002824
xeb,26,0.28331594121438053
xeb,26,0.3738995880184829
xeb,26,0.30130119140479056
xeb,26,0.3860959897613949
xeb,26,0.38260602658476134
xeb,26,0.40775033426926127
xeb,26,0.28331594121438053
xeb,26,0.37221398449501386
xeb,26,0.4305563799572273
xeb,26,0.4942322644940318
xeb,26,0.31461427744828263
xeb,26,0.4305563799572273
xeb,26,0.41745129489784255
xeb,26,0.4640416603608684
xeb,26,0.3738995880184829
xeb,26,0.43064649363649565
xeb,26,0.3738995880184829
xeb,26,0.4219276514997785
xeb,26,0.41745129489784255
xeb,26,0.45987688066002824
xeb,26,0.4942322644940318
xeb,26,0.47018486600688875
xeb,26,0.39535869880173985
xeb,26,0.4422435686141925
xeb,26,0.37402818729215964
xeb,26,0.45987688066002824
xeb,26,0.45987688066002824
xeb,26,0.41745129489784255
xeb,26,0.4219276514997785
xeb,26,0.3738995880184829
xeb,26,0.4422435686141925
xeb,26,0.505801602705216
xeb,26,0.39535869880173985
xeb,26,0.4640416603608684
xeb,26,0.41745129489784255
xeb,26,0.41745129489784255
xeb,26,0.42621429954534573
xeb,26,0.31461427744828263
xeb,26,0.48089858887873593
xeb,26,0.3860959897613949
xeb,26,0.40775033426926127
xeb,26,0.3092573606044318
xeb,26,0.48089858887873593
xeb,26,0.3092573606044318
xeb,26,0.5137804689584925
xeb,26,0.4015130070592862
xeb,26,0.3860959897613949
xeb,26,0.4305563799572273
xeb,26,0.26864969914337977
xeb,26,0.31461427744828263
xeb,26,0.3860959897613949
xeb,26,0.37402818729215964
xeb,26,0.48089858887873593
qnn,26,0.35475634419089497
qnn,26,0.32897098905599065
qnn,26,0.31152294064959096
qnn,26,0.3866026253188774
qnn,26,0.43392752916057
qnn,26,0.3810768745120226
qnn,26,0.476266561507354
qnn,26,0.37527346168592157
qnn,26,0.35968476632458724
qnn,26,0.25136824125821533
qnn,26,0.3648454004005338
qnn,26,0.4357627853584231
qnn,26,0.3648454004005338
qnn,26,0.476266561507354
qnn,26,0.3256099894428245
qnn,26,0.43628178604691836
qnn,26,0.3496488321823479
qnn,26,0.2805030453446237
qnn,26,0.4155594214008053
qnn,26,0.4116915032974221
qnn,26,0.43188404981958495
qnn,26,0.35475634419089497
qnn,26,0.3172505546880193
qnn,26,0.2955592191543357
qnn,26,0.35475634419089497
qnn,26,0.43628178604691836
qnn,26,0.4263698593283053
qnn,26,0.309702074622236
qnn,26,0.5115311466773979
qnn,26,0.476266561507354
qnn,26,0.4155594214008053
qnn,26,0.44862595677203404
qnn,26,0.2805030453446237
qnn,26,0.4209617115031148
qnn,26,0.39035683864423815
qnn,26,0.39650957346827453
qnn,26,0.4209617115031148
qnn,26,0.4209617115031148
qnn,26,0.3958592035577706
qnn,26,0.3866026253188774
qnn,26,0.37527346168592157
qnn,26,0.4240685494537573
qnn,26,0.34054331681608657
qnn,26,0.43617792234573544
qnn,26,0.5115311466773979
qnn,26,0.34449460814213934
qnn,26,0.43392752916057
qnn,26,0.25136824125821533
qnn,26,0.4240685494537573
qnn,26,0.3958592035577706
qnn,26,0.4209617115031148
qnn,26,0.3496488321823479
qnn,26,0.4870471563349083
qnn,26,0.32897098905599065
qnn,26,0.3810768745120226
qnn,26,0.43392752916057
qnn,26,0.22595401747529792
qnn,26,0.3868070779678299
qnn,26,0.34449460814213934
qnn,26,0.39035683864423815
qnn,26,0.34054331681608657
qnn,26,0.326679175620831
qnn,26,0.35475634419089497
qnn,26,0.29426126048279805
qnn,26,0.4116915032974221
qnn,26,0.32897098905599065
qnn,26,0.326679175620831
qnn,26,0.36347602972526427
qnn,26,0.43628178604691836
qnn,26,0.309702074622236
qnn,26,0.35475634419089497
qnn,26,0.3573792459053833
qnn,26,0.29426126048279805
qnn,26,0.39650957346827453
qnn,26,0.373345700752817
qnn,26,0.373345700752817
qnn,26,0.36209647085001684
qnn,26,0.35475634419089497
qnn,26,0.3526282121735164
qnn,26,0.2955592191543357
qnn,26,0.3526282121735164
qnn,26,0.32897098905599065
qnn,26,0.4116915032974221
qnn,26,0.3573792459053833
qnn,26,0.476266561507354
qnn,26,0.2728232647695658
qnn,26,0.43392752916057
qnn,26,0.36164556791615227
qnn,26,0.3172505546880193
qnn,26,0.3573792459053833
qnn,26,0.373345700752817
qnn,26,0.3496488321823479
qnn,26,0.3172505546880193
qnn,26,0.35475634419089497
qnn,26,0.3595824068000012
qnn,26,0.32897098905599065
qnn,26,0.3595824068000012
qnn,26,0.326679175620831
qnn,26,0.5115311466773979
qnn,26,0.5115311466773979
qnn,26,0.2728232647695658
qnn,26,0.35968476632458724
qnn,26,0.3958592035577706
qnn,26,0.373345700752817
qnn,26,0.3648454004005338
qnn,26,0.31152294064959096
qnn,26,0.36347602972526427
qnn,26,0.4870471563349083
qnn,26,0.309702074622236
qnn,26,0.34449460814213934
qnn,26,0.35475634419089497
qnn,26,0.39035683864423815
qnn,26,0.3810768745120226
qnn,26,0.3868070779678299
qnn,26,0.476266561507354
qnn,26,0.3496488321823479
qnn,26,0.3868070779678299
qnn,26,0.34054331681608657
qnn,26,0.2955592191543357
qnn,26,0.373345700752817
qnn,26,0.3526282121735164
qnn,26,0.3526282121735164
qnn,26,0.37527346168592157
qnn,26,0.29258512353503663
qnn,26,0.3172505546880193
qnn,26,0.34054331681608657
qnn,26,0.34449460814213934
qnn,26,0.43188404981958495
qnn,26,0.43933614827402306
qnn,26,0.43392752916057
qnn,26,0.35475634419089497
qnn,26,0.3526282121735164
qnn,26,0.3868070779678299
qnn,26,0.4263698593283053
qnn,26,0.373345700752817
qnn,26,0.3526282121735164
qnn,26,0.4240685494537573
qnn,26,0.3283651161953523
qnn,26,0.3810768745120226
qnn,26,0.2728232647695658
qnn,26,0.34449460814213934
qnn,26,0.3283651161953523
qnn,26,0.3810768745120226
qnn,26,0.34054331681608657
qnn,26,0.32897098905599065
qnn,26,0.39035683864423815
qnn,26,0.43188404981958495
qnn,26,0.43617792234573544
qnn,26,0.29426126048279805
qnn,26,0.3172505546880193
qnn,26,0.32897098905599065
qnn,26,0.3496488321823479
qnn,26,0.3256099894428245
qnn,26,0.43617792234573544
qnn,26,0.3526282121735164
qnn,26,0.4116915032974221
qnn,26,0.36209647085001684
qnn,26,0.3496488321823479
qnn,26,0.3526282121735164
qnn,26,0.22595401747529792
qnn,26,0.43617792234573544
qnn,26,0.4263698593283053
qnn,26,0.3958592035577706
qnn,26,0.3496488321823479
qnn,26,0.37975425441267224
qnn,26,0.33520013883920685
qnn,26,0.4209617115031148
qnn,26,0.37527346168592157
qnn,26,0.3283651161953523
qnn,26,0.43617792234573544
qnn,26,0.4209617115031148
qnn,26,0.326679175620831
qnn,26,0.4209617115031148
qnn,26,0.3172505546880193
qnn,26,0.3526282121735164
qnn,26,0.36209647085001684
qnn,26,0.417891230488145
qnn,26,0.34054331681608657
qnn,26,0.4155594214008053
qnn,26,0.43617792234573544
qnn,26,0.326679175620831
qnn,26,0.3256099894428245
qnn,26,0.3283651161953523
qnn,26,0.43617792234573544
qnn,26,0.37975425441267224
qnn,26,0.309702074622236
qnn,26,0.3573792459053833
qnn,26,0.43628178604691836
qnn,26,0.2805030453446237
qnn,26,0.37527346168592157
qnn,26,0.4870471563349083
qnn,26,0.43617792234573544
qnn,26,0.3496488321823479
qnn,26,0.29426126048279805
qnn,26,0.35475634419089497
qnn,26,0.34449460814213934
qnn,26,0.39035683864423815
qnn,26,0.3172505546880193
qnn,26,0.37975425441267224
qnn,26,0.34449460814213934
shor,26,0.43487531549174163
shor,26,0.43188799563038593
shor,26,0.41978361826610666
shor,26,0.4586898208686666
shor,26,0.47230442819061247
shor,26,0.43188799563038593
shor,26,0.3574401425588943
shor,26,0.43339570723353127
shor,26,0.3345449587993865
shor,26,0.5950275581407286
shor,26,0.4449865250393222
shor,26,0.6216311365849916
shor,26,0.3426780089415686
shor,26,0.4081815495306239
shor,26,0.39751914763294627
shor,26,0.49145399615367624
shor,26,0.3426780089415686
shor,26,0.6241302904969769
shor,26,0.4177554074957269
shor,26,0.5950275581407286
shor,26,0.49145399615367624
shor,26,0.47230442819061247
shor,26,0.3574401425588943
shor,26,0.47635784207512216
shor,26,0.4513455392962721
shor,26,0.3345449587993865
shor,26,0.3426780089415686
shor,26,0.5706860590071018
shor,26,0.3426780089415686
shor,26,0.4276523360795164
shor,26,0.6241302904969769
shor,26,0.4292998692233787
shor,26,0.4449865250393222
shor,26,0.5706860590071018
shor,26,0.5635603281045918
shor,26,0.5828923523640167
shor,26,0.47635784207512216
shor,26,0.41978361826610666
shor,26,0.47230442819061247
shor,26,0.3574401425588943
shor,26,0.5706860590071018
shor,26,0.43339570723353127
shor,26,0.4292998692233787
shor,26,0.5029038018657491
shor,26,0.3574401425588943
shor,26,0.4449865250393222
shor,26,0.4449865250393222
shor,26,0.3345449587993865
shor,26,0.5029038018657491
shor,26,0.3345449587993865
shor,26,0.4860069362158022
shor,26,0.4513455392962721
shor,26,0.47230442819061247
shor,26,0.5828923523640167
shor,26,0.4081815495306239
shor,26,0.47152306467376964
shor,26,0.34517720257968265
shor,26,0.3574401425588943
shor,26,0.47635784207512216
shor,26,0.43487531549174163
shor,26,0.5706860590071018
shor,26,0.41978361826610666
shor,26,0.4177554074957269
shor,26,0.5029038018657491
shor,26,0.43339570723353127
shor,26,0.43339570723353127
shor,26,0.4081815495306239
shor,26,0.4588846378142988
shor,26,0.6144795822990429
shor,26,0.3426780089415686
shor,26,0.4177554074957269
shor,26,0.43188799563038593
shor,26,0.47230442819061247
shor,26,0.4276523360795164
shor,26,0.49145399615367624
shor,26,0.47635784207512216
shor,26,0.5706860590071018
shor,26,0.4513455392962721
shor,26,0.5828923523640167
shor,26,0.4860069362158022
shor,26,0.6241302904969769
shor,26,0.4586898208686666
shor,26,0.34517720257968265
shor,26,0.43487531549174163
shor,26,0.4276523360795164
shor,26,0.4860069362158022
shor,26,0.5950275581407286
shor,26,0.4962555016064933
shor,26,0.5706860590071018
shor,26,0.5950275581407286
shor,26,0.3574401425588943
shor,26,0.42346003809059085
shor,26,0.3426780089415686
shor,26,0.49145399615367624
shor,26,0.4177554074957269
shor,26,0.4449865250393222
shor,26,0.5635603281045918
shor,26,0.4513455392962721
shor,26,0.47635784207512216
shor,26,0.4962555016064933
shor,26,0.4292998692233787
shor,26,0.4276523360795164
shor,26,0.42346003809059085
shor,26,0.3574401425588943
shor,26,0.47635784207512216
shor,26,0.4292998692233787
shor,26,0.6241302904969769
shor,26,0.5828923523640167
shor,26,0.4177554074957269
shor,26,0.4962555016064933
shor,26,0.42346003809059085
shor,26,0.4860069362158022
shor,26,0.3426780089415686
shor,26,0.42346003809059085
shor,26,0.4276523360795164
shor,26,0.4586898208686666
shor,26,0.5950275581407286
shor,26,0.6144795822990429
shor,26,0.4292998692233787
shor,26,0.5706860590071018
shor,26,0.4586898208686666
shor,26,0.4081815495306239
shor,26,0.4586898208686666
shor,26,0.4449865250393222
shor,26,0.4962555016064933
shor,26,0.3574401425588943
shor,26,0.39751914763294627
shor,26,0.48281809836387146
shor,26,0.4292998692233787
shor,26,0.42346003809059085
shor,26,0.5828923523640167
shor,26,0.42346003809059085
shor,26,0.47230442819061247
shor,26,0.47230442819061247
shor,26,0.6241302904969769
shor,26,0.43339570723353127
shor,26,0.6144795822990429
shor,26,0.4081815495306239
shor,26,0.35744014255889445
shor,26,0.43487531549174163
shor,26,0.41978361826610666
shor,26,0.35744014255889445
shor,26,0.39751914763294627
shor,26,0.43188799563038593
shor,26,0.4081815495306239
shor,26,0.4177554074957269
shor,26,0.5828923523640167
shor,26,0.5635603281045918
shor,26,0.4962555016064933
shor,26,0.3979129554523675
shor,26,0.5706860590071018
shor,26,0.47230442819061247
shor,26,0.4513455392962721
shor,26,0.4081815495306239
shor,26,0.48281809836387146
shor,26,0.49145399615367624
shor,26,0.5706860590071018
shor,26,0.3979129554523675
shor,26,0.6504903964243797
shor,26,0.48281809836387146
shor,26,0.4588846378142988
shor,26,0.4588846378142988
shor,26,0.41978361826610666
shor,26,0.3979129554523675
shor,26,0.4513455392962721
shor,26,0.43188799563038593
shor,26,0.5635603281045918
shor,26,0.3345449587993865
shor,26,0.3426780089415686
shor,26,0.41978361826610666
shor,26,0.33516267273254013
shor,26,0.4513455392962721
shor,26,0.3979129554523675
shor,26,0.35744014255889445
shor,26,0.4588846378142988
shor,26,0.6241302904969769
shor,26,0.47230442819061247
shor,26,0.4081815495306239
shor,26,0.5950275581407286
shor,26,0.5950275581407286
shor,26,0.47152306467376964
shor,26,0.35744014255889445
shor,26,0.5706860590071018
shor,26,0.3345449587993865
shor,26,0.4276523360795164
shor,26,0.4860069362158022
shor,26,0.43188799563038593
shor,26,0.39751914763294627
shor,26,0.35744014255889445
shor,26,0.6144795822990429
shor,26,0.4962555016064933
shor,26,0.4449865250393222
shor,26,0.43339570723353127
shor,26,0.4586898208686666
shor,26,0.3574401425588943
shor,26,0.4860069362158022
shor,26,0.39751914763294627
shor,26,0.5706860590071018
shor,26,0.4292998692233787
shor,26,0.4081815495306239
qec,26,0.48236707580098337
qec,26,0.467926613566132
qec,26,0.4585143206486523
qec,26,0.48236707580098337
qec,26,0.4585143206486523
qec,26,0.467926613566132
qec,26,0.46346314428073354
qec,26,0.4585143206486523
qec,26,0.4430836766423463
qec,26,0.4430836766423463
qec,26,0.467926613566132
qec,26,0.48236707580098337
qec,26,0.4430836766423463
qec,26,0.48236707580098337
qec,26,0.467926613566132
qec,26,0.48236707580098337
qec,26,0.4430836766423463
qec,26,0.46681543705517425
qec,26,0.46681543705517425
qec,26,0.467926613566132
qec,26,0.46681543705517425
qec,26,0.4585143206486523
qec,26,0.46346314428073354
qec,26,0.46346314428073354
qec,26,0.46681543705517425
qec,26,0.46681543705517425
qec,26,0.46346314428073354
qec,26,0.46681543705517425
qec,26,0.46681543705517425
qec,26,0.467926613566132
qec,26,0.48236707580098337
qec,26,0.467926613566132
qec,26,0.4430836766423463
qec,26,0.46681543705517425
qec,26,0.4430836766423463
qec,26,0.4585143206486523
qec,26,0.46681543705517425
qec,26,0.46681543705517425
qec,26,0.4585143206486523
qec,26,0.4585143206486523
qec,26,0.48236707580098337
qec,26,0.46681543705517425
qec,26,0.467926613566132
qec,26,0.46681543705517425
qec,26,0.4585143206486523
qec,26,0.48236707580098337
qec,26,0.467926613566132
qec,26,0.4430836766423463
qec,26,0.4585143206486523
qec,26,0.4430836766423463
qec,26,0.48236707580098337
qec,26,0.4430836766423463
qec,26,0.46681543705517425
qec,26,0.46346314428073354
qec,26,0.46346314428073354
qec,26,0.4430836766423463
qec,26,0.4430836766423463
qec,26,0.48236707580098337
qec,26,0.467926613566132
qec,26,0.467926613566132
qec,26,0.46346314428073354
qec,26,0.4585143206486523
qec,26,0.46681543705517425
qec,26,0.4430836766423463
qec,26,0.48236707580098337
qec,26,0.4430836766423463
qec,26,0.46346314428073354
qec,26,0.46681543705517425
qec,26,0.46681543705517425
qec,26,0.46681543705517425
qec,26,0.4585143206486523
qec,26,0.46681543705517425
qec,26,0.48236707580098337
qec,26,0.46681543705517425
qec,26,0.46681543705517425
qec,26,0.4585143206486523
qec,26,0.46346314428073354
qec,26,0.4585143206486523
qec,26,0.46346314428073354
qec,26,0.4585143206486523
qec,26,0.48236707580098337
qec,26,0.4585143206486523
qec,26,0.46346314428073354
qec,26,0.4585143206486523
qec,26,0.48236707580098337
qec,26,0.467926613566132
qec,26,0.4585143206486523
qec,26,0.46346314428073354
qec,26,0.467926613566132
qec,26,0.4585143206486523
qec,26,0.46681543705517425
qec,26,0.4430836766423463
qec,26,0.46681543705517425
qec,26,0.4585143206486523
qec,26,0.4585143206486523
qec,26,0.467926613566132
qec,26,0.4585143206486523
qec,26,0.4585143206486523
qec,26,0.4430836766423463
qec,26,0.467926613566132
qec,26,0.4430836766423463
qec,26,0.4430836766423463
qec,26,0.467926613566132
qec,26,0.48236707580098337
qec,26,0.46346314428073354
qec,26,0.46346314428073354
qec,26,0.4585143206486523
qec,26,0.4430836766423463
qec,26,0.4585143206486523
qec,26,0.46681543705517425
qec,26,0.46346314428073354
qec,26,0.467926613566132
qec,26,0.48236707580098337
qec,26,0.4430836766423463
qec,26,0.46346314428073354
qec,26,0.4585143206486523
qec,26,0.48236707580098337
qec,26,0.4585143206486523
qec,26,0.4430836766423463
qec,26,0.48236707580098337
qec,26,0.48236707580098337
qec,26,0.4585143206486523
qec,26,0.4430836766423463
qec,26,0.4430836766423463
qec,26,0.4585143206486523
qec,26,0.4585143206486523
qec,26,0.4430836766423463
qec,26,0.467926613566132
qec,26,0.46681543705517425
qec,26,0.48236707580098337
qec,26,0.46681543705517425
qec,26,0.48236707580098337
qec,26,0.4430836766423463
qec,26,0.46681543705517425
qec,26,0.4585143206486523
qec,26,0.467926613566132
qec,26,0.467926613566132
qec,26,0.4585143206486523
qec,26,0.4585143206486523
qec,26,0.467926613566132
qec,26,0.46346314428073354
qec,26,0.4585143206486523
qec,26,0.4585143206486523
qec,26,0.4585143206486523
qec,26,0.48236707580098337
qec,26,0.4585143206486523
qec,26,0.48236707580098337
qec,26,0.467926613566132
qec,26,0.4430836766423463
qec,26,0.48236707580098337
qec,26,0.46346314428073354
qec,26,0.4585143206486523
qec,26,0.467926613566132
qec,26,0.467926613566132
qec,26,0.4585143206486523
qec,26,0.467926613566132
qec,26,0.4585143206486523
qec,26,0.4430836766423463
qec,26,0.46681543705517425
qec,26,0.46681543705517425
qec,26,0.48236707580098337
qec,26,0.4585143206486523
qec,26,0.46681543705517425
qec,26,0.4430836766423463
qec,26,0.4585143206486523
qec,26,0.4430836766423463
qec,26,0.48236707580098337
qec,26,0.46681543705517425
qec,26,0.4585143206486523
qec,26,0.46681543705517425
qec,26,0.46681543705517425
qec,26,0.46681543705517425
qec,26,0.4585143206486523
qec,26,0.46346314428073354
qec,26,0.46346314428073354
qec,26,0.467926613566132
qec,26,0.48236707580098337
qec,26,0.4585143206486523
qec,26,0.4430836766423463
qec,26,0.4585143206486523
qec,26,0.467926613566132
qec,26,0.467926613566132
qec,26,0.4585143206486523
qec,26,0.46681543705517425
qec,26,0.4430836766423463
qec,26,0.4585143206486523
qec,26,0.467926613566132
qec,26,0.4585143206486523
qec,26,0.46681543705517425
qec,26,0.4430836766423463
qec,26,0.467926613566132
qec,26,0.48236707580098337
qec,26,0.4585143206486523
qec,26,0.46681543705517425
qec,26,0.48236707580098337
qec,26,0.4585143206486523
qec,26,0.48236707580098337
qec,26,0.46681543705517425
qec,26,0.46681543705517425
qec,26,0.46681543705517425
xeb,28,0.4163394227568212
xeb,28,0.509116715725516
xeb,28,0.5051988652320203
xeb,28,0.500331575051091
xeb,28,0.6097759813053125
xeb,28,0.45105349272154077
xeb,28,0.509116715725516
xeb,28,0.43557692619059313
xeb,28,0.43557692619059313
xeb,28,0.42594362920406414
xeb,28,0.48595862011486946
xeb,28,0.4163394227568212
xeb,28,0.5333015482300503
xeb,28,0.5072489366021858
xeb,28,0.4641249793161864
xeb,28,0.44834101209930904
xeb,28,0.45105349272154077
xeb,28,0.3633481024122762
xeb,28,0.509116715725516
xeb,28,0.4599026840081506
xeb,28,0.4641249793161864
xeb,28,0.4263876371384941
xeb,28,0.3260433106932846
xeb,28,0.4588778461509316
xeb,28,0.45105349272154077
xeb,28,0.4620734647945013
xeb,28,0.4994656258907355
xeb,28,0.4263876371384941
xeb,28,0.3260433106932846
xeb,28,0.48595862011486946
xeb,28,0.41946117587498927
xeb,28,0.6097759813053125
xeb,28,0.4536241394299876
xeb,28,0.45105349272154077
xeb,28,0.4620734647945013
xeb,28,0.4786878719179651
xeb,28,0.4163394227568212
xeb,28,0.3633481024122762
xeb,28,0.47208718082947343
xeb,28,0.41563789187025685
xeb,28,0.45105349272154077
xeb,28,0.41946117587498927
xeb,28,0.37804532370436605
xeb,28,0.4588778461509316
xeb,28,0.4641249793161864
xeb,28,0.5787635417558945
xeb,28,0.3984999049909924
xeb,28,0.6097759813053125
xeb,28,0.45105349272154077
xeb,28,0.44834101209930904
xeb,28,0.41946117587498927
xeb,28,0.4263876371384941
xeb,28,0.5051988652320203
xeb,28,0.4163394227568212
xeb,28,0.49027276868835756
xeb,28,0.37804532370436605
xeb,28,0.42594362920406414
xeb,28,0.5333015482300503
xeb,28,0.4536241394299876
xeb,28,0.44834101209930904
xeb,28,0.5051988652320203
xeb,28,0.5333015482300503
xeb,28,0.4163394227568212
xeb,28,0.47584440135604394
xeb,28,0.3260433106932846
xeb,28,0.43557692619059313
xeb,28,0.41563789187025685
xeb,28,0.5333015482300503
xeb,28,0.4163394227568212
xeb,28,0.5051988652320203
xeb,28,0.5333015482300503
xeb,28,0.4588778461509316
xeb,28,0.45105349272154077
xeb,28,0.4599026840081506
xeb,28,0.5911802720581557
xeb,28,0.3984999049909924
xeb,28,0.43557692619059313
xeb,28,0.5911802720581557
xeb,28,0.45105349272154077
xeb,28,0.3260433106932846
xeb,28,0.5333015482300503
xeb,28,0.3793565314414726
xeb,28,0.4163394227568212
xeb,28,0.4263876371384941
xeb,28,0.47208718082947343
xeb,28,0.5787635417558945
xeb,28,0.4620734647945013
xeb,28,0.4994656258907355
xeb,28,0.6097759813053125
xeb,28,0.43557692619059313
xeb,28,0.46256972169056837
xeb,28,0.4536241394299876
xeb,28,0.4641249793161864
xeb,28,0.4536241394299876
xeb,28,0.5072489366021858
xeb,28,0.5072489366021858
xeb,28,0.46256972169056837
xeb,28,0.41946117587498927
xeb,28,0.4588778461509316
xeb,28,0.3984999049909924
xeb,28,0.4163394227568212
xeb,28,0.4620734647945013
xeb,28,0.3984999049909924
xeb,28,0.3260433106932846
xeb,28,0.45105349272154077
xeb,28,0.41946117587498927
xeb,28,0.4536241394299876
xeb,28,0.37804532370436605
xeb,28,0.5072489366021858
xeb,28,0.4263876371384941
xeb,28,0.42594362920406414
xeb,28,0.4263876371384941
xeb,28,0.46256972169056837
xeb,28,0.3633481024122762
xeb,28,0.48595862011486946
xeb,28,0.4599026840081506
xeb,28,0.4994656258907355
xeb,28,0.4599026840081506
xeb,28,0.4620734647945013
xeb,28,0.4620734647945013
xeb,28,0.4536241394299876
xeb,28,0.509116715725516
xeb,28,0.45105349272154077
xeb,28,0.41563789187025685
xeb,28,0.4163394227568212
xeb,28,0.4599026840081506
xeb,28,0.4163394227568212
xeb,28,0.4641249793161864
xeb,28,0.5072489366021858
xeb,28,0.42594362920406414
xeb,28,0.37804532370436605
xeb,28,0.4163394227568212
xeb,28,0.5072489366021858
xeb,28,0.5072489366021858
xeb,28,0.5072489366021858
xeb,28,0.5333015482300503
xeb,28,0.41563789187025685
xeb,28,0.45105349272154077
xeb,28,0.5911802720581557
xeb,28,0.4536241394299876
xeb,28,0.5333015482300503
xeb,28,0.4536241394299876
xeb,28,0.41946117587498927
xeb,28,0.3793565314414726
xeb,28,0.43557692619059313
xeb,28,0.4599026840081506
xeb,28,0.47208718082947343
xeb,28,0.5051988652320203
xeb,28,0.4599026840081506
xeb,28,0.49027276868835756
xeb,28,0.3793565314414726
xeb,28,0.5787635417558945
xeb,28,0.4786878719179651
xeb,28,0.5333015482300503
xeb,28,0.4163394227568212
xeb,28,0.41563789187025685
xeb,28,0.4588778461509316
xeb,28,0.4599026840081506
xeb,28,0.5072489366021858
xeb,28,0.46256972169056837
xeb,28,0.4263876371384941
xeb,28,0.500331575051091
xeb,28,0.4263876371384941
xeb,28,0.46256972169056837
xeb,28,0.4588778461509316
xeb,28,0.3793565314414726
xeb,28,0.47584440135604394
xeb,28,0.4786878719179651
xeb,28,0.6097759813053125
xeb,28,0.41563789187025685
xeb,28,0.47584440135604394
xeb,28,0.43557692619059313
xeb,28,0.44834101209930904
xeb,28,0.37804532370436605
xeb,28,0.4536241394299876
xeb,28,0.4994656258907355
xeb,28,0.42594362920406414
xeb,28,0.46256972169056837
xeb,28,0.37804532370436605
xeb,28,0.5911802720581557
xeb,28,0.4163394227568212
xeb,28,0.509116715725516
xeb,28,0.4786878719179651
xeb,28,0.3984999049909924
xeb,28,0.45105349272154077
xeb,28,0.49027276868835756
xeb,28,0.4588778461509316
xeb,28,0.5333015482300503
xeb,28,0.4263876371384941
xeb,28,0.509116715725516
xeb,28,0.3260433106932846
xeb,28,0.47208718082947343
xeb,28,0.5051988652320203
xeb,28,0.44834101209930904
xeb,28,0.4163394227568212
xeb,28,0.4994656258907355
xeb,28,0.41563789187025685
xeb,28,0.42594362920406414
xeb,28,0.49027276868835756
xeb,28,0.47208718082947343
qnn,28,0.4603207549375526
qnn,28,0.3710145666999685
qnn,28,0.44758442597128795
qnn,28,0.47521027487309747
qnn,28,0.32259765669237667
qnn,28,0.3514468564246568
qnn,28,0.3985117663786075
qnn,28,0.4237616259460764
qnn,28,0.47393049102855983
qnn,28,0.47521027487309747
qnn,28,0.49765356482907835
qnn,28,0.41905256815752867
qnn,28,0.49765356482907835
qnn,28,0.42836564723734544
qnn,28,0.3985117663786075
qnn,28,0.49765356482907835
qnn,28,0.38025397415075446
qnn,28,0.5284311406547316
qnn,28,0.44199738017642765
qnn,28,0.4075781099925756
qnn,28,0.3413685048559819
qnn,28,0.42836564723734544
qnn,28,0.3210707818298585
qnn,28,0.36514992765706067
qnn,28,0.4603207549375526
qnn,28,0.40047176719809624
qnn,28,0.3514468564246568
qnn,28,0.5011099892730227
qnn,28,0.2888277588548046
qnn,28,0.4914730952045925
qnn,28,0.3841062588905542
qnn,28,0.47521027487309747
qnn,28,0.3583352004343564
qnn,28,0.4914730952045925
qnn,28,0.5054882861087295
qnn,28,0.47521027487309747
qnn,28,0.40047176719809624
qnn,28,0.38025397415075446
qnn,28,0.3576126769612074
qnn,28,0.33278629691397016
qnn,28,0.4570190435388083
qnn,28,0.43325092022788403
qnn,28,0.39456642017790744
qnn,28,0.4533478021451844
qnn,28,0.4603207549375526
qnn,28,0.4126727624720196
qnn,28,0.3952690527589011
qnn,28,0.49013561304546227
qnn,28,0.41789945395084727
qnn,28,0.47393049102855983
qnn,28,0.27410568292950627
qnn,28,0.4126727624720196
qnn,28,0.3745098944930666
qnn,28,0.5222260745317809
qnn,28,0.44758442597128795
qnn,28,0.43217495817755675
qnn,28,0.41789945395084727
qnn,28,0.3583352004343564
qnn,28,0.38025397415075446
qnn,28,0.3210707818298585
qnn,28,0.3413685048559819
qnn,28,0.5284311406547316
qnn,28,0.3841062588905542
qnn,28,0.3745098944930666
qnn,28,0.3413685048559819
qnn,28,0.3210707818298585
qnn,28,0.36514992765706067
qnn,28,0.39456642017790744
qnn,28,0.3210707818298585
qnn,28,0.3985117663786075
qnn,28,0.48121053122750373
qnn,28,0.3807886857948203
qnn,28,0.27410568292950627
qnn,28,0.32259765669237667
qnn,28,0.5054882861087295
qnn,28,0.41789945395084727
qnn,28,0.4237616259460764
qnn,28,0.41789945395084727
qnn,28,0.33624870539792956
qnn,28,0.3210707818298585
qnn,28,0.3583352004343564
qnn,28,0.43325092022788403
qnn,28,0.3710145666999685
qnn,28,0.3745098944930666
qnn,28,0.44269829447349307
qnn,28,0.45087464347611755
qnn,28,0.3576126769612074
qnn,28,0.48121053122750373
qnn,28,0.49765356482907835
qnn,28,0.33021635324266785
qnn,28,0.3097257683295064
qnn,28,0.33278629691397016
qnn,28,0.3583352004343564
qnn,28,0.41789945395084727
qnn,28,0.3841062588905542
qnn,28,0.43217495817755675
qnn,28,0.4009782709257341
qnn,28,0.3097257683295064
qnn,28,0.3583352004343564
qnn,28,0.3710145666999685
qnn,28,0.47521027487309747
qnn,28,0.4075781099925756
qnn,28,0.44269829447349307
qnn,28,0.3413685048559819
qnn,28,0.3576126769612074
qnn,28,0.40047176719809624
qnn,28,0.43325092022788403
qnn,28,0.4075781099925756
qnn,28,0.48121053122750373
qnn,28,0.41905256815752867
qnn,28,0.4135462392246959
qnn,28,0.41905256815752867
qnn,28,0.4126727624720196
qnn,28,0.33278629691397016
qnn,28,0.3807886857948203
qnn,28,0.3745098944930666
qnn,28,0.45087464347611755
qnn,28,0.2852851093950513
qnn,28,0.3952690527589011
qnn,28,0.3841062588905542
qnn,28,0.47521027487309747
qnn,28,0.3985117663786075
qnn,28,0.4135462392246959
qnn,28,0.32259765669237667
qnn,28,0.49013561304546227
qnn,28,0.33021635324266785
qnn,28,0.3710145666999685
qnn,28,0.41905256815752867
qnn,28,0.27410568292950627
qnn,28,0.48121053122750373
qnn,28,0.3777060774780406
qnn,28,0.5284311406547316
qnn,28,0.3710145666999685
qnn,28,0.3097257683295064
qnn,28,0.4237616259460764
qnn,28,0.3777060774780406
qnn,28,0.40047176719809624
qnn,28,0.44269829447349307
qnn,28,0.2852851093950513
qnn,28,0.4603207549375526
qnn,28,0.33624870539792956
qnn,28,0.5054882861087295
qnn,28,0.4914730952045925
qnn,28,0.4126727624720196
qnn,28,0.5284311406547316
qnn,28,0.41905256815752867
qnn,28,0.43217495817755675
qnn,28,0.3777060774780406
qnn,28,0.3841062588905542
qnn,28,0.4533478021451844
qnn,28,0.34828052242358065
qnn,28,0.3097257683295064
qnn,28,0.3097257683295064
qnn,28,0.2888277588548046
qnn,28,0.33624870539792956
qnn,28,0.44758442597128795
qnn,28,0.3841062588905542
qnn,28,0.45087464347611755
qnn,28,0.33021635324266785
qnn,28,0.5011099892730227
qnn,28,0.33278629691397016
qnn,28,0.3413685048559819
qnn,28,0.3576126769612074
qnn,28,0.49765356482907835
qnn,28,0.4009782709257341
qnn,28,0.41905256815752867
qnn,28,0.4075781099925756
qnn,28,0.3807886857948203
qnn,28,0.49013561304546227
qnn,28,0.49013561304546227
qnn,28,0.3777060774780406
qnn,28,0.5011099892730227
qnn,28,0.27410568292950627
qnn,28,0.3807886857948203
qnn,28,0.3745098944930666
qnn,28,0.41789945395084727
qnn,28,0.43325092022788403
qnn,28,0.41905256815752867
qnn,28,0.4075781099925756
qnn,28,0.36514992765706067
qnn,28,0.41789945395084727
qnn,28,0.33624870539792956
qnn,28,0.33278629691397016
qnn,28,0.47393049102855983
qnn,28,0.5284311406547316
qnn,28,0.5085411089773754
qnn,28,0.4237616259460764
qnn,28,0.33021635324266785
qnn,28,0.47393049102855983
qnn,28,0.33021635324266785
qnn,28,0.3745098944930666
qnn,28,0.42836564723734544
qnn,28,0.32259765669237667
qnn,28,0.4603207549375526
qnn,28,0.3210707818298585
qnn,28,0.48121053122750373
qnn,28,0.41905256815752867
qnn,28,0.47393049102855983
qnn,28,0.27410568292950627
qnn,28,0.41905256815752867
shor,28,0.6368185663400698
shor,28,0.39202385207285945
shor,28,0.5070131920247802
shor,28,0.4780063679533728
shor,28,0.617367093948257
shor,28,0.39202385207285945
shor,28,0.39202385207285945
shor,28,0.4444449861962939
shor,28,0.4906695694605277
shor,28,0.3685020825769324
shor,28,0.4799071879103715
shor,28,0.442783445409169
shor,28,0.6753367525204037
shor,28,0.4780063679533728
shor,28,0.4906695694605277
shor,28,0.4873208176760154
shor,28,0.47238114336955755
shor,28,0.4757531559499978
shor,28,0.47706218077192397
shor,28,0.4780063679533728
shor,28,0.4444449861962939
shor,28,0.41826952394601546
shor,28,0.41826952394601546
shor,28,0.4419842298720514
shor,28,0.4419842298720514
shor,28,0.36723996181970286
shor,28,0.4419842298720514
shor,28,0.4780063679533728
shor,28,0.41826952394601546
shor,28,0.3920238520728596
shor,28,0.6682463990223066
shor,28,0.4559149017187574
shor,28,0.4780063679533728
shor,28,0.40859497711667186
shor,28,0.44857384157025937
shor,28,0.4799071879103715
shor,28,0.39202385207285945
shor,28,0.44733949598510103
shor,28,0.4757531559499978
shor,28,0.44733949598510103
shor,28,0.46160787368094036
shor,28,0.4444449861962939
shor,28,0.48097154794070374
shor,28,0.47706218077192397
shor,28,0.35479973450003033
shor,28,0.48097154794070374
shor,28,0.39202385207285945
shor,28,0.6753367525204037
shor,28,0.6368185663400698
shor,28,0.617367093948257
shor,28,0.4780063679533728
shor,28,0.47500425043704825
shor,28,0.442783445409169
shor,28,0.6682463990223066
shor,28,0.6753367525204037
shor,28,0.6682463990223066
shor,28,0.47238114336955755
shor,28,0.41826952394601546
shor,28,0.4906695694605277
shor,28,0.36723996181970286
shor,28,0.3685020825769324
shor,28,0.6368185663400698
shor,28,0.5038695225019806
shor,28,0.5052717076889478
shor,28,0.48097154794070374
shor,28,0.6668988836006498
shor,28,0.6916613482355809
shor,28,0.47706218077192397
shor,28,0.44857384157025937
shor,28,0.43653511120882793
shor,28,0.442783445409169
shor,28,0.442783445409169
shor,28,0.46160787368094036
shor,28,0.44857384157025937
shor,28,0.4780063679533728
shor,28,0.4799071879103715
shor,28,0.44857384157025937
shor,28,0.4799071879103715
shor,28,0.5052717076889478
shor,28,0.36723996181970286
shor,28,0.39202385207285945
shor,28,0.4906695694605277
shor,28,0.6539528465260044
shor,28,0.47238114336955755
shor,28,0.5038695225019806
shor,28,0.39202385207285945
shor,28,0.4906695694605277
shor,28,0.47238114336955755
shor,28,0.43653511120882793
shor,28,0.4906695694605277
shor,28,0.6682463990223066
shor,28,0.4559149017187574
shor,28,0.4559149017187574
shor,28,0.4757531559499978
shor,28,0.4799071879103715
shor,28,0.6682463990223066
shor,28,0.6539528465260044
shor,28,0.442783445409169
shor,28,0.5070131920247802
shor,28,0.4873208176760154
shor,28,0.46160787368094036
shor,28,0.4873208176760154
shor,28,0.44733949598510103
shor,28,0.4780063679533728
shor,28,0.44857384157025937
shor,28,0.4559149017187574
shor,28,0.3792411878828198
shor,28,0.48097154794070374
shor,28,0.3685020825769324
shor,28,0.617367093948257
shor,28,0.4444449861962939
shor,28,0.4444449861962939
shor,28,0.617367093948257
shor,28,0.39202385207285945
shor,28,0.4757531559499978
shor,28,0.4559149017187574
shor,28,0.6916613482355809
shor,28,0.46160787368094036
shor,28,0.6682463990223066
shor,28,0.6682463990223066
shor,28,0.4559149017187574
shor,28,0.4873208176760154
shor,28,0.43653511120882793
shor,28,0.46160787368094036
shor,28,0.43653511120882793
shor,28,0.41826952394601546
shor,28,0.41826952394601546
shor,28,0.5038695225019806
shor,28,0.40859497711667186
shor,28,0.4906695694605277
shor,28,0.3920238520728596
shor,28,0.5052717076889478
shor,28,0.44733949598510103
shor,28,0.44733949598510103
shor,28,0.4419842298720514
shor,28,0.44733949598510103
shor,28,0.4799071879103715
shor,28,0.4799071879103715
shor,28,0.44857384157025937
shor,28,0.6753367525204037
shor,28,0.442783445409169
shor,28,0.6682463990223066
shor,28,0.6682463990223066
shor,28,0.5052717076889478
shor,28,0.3792411878828198
shor,28,0.47706218077192397
shor,28,0.4780063679533728
shor,28,0.4780063679533728
shor,28,0.44857384157025937
shor,28,0.6539528465260044
shor,28,0.3685020825769324
shor,28,0.5052717076889478
shor,28,0.3920238520728596
shor,28,0.617367093948257
shor,28,0.6682463990223066
shor,28,0.48097154794070374
shor,28,0.4559149017187574
shor,28,0.44857384157025937
shor,28,0.40859497711667186
shor,28,0.43653511120882793
shor,28,0.6753367525204037
shor,28,0.43653511120882793
shor,28,0.6539528465260044
shor,28,0.6916613482355809
shor,28,0.6668988836006498
shor,28,0.4444449861962939
shor,28,0.5052717076889478
shor,28,0.47500425043704825
shor,28,0.40859497711667186
shor,28,0.35479973450003033
shor,28,0.48097154794070374
shor,28,0.4559149017187574
shor,28,0.36723996181970286
shor,28,0.40859497711667186
shor,28,0.40859497711667186
shor,28,0.442783445409169
shor,28,0.4873208176760154
shor,28,0.5069468252531871
shor,28,0.5052717076889478
shor,28,0.44733949598510103
shor,28,0.4906695694605277
shor,28,0.4780063679533728
shor,28,0.5069468252531871
shor,28,0.4873208176760154
shor,28,0.6539528465260044
shor,28,0.44733949598510103
shor,28,0.44857384157025937
shor,28,0.4873208176760154
shor,28,0.4906695694605277
shor,28,0.4757531559499978
shor,28,0.6753367525204037
shor,28,0.4444449861962939
shor,28,0.48097154794070374
shor,28,0.43653511120882793
shor,28,0.4559149017187574
shor,28,0.3685020825769324
shor,28,0.4419842298720514
shor,28,0.6368185663400698
shor,28,0.5069468252531871
shor,28,0.41826952394601546
qec,28,0.4826913789233206
qec,28,0.48314514689821075
qec,28,0.5097964286135255
qec,28,0.48074389375299487
qec,28,0.48314514689821075
qec,28,0.5439900805590273
qec,28,0.5439900805590273
qec,28,0.5439900805590273
qec,28,0.48314514689821075
qec,28,0.48074389375299487
qec,28,0.48074389375299487
qec,28,0.44396774401799793
qec,28,0.48314514689821075
qec,28,0.44396774401799793
qec,28,0.5097964286135255
qec,28,0.5097964286135255
qec,28,0.44396774401799793
qec,28,0.48314514689821075
qec,28,0.48314514689821075
qec,28,0.5439900805590273
qec,28,0.44396774401799793
qec,28,0.5097964286135255
qec,28,0.5439900805590273
qec,28,0.4826913789233206
qec,28,0.5097964286135255
qec,28,0.4826913789233206
qec,28,0.48074389375299487
qec,28,0.5097964286135255
qec,28,0.5439900805590273
qec,28,0.5439900805590273
qec,28,0.5097964286135255
qec,28,0.5097964286135255
qec,28,0.5097964286135255
qec,28,0.48314514689821075
qec,28,0.48314514689821075
qec,28,0.48314514689821075
qec,28,0.5097964286135255
qec,28,0.5097964286135255
qec,28,0.48314514689821075
qec,28,0.5439900805590273
qec,28,0.48074389375299487
qec,28,0.48314514689821075
qec,28,0.48074389375299487
qec,28,0.48314514689821075
qec,28,0.5439900805590273
qec,28,0.44396774401799793
qec,28,0.5097964286135255
qec,28,0.44396774401799793
qec,28,0.48314514689821075
qec,28,0.5097964286135255
qec,28,0.4826913789233206
qec,28,0.44396774401799793
qec,28,0.48314514689821075
qec,28,0.4826913789233206
qec,28,0.48074389375299487
qec,28,0.5097964286135255
qec,28,0.44396774401799793
qec,28,0.44396774401799793
qec,28,0.5439900805590273
qec,28,0.5097964286135255
qec,28,0.48314514689821075
qec,28,0.48074389375299487
qec,28,0.5097964286135255
qec,28,0.44396774401799793
qec,28,0.5097964286135255
qec,28,0.48314514689821075
qec,28,0.5097964286135255
qec,28,0.5097964286135255
qec,28,0.5439900805590273
qec,28,0.44396774401799793
qec,28,0.5097964286135255
qec,28,0.5097964286135255
qec,28,0.5439900805590273
qec,28,0.48314514689821075
qec,28,0.5439900805590273
qec,28,0.44396774401799793
qec,28,0.5097964286135255
qec,28,0.5097964286135255
qec,28,0.48314514689821075
qec,28,0.5097964286135255
qec,28,0.44396774401799793
qec,28,0.5439900805590273
qec,28,0.5097964286135255
qec,28,0.5439900805590273
qec,28,0.5097964286135255
qec,28,0.5439900805590273
qec,28,0.48074389375299487
qec,28,0.48314514689821075
qec,28,0.48314514689821075
qec,28,0.48074389375299487
qec,28,0.48074389375299487
qec,28,0.5439900805590273
qec,28,0.4826913789233206
qec,28,0.5097964286135255
qec,28,0.5097964286135255
qec,28,0.5097964286135255
qec,28,0.5097964286135255
qec,28,0.5097964286135255
qec,28,0.4826913789233206
qec,28,0.5097964286135255
qec,28,0.5097964286135255
qec,28,0.48074389375299487
qec,28,0.44396774401799793
qec,28,0.48314514689821075
qec,28,0.5439900805590273
qec,28,0.5097964286135255
qec,28,0.48074389375299487
qec,28,0.48074389375299487
qec,28,0.44396774401799793
qec,28,0.5097964286135255
qec,28,0.48074389375299487
qec,28,0.5097964286135255
qec,28,0.4826913789233206
qec,28,0.4826913789233206
qec,28,0.4826913789233206
qec,28,0.48314514689821075
qec,28,0.48314514689821075
qec,28,0.44396774401799793
qec,28,0.5097964286135255
qec,28,0.48314514689821075
qec,28,0.5097964286135255
qec,28,0.5097964286135255
qec,28,0.5097964286135255
qec,28,0.5097964286135255
qec,28,0.44396774401799793
qec,28,0.44396774401799793
qec,28,0.5439900805590273
qec,28,0.5097964286135255
qec,28,0.44396774401799793
qec,28,0.4826913789233206
qec,28,0.48074389375299487
qec,28,0.5097964286135255
qec,28,0.48314514689821075
qec,28,0.48314514689821075
qec,28,0.48314514689821075
qec,28,0.5097964286135255
qec,28,0.44396774401799793
qec,28,0.4826913789233206
qec,28,0.5439900805590273
qec,28,0.5097964286135255
qec,28,0.48314514689821075
qec,28,0.44396774401799793
qec,28,0.48314514689821075
qec,28,0.4826913789233206
qec,28,0.48074389375299487
qec,28,0.44396774401799793
qec,28,0.48074389375299487
qec,28,0.4826913789233206
qec,28,0.48074389375299487
qec,28,0.5097964286135255
qec,28,0.48074389375299487
qec,28,0.4826913789233206
qec,28,0.48074389375299487
qec,28,0.48314514689821075
qec,28,0.4826913789233206
qec,28,0.48314514689821075
qec,28,0.4826913789233206
qec,28,0.5097964286135255
qec,28,0.48314514689821075
qec,28,0.5097964286135255
qec,28,0.44396774401799793
qec,28,0.44396774401799793
qec,28,0.5097964286135255
qec,28,0.48074389375299487
qec,28,0.5097964286135255
qec,28,0.48314514689821075
qec,28,0.48314514689821075
qec,28,0.4826913789233206
qec,28,0.5097964286135255
qec,28,0.5439900805590273
qec,28,0.44396774401799793
qec,28,0.44396774401799793
qec,28,0.5097964286135255
qec,28,0.4826913789233206
qec,28,0.5097964286135255
qec,28,0.48074389375299487
qec,28,0.44396774401799793
qec,28,0.4826913789233206
qec,28,0.48314514689821075
qec,28,0.44396774401799793
qec,28,0.5097964286135255
qec,28,0.5439900805590273
qec,28,0.44396774401799793
qec,28,0.5097964286135255
qec,28,0.48314514689821075
qec,28,0.48074389375299487
qec,28,0.48074389375299487
qec,28,0.4826913789233206
qec,28,0.4826913789233206
qec,28,0.5439900805590273
qec,28,0.48074389375299487
qec,28,0.44396774401799793
qec,28,0.44396774401799793
qec,28,0.44396774401799793
qec,28,0.5097964286135255
qec,28,0.5097964286135255
qec,28,0.48074389375299487
qec,28,0.44396774401799793
qec,28,0.48314514689821075
qec,28,0.44396774401799793
xeb,30,0.5422814926116251
xeb,30,0.44018506168731075
xeb,30,0.5901280414787339
xeb,30,0.6183377298344462
xeb,30,0.5353791309311091
xeb,30,0.44055477134605864
xeb,30,0.5223382953128228
xeb,30,0.5353791309311091
xeb,30,0.38691158757189503
xeb,30,0.4486457625479481
xeb,30,0.4581792590540809
xeb,30,0.4501067715645869
xeb,30,0.5321106976284529
xeb,30,0.38691158757189503
xeb,30,0.49064713618588596
xeb,30,0.5925225010980302
xeb,30,0.553328272025447
xeb,30,0.4509642699896489
xeb,30,0.5676485497895584
xeb,30,0.5430139270628548
xeb,30,0.6220571998779374
xeb,30,0.6220571998779374
xeb,30,0.41423371179851254
xeb,30,0.5430139270628548
xeb,30,0.5223382953128228
xeb,30,0.427664336539484
xeb,30,0.4143287428980585
xeb,30,0.427664336539484
xeb,30,0.6136564724236327
xeb,30,0.3708001719186008
xeb,30,0.44226634008503396
xeb,30,0.5223382953128228
xeb,30,0.4785144369964405
xeb,30,0.48770506948485925
xeb,30,0.5223382953128228
xeb,30,0.5430139270628548
xeb,30,0.4071566622644609
xeb,30,0.38691158757189503
xeb,30,0.4486457625479481
xeb,30,0.5676485497895584
xeb,30,0.48770506948485925
xeb,30,0.427664336539484
xeb,30,0.41423371179851254
xeb,30,0.5000372743850241
xeb,30,0.4143287428980585
xeb,30,0.4981941100095156
xeb,30,0.49064713618588596
xeb,30,0.48770506948485925
xeb,30,0.5901280414787339
xeb,30,0.5411753210966793
xeb,30,0.4581792590540809
xeb,30,0.6136564724236327
xeb,30,0.41915124388276087
xeb,30,0.44226634008503396
xeb,30,0.5422814926116251
xeb,30,0.38691158757189503
xeb,30,0.48338213475899605
xeb,30,0.427664336539484
xeb,30,0.41915124388276087
xeb,30,0.4581792590540809
xeb,30,0.6220571998779374
xeb,30,0.4486457625479481
xeb,30,0.44616142148849525
xeb,30,0.41915124388276087
xeb,30,0.5443374986824577
xeb,30,0.5223382953128228
xeb,30,0.5443374986824577
xeb,30,0.5321106976284529
xeb,30,0.4576400289350017
xeb,30,0.4981941100095156
xeb,30,0.39418141745968455
xeb,30,0.44055477134605864
xeb,30,0.5223382953128228
xeb,30,0.4796463210755956
xeb,30,0.4576400289350017
xeb,30,0.5087397791023927
xeb,30,0.4430370713992082
xeb,30,0.5000372743850241
xeb,30,0.4576400289350017
xeb,30,0.44226634008503396
xeb,30,0.41915124388276087
xeb,30,0.5321106976284529
xeb,30,0.5191111431908787
xeb,30,0.3940616090237394
xeb,30,0.4430370713992082
xeb,30,0.4981941100095156
xeb,30,0.6136564724236327
xeb,30,0.5000372743850241
xeb,30,0.5430139270628548
xeb,30,0.5087397791023927
xeb,30,0.3708001719186008
xeb,30,0.4449297503011126
xeb,30,0.5443374986824577
xeb,30,0.553328272025447
xeb,30,0.38691158757189503
xeb,30,0.4143287428980585
xeb,30,0.3940616090237394
xeb,30,0.4449297503011126
xeb,30,0.5901280414787339
xeb,30,0.5411753210966793
xeb,30,0.4581792590540809
xeb,30,0.40496673215670453
xeb,30,0.5676485497895584
xeb,30,0.4581792590540809
xeb,30,0.5422814926116251
xeb,30,0.44616142148849525
xeb,30,0.46738122864366144
xeb,30,0.6136564724236327
xeb,30,0.4486457625479481
xeb,30,0.518940577847451
xeb,30,0.5191111431908787
xeb,30,0.45986876097784357
xeb,30,0.427664336539484
xeb,30,0.4486457625479481
xeb,30,0.43926981659268144
xeb,30,0.4576400289350017
xeb,30,0.4576400289350017
xeb,30,0.5000372743850241
xeb,30,0.41423371179851254
xeb,30,0.4071566622644609
xeb,30,0.4071566622644609
xeb,30,0.44616142148849525
xeb,30,0.5901280414787339
xeb,30,0.41915124388276087
xeb,30,0.3708001719186008
xeb,30,0.4071566622644609
xeb,30,0.5191111431908787
xeb,30,0.4430370713992082
xeb,30,0.45986876097784357
xeb,30,0.3708001719186008
xeb,30,0.4245730159543693
xeb,30,0.46738122864366144
xeb,30,0.4486457625479481
xeb,30,0.41915124388276087
xeb,30,0.41423371179851254
xeb,30,0.4071566622644609
xeb,30,0.5411753210966793
xeb,30,0.5223382953128228
xeb,30,0.5430139270628548
xeb,30,0.44226634008503396
xeb,30,0.5925225010980302
xeb,30,0.6183377298344462
xeb,30,0.4988127099424828
xeb,30,0.4796463210755956
xeb,30,0.4905851013865351
xeb,30,0.4981941100095156
xeb,30,0.5191111431908787
xeb,30,0.5000372743850241
xeb,30,0.43926981659268144
xeb,30,0.4143287428980585
xeb,30,0.518940577847451
xeb,30,0.427664336539484
xeb,30,0.43926981659268144
xeb,30,0.6136564724236327
xeb,30,0.4071566622644609
xeb,30,0.4143287428980585
xeb,30,0.553328272025447
xeb,30,0.5191111431908787
xeb,30,0.4581792590540809
xeb,30,0.4796463210755956
xeb,30,0.5443374986824577
xeb,30,0.6220571998779374
xeb,30,0.5353791309311091
xeb,30,0.4988127099424828
xeb,30,0.4430370713992082
xeb,30,0.6183377298344462
xeb,30,0.5087397791023927
xeb,30,0.5321106976284529
xeb,30,0.44616142148849525
xeb,30,0.41915124388276087
xeb,30,0.6220571998779374
xeb,30,0.427664336539484
xeb,30,0.4576400289350017
xeb,30,0.38691158757189503
xeb,30,0.6136564724236327
xeb,30,0.5411753210966793
xeb,30,0.44226634008503396
xeb,30,0.5925225010980302
xeb,30,0.4981941100095156
xeb,30,0.3940616090237394
xeb,30,0.3940616090237394
xeb,30,0.4143287428980585
xeb,30,0.4449297503011126
xeb,30,0.4430370713992082
xeb,30,0.4796463210755956
xeb,30,0.38691158757189503
xeb,30,0.46735107859521174
xeb,30,0.4905851013865351
xeb,30,0.6220571998779374
xeb,30,0.4995025712721493
xeb,30,0.4796463210755956
xeb,30,0.5901280414787339
xeb,30,0.38691158757189503
xeb,30,0.44055477134605864
xeb,30,0.6220571998779374
xeb,30,0.5443374986824577
xeb,30,0.5925225010980302
xeb,30,0.427664336539484
xeb,30,0.5443374986824577
xeb,30,0.4995025712721493
qnn,30,0.3690809645126237
qnn,30,0.5186449310411265
qnn,30,0.5504602213770106
qnn,30,0.41233613921625406
qnn,30,0.5401905730210973
qnn,30,0.3264936739299696
qnn,30,0.4861901049190202
qnn,30,0.5547457343790048
qnn,30,0.5464708045231781
qnn,30,0.35403738428515924
qnn,30,0.5401905730210973
qnn,30,0.5186449310411265
qnn,30,0.35632529508644206
qnn,30,0.3434253498539229
qnn,30,0.460273924048321
qnn,30,0.5464708045231781
qnn,30,0.5316463394876454
qnn,30,0.5792431913372417
qnn,30,0.5401905730210973
qnn,30,0.456718045295456
qnn,30,0.47892314208966047
qnn,30,0.3264936739299696
qnn,30,0.460273924048321
qnn,30,0.47331926754781256
qnn,30,0.4372551382095534
qnn,30,0.4577011956411638
qnn,30,0.3701006688367746
qnn,30,0.5316463394876454
qnn,30,0.47892314208966047
qnn,30,0.45435353881770246
qnn,30,0.3690809645126237
qnn,30,0.5792431913372417
qnn,30,0.5186449310411265
qnn,30,0.4577011956411638
qnn,30,0.3376895973168198
qnn,30,0.3701006688367746
qnn,30,0.5464708045231781
qnn,30,0.5443118790638001
qnn,30,0.47797693924224827
qnn,30,0.4457384232836458
qnn,30,0.4879782526475826
qnn,30,0.45435353881770246
qnn,30,0.38311904695898513
qnn,30,0.4861901049190202
qnn,30,0.3557582688794482
qnn,30,0.428210231533127
qnn,30,0.41233613921625406
qnn,30,0.5547457343790048
qnn,30,0.35403738428515924
qnn,30,0.5792431913372417
qnn,30,0.42379542236266093
qnn,30,0.460273924048321
qnn,30,0.34294138238518135
qnn,30,0.35670304967519395
qnn,30,0.5109839384131171
qnn,30,0.43210825896516
qnn,30,0.4187918443669907
qnn,30,0.4473075888684193
qnn,30,0.5206354864439623
qnn,30,0.3264936739299696
qnn,30,0.4162264893196497
qnn,30,0.3557582688794482
qnn,30,0.3434253498539229
qnn,30,0.4577011956411638
qnn,30,0.4591993226357513
qnn,30,0.3690809645126237
qnn,30,0.5329023631408386
qnn,30,0.4724723703168359
qnn,30,0.43210825896516
qnn,30,0.3307500856598569
qnn,30,0.45733147364653065
qnn,30,0.35403738428515924
qnn,30,0.460273924048321
qnn,30,0.5109839384131171
qnn,30,0.43210825896516
qnn,30,0.3690809645126237
qnn,30,0.5186449310411265
qnn,30,0.480322846046855
qnn,30,0.5186449310411265
qnn,30,0.34294138238518135
qnn,30,0.4473075888684193
qnn,30,0.41233613921625406
qnn,30,0.5443118790638001
qnn,30,0.35403738428515924
qnn,30,0.3264936739299696
qnn,30,0.3690809645126237
qnn,30,0.456718045295456
qnn,30,0.47273423230982853
qnn,30,0.460273924048321
qnn,30,0.45435353881770246
qnn,30,0.428210231533127
qnn,30,0.35632529508644206
qnn,30,0.47273423230982853
qnn,30,0.35670304967519395
qnn,30,0.4724723703168359
qnn,30,0.5504602213770106
qnn,30,0.4879782526475826
qnn,30,0.3701006688367746
qnn,30,0.5504602213770106
qnn,30,0.3980632788931602
qnn,30,0.4321291635510082
qnn,30,0.5464708045231781
qnn,30,0.3307500856598569
qnn,30,0.35403738428515924
qnn,30,0.5186449310411265
qnn,30,0.5316463394876454
qnn,30,0.41233613921625406
qnn,30,0.3376895973168198
qnn,30,0.34294138238518135
qnn,30,0.42379542236266093
qnn,30,0.34294138238518135
qnn,30,0.3690809645126237
qnn,30,0.43823381354820085
qnn,30,0.5547457343790048
qnn,30,0.4879782526475826
qnn,30,0.3701006688367746
qnn,30,0.4879782526475826
qnn,30,0.35670304967519395
qnn,30,0.3376895973168198
qnn,30,0.5329023631408386
qnn,30,0.3434253498539229
qnn,30,0.5316463394876454
qnn,30,0.34294138238518135
qnn,30,0.4372551382095534
qnn,30,0.4473075888684193
qnn,30,0.4162264893196497
qnn,30,0.4162264893196497
qnn,30,0.3980632788931602
qnn,30,0.3264936739299696
qnn,30,0.480322846046855
qnn,30,0.5109839384131171
qnn,30,0.3307500856598569
qnn,30,0.5316463394876454
qnn,30,0.4591993226357513
qnn,30,0.5443118790638001
qnn,30,0.3980632788931602
qnn,30,0.3851882210740552
qnn,30,0.3851882210740552
qnn,30,0.5792431913372417
qnn,30,0.45733147364653065
qnn,30,0.5547457343790048
qnn,30,0.45435353881770246
qnn,30,0.35403738428515924
qnn,30,0.4473075888684193
qnn,30,0.4879782526475826
qnn,30,0.3690809645126237
qnn,30,0.43823381354820085
qnn,30,0.35403738428515924
qnn,30,0.460273924048321
qnn,30,0.3376895973168198
qnn,30,0.5609299419202847
qnn,30,0.3690809645126237
qnn,30,0.4321291635510082
qnn,30,0.428210231533127
qnn,30,0.5329023631408386
qnn,30,0.3434253498539229
qnn,30,0.480322846046855
qnn,30,0.3557582688794482
qnn,30,0.4372551382095534
qnn,30,0.4591993226357513
qnn,30,0.3384490809492821
qnn,30,0.3980632788931602
qnn,30,0.4879782526475826
qnn,30,0.5443118790638001
qnn,30,0.47892314208966047
qnn,30,0.3376895973168198
qnn,30,0.3690809645126237
qnn,30,0.42379542236266093
qnn,30,0.3701006688367746
qnn,30,0.460273924048321
qnn,30,0.41233613921625406
qnn,30,0.456718045295456
qnn,30,0.3557582688794482
qnn,30,0.4724723703168359
qnn,30,0.428210231533127
qnn,30,0.4724723703168359
qnn,30,0.480322846046855
qnn,30,0.5443118790638001
qnn,30,0.4187918443669907
qnn,30,0.4473075888684193
qnn,30,0.45733147364653065
qnn,30,0.35670304967519395
qnn,30,0.3701006688367746
qnn,30,0.5316463394876454
qnn,30,0.4187918443669907
qnn,30,0.5443118790638001
qnn,30,0.4321291635510082
qnn,30,0.4577011956411638
qnn,30,0.3980632788931602
qnn,30,0.5316463394876454
qnn,30,0.4591993226357513
qnn,30,0.45733147364653065
qnn,30,0.45733147364653065
qnn,30,0.35632529508644206
qnn,30,0.4861901049190202
qnn,30,0.43823381354820085
qnn,30,0.4372551382095534
qnn,30,0.5401905730210973
qnn,30,0.47331926754781256
qnn,30,0.3851882210740552
shor,30,0.6755475582780482
shor,30,0.5121927674469129
shor,30,0.4854446685914462
shor,30,0.5121927674469129
shor,30,0.4035015311782484
shor,30,0.48258234238846065
shor,30,0.4526481853519473
shor,30,0.49254288776785166
shor,30,0.49254288776785166
shor,30,0.49392487466491564
shor,30,0.37655662627899006
shor,30,0.5201941390106105
shor,30,0.4966465793529057
shor,30,0.6855483423642758
shor,30,0.4854446685914462
shor,30,0.6724379434243174
shor,30,0.4035015311782484
shor,30,0.7103678733479418
shor,30,0.4993465419069172
shor,30,0.5144791211258112
shor,30,0.46556654809660697
shor,30,0.38672971809228895
shor,30,0.6855483423642758
shor,30,0.48258234238846065
shor,30,0.4904692376662689
shor,30,0.49178838166929173
shor,30,0.6755475582780482
shor,30,0.4993465419069172
shor,30,0.5121927674469129
shor,30,0.6855483423642758
shor,30,0.40096004168464705
shor,30,0.7103678733479418
shor,30,0.5151770319155341
shor,30,0.6855483423642758
shor,30,0.4527870218235852
shor,30,0.6855483423642758
shor,30,0.4966465793529055
shor,30,0.4526481853519473
shor,30,0.6755475582780482
shor,30,0.4993465419069172
shor,30,0.49254288776785166
shor,30,0.40947910757450906
shor,30,0.4966465793529055
shor,30,0.5144791211258112
shor,30,0.7162274838185814
shor,30,0.4035015311782484
shor,30,0.4993465419069172
shor,30,0.5121927674469129
shor,30,0.7103678733479418
shor,30,0.37655662627899006
shor,30,0.4966465793529057
shor,30,0.5163653308658365
shor,30,0.6860531813061423
shor,30,0.4966465793529057
shor,30,0.5058959918485343
shor,30,0.6724379434243174
shor,30,0.6724379434243174
shor,30,0.49278149479571437
shor,30,0.4904692376662689
shor,30,0.4526481853519473
shor,30,0.4993465419069172
shor,30,0.4527870218235852
shor,30,0.40096004168464705
shor,30,0.386562817680069
shor,30,0.5350857321543459
shor,30,0.6860531813061423
shor,30,0.4904692376662689
shor,30,0.4035015311782484
shor,30,0.7103678733479418
shor,30,0.40096004168464705
shor,30,0.386562817680069
shor,30,0.4527870218235852
shor,30,0.49278149479571437
shor,30,0.6958991810882552
shor,30,0.5151770319155341
shor,30,0.5201941390106105
shor,30,0.48258234238846065
shor,30,0.4035015311782484
shor,30,0.4993465419069172
shor,30,0.6860531813061423
shor,30,0.40947910757450906
shor,30,0.4854446685914462
shor,30,0.4212064044998285
shor,30,0.40096004168464705
shor,30,0.4526481853519473
shor,30,0.48258234238846065
shor,30,0.5121927674469129
shor,30,0.40947910757450906
shor,30,0.4035015311782484
shor,30,0.4035015311782484
shor,30,0.4035015311782484
shor,30,0.4035015311782484
shor,30,0.46556654809660697
shor,30,0.4854446685914462
shor,30,0.4904692376662689
shor,30,0.4212064044998285
shor,30,0.46556654809660697
shor,30,0.4966465793529057
shor,30,0.4035015311782484
shor,30,0.48258234238846065
shor,30,0.6855483423642758
shor,30,0.4904692376662689
shor,30,0.386562817680069
shor,30,0.37655662627899006
shor,30,0.49178838166929173
shor,30,0.49278149479571437
shor,30,0.6860531813061423
shor,30,0.5121927674469129
shor,30,0.4212064044998285
shor,30,0.4212064044998285
shor,30,0.6958991810882552
shor,30,0.4513570271404682
shor,30,0.46556654809660697
shor,30,0.48258234238846065
shor,30,0.4993465419069172
shor,30,0.49254288776785166
shor,30,0.49278149479571437
shor,30,0.5144791211258112
shor,30,0.5350857321543459
shor,30,0.5121927674469129
shor,30,0.6467339428676655
shor,30,0.4834939929249477
shor,30,0.4526481853519473
shor,30,0.7103678733479418
shor,30,0.40947910757450906
shor,30,0.6724379434243174
shor,30,0.4834939929249477
shor,30,0.40947910757450906
shor,30,0.5144791211258112
shor,30,0.4526481853519473
shor,30,0.5350857321543459
shor,30,0.5151770319155341
shor,30,0.5201941390106105
shor,30,0.5058959918485343
shor,30,0.4035015311782484
shor,30,0.5144791211258112
shor,30,0.38672971809228895
shor,30,0.49392487466491564
shor,30,0.4904692376662689
shor,30,0.5151770319155341
shor,30,0.5121927674469129
shor,30,0.40096004168464705
shor,30,0.6724379434243174
shor,30,0.386562817680069
shor,30,0.5350857321543459
shor,30,0.5121927674469129
shor,30,0.4526481853519473
shor,30,0.4993465419069172
shor,30,0.6860531813061423
shor,30,0.5163653308658365
shor,30,0.5121927674469129
shor,30,0.38672971809228895
shor,30,0.4966465793529057
shor,30,0.6855483423642758
shor,30,0.4904692376662689
shor,30,0.5350857321543459
shor,30,0.40947910757450906
shor,30,0.6467339428676655
shor,30,0.37655662627899006
shor,30,0.49254288776785166
shor,30,0.6755475582780482
shor,30,0.4035015311782484
shor,30,0.4993465419069172
shor,30,0.5121927674469129
shor,30,0.4966465793529057
shor,30,0.7103678733479418
shor,30,0.4527870218235852
shor,30,0.6855483423642758
shor,30,0.4035015311782484
shor,30,0.46556654809660697
shor,30,0.4035015311782484
shor,30,0.49278149479571437
shor,30,0.46556654809660697
shor,30,0.46556654809660697
shor,30,0.386562817680069
shor,30,0.49278149479571437
shor,30,0.48258234238846065
shor,30,0.38672971809228895
shor,30,0.37655662627899006
shor,30,0.4966465793529057
shor,30,0.4966465793529057
shor,30,0.49178838166929173
shor,30,0.4854446685914462
shor,30,0.4966465793529055
shor,30,0.5151770319155341
shor,30,0.6724379434243174
shor,30,0.6724379434243174
shor,30,0.49178838166929173
shor,30,0.5151770319155341
shor,30,0.7162274838185814
shor,30,0.49392487466491564
shor,30,0.4513570271404682
shor,30,0.4904692376662689
shor,30,0.6860531813061423
shor,30,0.6755475582780482
shor,30,0.38672971809228895
shor,30,0.37655662627899006
shor,30,0.6724379434243174
shor,30,0.49254288776785166
shor,30,0.4834939929249477
qec,30,0.4963769952093767
qec,30,0.4963769952093767
qec,30,0.5110565231526919
qec,30,0.4476261546270703
qec,30,0.5110565231526919
qec,30,0.5110565231526919
qec,30,0.4891507307988663
qec,30,0.4476261546270703
qec,30,0.5110565231526919
qec,30,0.4476261546270703
qec,30,0.5110565231526919
qec,30,0.5893651692711209
qec,30,0.5205637062103271
qec,30,0.5110565231526919
qec,30,0.4891507307988663
qec,30,0.4476261546270703
qec,30,0.5110565231526919
qec,30,0.4891507307988663
qec,30,0.5205637062103271
qec,30,0.5893651692711209
qec,30,0.5205637062103271
qec,30,0.5893651692711209
qec,30,0.5110565231526919
qec,30,0.5205637062103271
qec,30,0.5110565231526919
qec,30,0.5110565231526919
qec,30,0.5110565231526919
qec,30,0.5893651692711209
qec,30,0.5110565231526919
qec,30,0.5893651692711209
qec,30,0.4891507307988663
qec,30,0.4963769952093767
qec,30,0.5893651692711209
qec,30,0.5110565231526919
qec,30,0.5205637062103271
qec,30,0.4891507307988663
qec,30,0.5110565231526919
qec,30,0.4891507307988663
qec,30,0.4476261546270703
qec,30,0.5205637062103271
qec,30,0.5205637062103271
qec,30,0.5110565231526919
qec,30,0.4891507307988663
qec,30,0.5110565231526919
qec,30,0.4476261546270703
qec,30,0.5893651692711209
qec,30,0.5205637062103271
qec,30,0.5205637062103271
qec,30,0.5893651692711209
qec,30,0.4963769952093767
qec,30,0.5110565231526919
qec,30,0.5893651692711209
qec,30,0.4476261546270703
qec,30,0.5205637062103271
qec,30,0.5893651692711209
qec,30,0.5893651692711209
qec,30,0.5205637062103271
qec,30,0.4963769952093767
qec,30,0.5110565231526919
qec,30,0.5205637062103271
qec,30,0.5205637062103271
qec,30,0.4891507307988663
qec,30,0.5110565231526919
qec,30,0.5110565231526919
qec,30,0.5893651692711209
qec,30,0.5205637062103271
qec,30,0.5110565231526919
qec,30,0.4476261546270703
qec,30,0.5110565231526919
qec,30,0.4963769952093767
qec,30,0.5110565231526919
qec,30,0.5110565231526919
qec,30,0.4963769952093767
qec,30,0.5893651692711209
qec,30,0.5205637062103271
qec,30,0.5110565231526919
qec,30,0.4476261546270703
qec,30,0.4891507307988663
qec,30,0.5205637062103271
qec,30,0.4963769952093767
qec,30,0.4891507307988663
qec,30,0.4963769952093767
qec,30,0.5110565231526919
qec,30,0.5110565231526919
qec,30,0.5110565231526919
qec,30,0.5110565231526919
qec,30,0.4891507307988663
qec,30,0.5110565231526919
qec,30,0.4963769952093767
qec,30,0.5110565231526919
qec,30,0.5205637062103271
qec,30,0.4891507307988663
qec,30,0.5110565231526919
qec,30,0.5110565231526919
qec,30,0.4891507307988663
qec,30,0.5110565231526919
qec,30,0.5893651692711209
qec,30,0.5110565231526919
qec,30,0.4476261546270703
qec,30,0.5110565231526919
qec,30,0.5110565231526919
qec,30,0.5110565231526919
qec,30,0.4891507307988663
qec,30,0.5110565231526919
qec,30,0.5110565231526919
qec,30,0.5205637062103271
qec,30,0.5205637062103271
qec,30,0.4476261546270703
qec,30,0.5893651692711209
qec,30,0.4891507307988663
qec,30,0.5110565231526919
qec,30,0.5110565231526919
qec,30,0.4963769952093767
qec,30,0.5205637062103271
qec,30,0.5110565231526919
qec,30,0.4963769952093767
qec,30,0.4476261546270703
qec,30,0.4963769952093767
qec,30,0.4476261546270703
qec,30,0.5205637062103271
qec,30,0.4891507307988663
qec,30,0.4963769952093767
qec,30,0.5893651692711209
qec,30,0.5893651692711209
qec,30,0.5110565231526919
qec,30,0.5205637062103271
qec,30,0.5110565231526919
qec,30,0.5205637062103271
qec,30,0.4891507307988663
qec,30,0.5893651692711209
qec,30,0.5110565231526919
qec,30,0.5893651692711209
qec,30,0.5205637062103271
qec,30,0.5893651692711209
qec,30,0.5205637062103271
qec,30,0.4963769952093767
qec,30,0.5205637062103271
qec,30,0.5110565231526919
qec,30,0.4891507307988663
qec,30,0.5893651692711209
qec,30,0.5110565231526919
qec,30,0.5205637062103271
qec,30,0.4476261546270703
qec,30,0.4476261546270703
qec,30,0.5205637062103271
qec,30,0.5205637062103271
qec,30,0.5110565231526919
qec,30,0.5110565231526919
qec,30,0.5893651692711209
qec,30,0.5893651692711209
qec,30,0.5893651692711209
qec,30,0.4891507307988663
qec,30,0.5110565231526919
qec,30,0.5110565231526919
qec,30,0.5110565231526919
qec,30,0.5110565231526919
qec,30,0.4891507307988663
qec,30,0.4476261546270703
qec,30,0.5110565231526919
qec,30,0.5110565231526919
qec,30,0.5110565231526919
qec,30,0.5893651692711209
qec,30,0.5893651692711209
qec,30,0.5893651692711209
qec,30,0.5205637062103271
qec,30,0.5110565231526919
qec,30,0.5205637062103271
qec,30,0.5110565231526919
qec,30,0.4891507307988663
qec,30,0.4891507307988663
qec,30,0.5893651692711209
qec,30,0.4891507307988663
qec,30,0.5110565231526919
qec,30,0.5893651692711209
qec,30,0.4476261546270703
qec,30,0.5205637062103271
qec,30,0.4891507307988663
qec,30,0.4476261546270703
qec,30,0.4476261546270703
qec,30,0.4963769952093767
qec,30,0.4476261546270703
qec,30,0.5110565231526919
qec,30,0.5110565231526919
qec,30,0.4476261546270703
qec,30,0.5205637062103271
qec,30,0.4963769952093767
qec,30,0.5893651692711209
qec,30,0.5110565231526919
qec,30,0.5205637062103271
qec,30,0.5110565231526919
qec,30,0.5205637062103271
qec,30,0.5893651692711209
qec,30,0.5205637062103271
qec,30,0.4963769952093767
qec,30,0.5110565231526919
qec,30,0.4891507307988663
qec,30,0.5893651692711209
qec,30,0.4891507307988663
qec,30,0.5110565231526919
qec,30,0.5893651692711209
xeb,32,0.5031501164271069
xeb,32,0.5155481235461193
xeb,32,0.5039780860549434
xeb,32,0.5256706005061956
xeb,32,0.5957466461716219
xeb,32,0.5601112446511198
xeb,32,0.4591616121147271
xeb,32,0.5509011858376897
xeb,32,0.6076049893089924
xeb,32,0.4512267068502458
xeb,32,0.42177456547236347
xeb,32,0.530860041942338
xeb,32,0.5137782985373918
xeb,32,0.5039780860549434
xeb,32,0.42177456547236347
xeb,32,0.5115716427454777
xeb,32,0.42177456547236347
xeb,32,0.36735470960462174
xeb,32,0.4120624812032891
xeb,32,0.5601112446511198
xeb,32,0.575125592660894
xeb,32,0.6174348900879961
xeb,32,0.48315596166129476
xeb,32,0.5146191554894528
xeb,32,0.5155481235461193
xeb,32,0.5204317807559626
xeb,32,0.4883667307596284
xeb,32,0.548342777283225
xeb,32,0.5420037807810543
xeb,32,0.6087619728354251
xeb,32,0.49503966009317146
xeb,32,0.4832356611574975
xeb,32,0.48315596166129476
xeb,32,0.4512267068502458
xeb,32,0.4760290599874563
xeb,32,0.5957466461716219
xeb,32,0.3895683341211836
xeb,32,0.4883667307596284
xeb,32,0.3597269368765213
xeb,32,0.4883667307596284
xeb,32,0.4591616121147271
xeb,32,0.46969389744979545
xeb,32,0.5894043360110401
xeb,32,0.5420037807810543
xeb,32,0.3673547096046216
xeb,32,0.3597269368765213
xeb,32,0.42448335374867363
xeb,32,0.4591616121147271
xeb,32,0.5155481235461193
xeb,32,0.48315596166129476
xeb,32,0.47435227381580086
xeb,32,0.5039780860549434
xeb,32,0.4760290599874563
xeb,32,0.6275748676528068
xeb,32,0.5213576235897528
xeb,32,0.46483428664529186
xeb,32,0.44130741688457326
xeb,32,0.5957466461716219
xeb,32,0.3673547096046216
xeb,32,0.4591616121147271
xeb,32,0.42177456547236347
xeb,32,0.5160252405187578
xeb,32,0.4892474085454356
xeb,32,0.5532956382830635
xeb,32,0.5213576235897528
xeb,32,0.5076009973707913
xeb,32,0.5031709873345225
xeb,32,0.5532956382830635
xeb,32,0.575125592660894
xeb,32,0.5039780860549434
xeb,32,0.5115716427454777
xeb,32,0.5076009973707913
xeb,32,0.3895683341211836
xeb,32,0.5155481235461193
xeb,32,0.3673547096046216
xeb,32,0.548342777283225
xeb,32,0.48315596166129476
xeb,32,0.5213576235897528
xeb,32,0.4760290599874563
xeb,32,0.36735470960462174
xeb,32,0.5894043360110401
xeb,32,0.4832356611574975
xeb,32,0.5039780860549434
xeb,32,0.46969389744979545
xeb,32,0.42448335374867363
xeb,32,0.5076009973707913
xeb,32,0.3597269368765213
xeb,32,0.5532956382830635
xeb,32,0.5076009973707913
xeb,32,0.4591616121147271
xeb,32,0.36735470960462174
xeb,32,0.3673547096046216
xeb,32,0.5998462373938127
xeb,32,0.46483428664529186
xeb,32,0.5160252405187578
xeb,32,0.5115716427454777
xeb,32,0.5397767255387431
xeb,32,0.548342777283225
xeb,32,0.575125592660894
xeb,32,0.5509011858376897
xeb,32,0.4883667307596284
xeb,32,0.42177456547236347
xeb,32,0.4760290599874563
xeb,32,0.5039780860549434
xeb,32,0.4883667307596284
xeb,32,0.548342777283225
xeb,32,0.5076009973707913
xeb,32,0.6174348900879961
xeb,32,0.5509011858376897
xeb,32,0.5601112446511198
xeb,32,0.5509011858376897
xeb,32,0.5957466461716219
xeb,32,0.47435227381580086
xeb,32,0.5601112446511198
xeb,32,0.5532956382830635
xeb,32,0.6275748676528068
xeb,32,0.5031709873345225
xeb,32,0.36735470960462174
xeb,32,0.5532956382830635
xeb,32,0.3597269368765213
xeb,32,0.6174348900879961
xeb,32,0.5957466461716219
xeb,32,0.3597269368765213
xeb,32,0.5894043360110401
xeb,32,0.548342777283225
xeb,32,0.49503966009317146
xeb,32,0.5256641922504368
xeb,32,0.46483428664529186
xeb,32,0.5957466461716219
xeb,32,0.3597269368765213
xeb,32,0.5601112446511198
xeb,32,0.5957466461716219
xeb,32,0.5397767255387431
xeb,32,0.6087619728354251
xeb,32,0.5039780860549434
xeb,32,0.3895683341211836
xeb,32,0.42177456547236347
xeb,32,0.5160252405187578
xeb,32,0.6076049893089924
xeb,32,0.5031501164271069
xeb,32,0.47435227381580086
xeb,32,0.5137782985373918
xeb,32,0.5031501164271069
xeb,32,0.4832356611574975
xeb,32,0.5076009973707913
xeb,32,0.4512267068502458
xeb,32,0.5039780860549434
xeb,32,0.5256706005061956
xeb,32,0.46969389744979545
xeb,32,0.5160252405187578
xeb,32,0.36735470960462174
xeb,32,0.530860041942338
xeb,32,0.530860041942338
xeb,32,0.5146191554894528
xeb,32,0.44130741688457326
xeb,32,0.575125592660894
xeb,32,0.5957466461716219
xeb,32,0.5894043360110401
xeb,32,0.6087619728354251
xeb,32,0.4591616121147271
xeb,32,0.5532956382830635
xeb,32,0.5031709873345225
xeb,32,0.5137782985373918
xeb,32,0.5957466461716219
xeb,32,0.47435227381580086
xeb,32,0.5783133150391202
xeb,32,0.5532956382830635
xeb,32,0.3597269368765213
xeb,32,0.4892474085454356
xeb,32,0.46483428664529186
xeb,32,0.5509011858376897
xeb,32,0.575125592660894
xeb,32,0.5031501164271069
xeb,32,0.5420037807810543
xeb,32,0.4832356611574975
xeb,32,0.5076009973707913
xeb,32,0.5509011858376897
xeb,32,0.4512267068502458
xeb,32,0.5601112446511198
xeb,32,0.5420037807810543
xeb,32,0.530860041942338
xeb,32,0.42448335374867363
xeb,32,0.575125592660894
xeb,32,0.4883667307596284
xeb,32,0.3895683341211836
xeb,32,0.42177456547236347
xeb,32,0.5783133150391202
xeb,32,0.36735470960462174
xeb,32,0.5031501164271069
xeb,32,0.5146191554894528
xeb,32,0.3895683341211836
xeb,32,0.5783133150391202
xeb,32,0.5894043360110401
xeb,32,0.5204317807559626
xeb,32,0.4512267068502458
xeb,32,0.6087619728354251
xeb,32,0.4892474085454356
xeb,32,0.3895683341211836
xeb,32,0.5256706005061956
xeb,32,0.46969389744979545
qnn,32,0.5185807686551204
qnn,32,0.5162358319750208
qnn,32,0.5741700736160502
qnn,32,0.38608763129571627
qnn,32,0.5276489718070014
qnn,32,0.5162358319750208
qnn,32,0.5666038378144733
qnn,32,0.5666038378144733
qnn,32,0.5785030211034144
qnn,32,0.38265911947143877
qnn,32,0.5185807686551204
qnn,32,0.4894983269440683
qnn,32,0.4481519523362825
qnn,32,0.4481519523362825
qnn,32,0.4894983269440683
qnn,32,0.3674434336002884
qnn,32,0.5276489718070014
qnn,32,0.38608763129571627
qnn,32,0.5785030211034144
qnn,32,0.5101983802087753
qnn,32,0.5666038378144733
qnn,32,0.4661650596164953
qnn,32,0.44109634414514465
qnn,32,0.5197218258439513
qnn,32,0.3002676068740167
qnn,32,0.5472778249317242
qnn,32,0.4393408239542319
qnn,32,0.38608763129571627
qnn,32,0.48599537066638515
qnn,32,0.3002676068740167
qnn,32,0.44109634414514465
qnn,32,0.48721256112349676
qnn,32,0.47679878773211226
qnn,32,0.5101983802087753
qnn,32,0.3975156246086295
qnn,32,0.41584403222213445
qnn,32,0.5101983802087753
qnn,32,0.5666038378144733
qnn,32,0.47807709127000364
qnn,32,0.5868257419413839
qnn,32,0.44109634414514465
qnn,32,0.4393408239542319
qnn,32,0.5224508931066302
qnn,32,0.4703944742173191
qnn,32,0.4597120444789733
qnn,32,0.41584403222213445
qnn,32,0.5868257419413839
qnn,32,0.4980602501475646
qnn,32,0.5162358319750208
qnn,32,0.5276489718070014
qnn,32,0.5101983802087753
qnn,32,0.4703912045982796
qnn,32,0.5785030211034144
qnn,32,0.406710179929461
qnn,32,0.3674434336002884
qnn,32,0.4661650596164953
qnn,32,0.4164027959555373
qnn,32,0.47807709127000364
qnn,32,0.5868257419413839
qnn,32,0.5675613611375863
qnn,32,0.3002676068740167
qnn,32,0.4393408239542319
qnn,32,0.47807709127000364
qnn,32,0.3473987967970316
qnn,32,0.6158626181357935
qnn,32,0.5162358319750208
qnn,32,0.5785030211034144
qnn,32,0.4164027959555373
qnn,32,0.6158626181357935
qnn,32,0.44109634414514465
qnn,32,0.5276489718070014
qnn,32,0.5743551223513601
qnn,32,0.35384083753769957
qnn,32,0.6175589742217692
qnn,32,0.47679878773211226
qnn,32,0.5101983802087753
qnn,32,0.44109634414514465
qnn,32,0.38265911947143877
qnn,32,0.38608763129571627
qnn,32,0.3975156246086295
qnn,32,0.44109634414514465
qnn,32,0.6175589742217692
qnn,32,0.3674434336002884
qnn,32,0.4481519523362825
qnn,32,0.5666038378144733
qnn,32,0.5276489718070014
qnn,32,0.5162358319750208
qnn,32,0.5101983802087753
qnn,32,0.5197218258439513
qnn,32,0.406710179929461
qnn,32,0.4334220521772414
qnn,32,0.46559314518942174
qnn,32,0.47807709127000364
qnn,32,0.5383310018884737
qnn,32,0.4661650596164953
qnn,32,0.5101983802087753
qnn,32,0.4597120444789733
qnn,32,0.5185807686551204
qnn,32,0.3975156246086295
qnn,32,0.6158626181357935
qnn,32,0.5162358319750208
qnn,32,0.5185807686551204
qnn,32,0.5743551223513601
qnn,32,0.5741700736160502
qnn,32,0.5741700736160502
qnn,32,0.5224508931066302
qnn,32,0.3473987967970316
qnn,32,0.4334220521772414
qnn,32,0.406710179929461
qnn,32,0.5472778249317242
qnn,32,0.5785030211034144
qnn,32,0.38608763129571627
qnn,32,0.5675613611375863
qnn,32,0.5743551223513601
qnn,32,0.5224508931066302
qnn,32,0.48721256112349676
qnn,32,0.46559314518942174
qnn,32,0.5224508931066302
qnn,32,0.3842129851172369
qnn,32,0.46559314518942174
qnn,32,0.5785030211034144
qnn,32,0.38608763129571627
qnn,32,0.4703944742173191
qnn,32,0.47679878773211226
qnn,32,0.3473987967970316
qnn,32,0.48599537066638515
qnn,32,0.5270070697443265
qnn,32,0.5185807686551204
qnn,32,0.42678558510471537
qnn,32,0.46559314518942174
qnn,32,0.6175589742217692
qnn,32,0.6158626181357935
qnn,32,0.4597120444789733
qnn,32,0.38265911947143877
qnn,32,0.4703944742173191
qnn,32,0.48599537066638515
qnn,32,0.4894983269440683
qnn,32,0.4481519523362825
qnn,32,0.5162358319750208
qnn,32,0.4703912045982796
qnn,32,0.3002676068740167
qnn,32,0.4481519523362825
qnn,32,0.5472778249317242
qnn,32,0.5270070697443265
qnn,32,0.5852128679499121
qnn,32,0.4980602501475646
qnn,32,0.5383310018884737
qnn,32,0.5743551223513601
qnn,32,0.3289650885391673
qnn,32,0.4703912045982796
qnn,32,0.5101983802087753
qnn,32,0.47807709127000364
qnn,32,0.4393408239542319
qnn,32,0.3975156246086295
qnn,32,0.4597120444789733
qnn,32,0.5852128679499121
qnn,32,0.5536682636856216
qnn,32,0.44109634414514465
qnn,32,0.5101983802087753
qnn,32,0.4393408239542319
qnn,32,0.41584403222213445
qnn,32,0.38265911947143877
qnn,32,0.3674434336002884
qnn,32,0.4980602501475646
qnn,32,0.4164027959555373
qnn,32,0.4597120444789733
qnn,32,0.5536682636856216
qnn,32,0.42678558510471537
qnn,32,0.47679878773211226
qnn,32,0.48721256112349676
qnn,32,0.5785030211034144
qnn,32,0.3473987967970316
qnn,32,0.5666038378144733
qnn,32,0.6175589742217692
qnn,32,0.4703912045982796
qnn,32,0.5039995355367476
qnn,32,0.5666038378144733
qnn,32,0.4334220521772414
qnn,32,0.5666038378144733
qnn,32,0.5383310018884737
qnn,32,0.406710179929461
qnn,32,0.4703912045982796
qnn,32,0.38608763129571627
qnn,32,0.5101983802087753
qnn,32,0.4963564696197113
qnn,32,0.46559314518942174
qnn,32,0.42678558510471537
qnn,32,0.5852128679499121
qnn,32,0.5276489718070014
qnn,32,0.3674434336002884
qnn,32,0.5101983802087753
qnn,32,0.48599537066638515
qnn,32,0.5868257419413839
qnn,32,0.5039995355367476
qnn,32,0.5383310018884737
qnn,32,0.4661650596164953
qnn,32,0.35384083753769957
qnn,32,0.47807709127000364
qnn,32,0.35384083753769957
qnn,32,0.4703944742173191
shor,32,0.4640098834646115
shor,32,0.4610661411812653
shor,32,0.7084934162098762
shor,32,0.41255488368427595
shor,32,0.5782335523094926
shor,32,0.7214356897688623
shor,32,0.5975523246262202
shor,32,0.44924267311145644
shor,32,0.5252463477860541
shor,32,0.5454278939564774
shor,32,0.5494192368774106
shor,32,0.44924267311145644
shor,32,0.5185252652741437
shor,32,0.5454278939564774
shor,32,0.564422240848327
shor,32,0.44924267311145655
shor,32,0.5810134946225405
shor,32,0.70368080941371
shor,32,0.5494192368774106
shor,32,0.7426008394431437
shor,32,0.5185252652741437
shor,32,0.7084934162098762
shor,32,0.5185252652741437
shor,32,0.5494192368774106
shor,32,0.501299100762696
shor,32,0.4492426731114567
shor,32,0.479827430421238
shor,32,0.5724727817330285
shor,32,0.70368080941371
shor,32,0.3969899890182594
shor,32,0.6809700868637764
shor,32,0.5724727817330285
shor,32,0.5724727817330285
shor,32,0.5810134946225405
shor,32,0.725741855539582
shor,32,0.5494192368774106
shor,32,0.5613453418104517
shor,32,0.44924267311145655
shor,32,0.5724727817330285
shor,32,0.7426008394431437
shor,32,0.3969899890182594
shor,32,0.725741855539582
shor,32,0.7187075943914636
shor,32,0.5537796486826632
shor,32,0.7214356897688623
shor,32,0.5261354408422513
shor,32,0.41255488368427595
shor,32,0.5494192368774106
shor,32,0.5494192368774106
shor,32,0.48810206112946847
shor,32,0.501299100762696
shor,32,0.6809700868637764
shor,32,0.5537796486826632
shor,32,0.5975523246262202
shor,32,0.4492426731114567
shor,32,0.5570496737921187
shor,32,0.7006131962627219
shor,32,0.5663205333264477
shor,32,0.3850064597813802
shor,32,0.5570496737921187
shor,32,0.70368080941371
shor,32,0.479827430421238
shor,32,0.5510910744283462
shor,32,0.5261354408422513
shor,32,0.5494192368774106
shor,32,0.7426008394431437
shor,32,0.3850064597813802
shor,32,0.5236745931718522
shor,32,0.5724727817330285
shor,32,0.479827430421238
shor,32,0.5252463477860541
shor,32,0.5663205333264477
shor,32,0.7006131962627219
shor,32,0.7214356897688623
shor,32,0.3969899890182594
shor,32,0.3969899890182594
shor,32,0.5613453418104517
shor,32,0.7006131962627219
shor,32,0.7187075943914636
shor,32,0.7187075943914636
shor,32,0.5613453418104517
shor,32,0.7084934162098762
shor,32,0.5724727817330285
shor,32,0.5236745931718522
shor,32,0.47163408169860876
shor,32,0.5810134946225405
shor,32,0.4640098834646115
shor,32,0.479827430421238
shor,32,0.7214356897688623
shor,32,0.7214356897688623
shor,32,0.48810206112946847
shor,32,0.501299100762696
shor,32,0.7187075943914636
shor,32,0.7084934162098762
shor,32,0.5261354408422513
shor,32,0.5514156508289835
shor,32,0.47163408169860876
shor,32,0.5514156508289835
shor,32,0.5810134946225405
shor,32,0.5537796486826632
shor,32,0.7187075943914636
shor,32,0.5252463477860541
shor,32,0.5252463477860541
shor,32,0.5185252652741437
shor,32,0.7187075943914636
shor,32,0.5261354408422513
shor,32,0.5185252652741437
shor,32,0.5613453418104517
shor,32,0.7214356897688623
shor,32,0.7084934162098762
shor,32,0.4640098834646115
shor,32,0.5663205333264477
shor,32,0.4492426731114567
shor,32,0.5494192368774106
shor,32,0.5570496737921187
shor,32,0.4610661411812653
shor,32,0.5613453418104517
shor,32,0.7084934162098762
shor,32,0.3969899890182594
shor,32,0.3850064597813802
shor,32,0.5236745931718522
shor,32,0.5975523246262202
shor,32,0.5613453418104517
shor,32,0.479827430421238
shor,32,0.5494192368774106
shor,32,0.7426008394431437
shor,32,0.7006131962627219
shor,32,0.5185252652741437
shor,32,0.4492426731114567
shor,32,0.5252463477860541
shor,32,0.3969899890182594
shor,32,0.7006131962627219
shor,32,0.5236745931718522
shor,32,0.5252463477860541
shor,32,0.4640098834646115
shor,32,0.5185252652741437
shor,32,0.5236745931718522
shor,32,0.7084934162098762
shor,32,0.5663205333264477
shor,32,0.3850064597813802
shor,32,0.7187075943914636
shor,32,0.4640098834646115
shor,32,0.479827430421238
shor,32,0.47163408169860876
shor,32,0.6809700868637764
shor,32,0.3850064597813802
shor,32,0.6809700868637764
shor,32,0.5236745931718522
shor,32,0.4610661411812653
shor,32,0.7214356897688623
shor,32,0.44924267311145644
shor,32,0.47163408169860876
shor,32,0.564422240848327
shor,32,0.5975523246262202
shor,32,0.5810134946225405
shor,32,0.4640098834646115
shor,32,0.3990366045172852
shor,32,0.70368080941371
shor,32,0.5510910744283462
shor,32,0.501299100762696
shor,32,0.5514156508289835
shor,32,0.7214356897688623
shor,32,0.5494192368774106
shor,32,0.41255488368427595
shor,32,0.6809700868637764
shor,32,0.5454278939564774
shor,32,0.725741855539582
shor,32,0.5613453418104517
shor,32,0.7426008394431437
shor,32,0.5261354408422513
shor,32,0.41255488368427595
shor,32,0.5454278939564774
shor,32,0.725741855539582
shor,32,0.5613453418104517
shor,32,0.7214356897688623
shor,32,0.7214356897688623
shor,32,0.5494192368774106
shor,32,0.3969899890182594
shor,32,0.48810206112946847
shor,32,0.4610661411812653
shor,32,0.5494192368774106
shor,32,0.6809700868637764
shor,32,0.3990366045172852
shor,32,0.5663205333264477
shor,32,0.5185252652741437
shor,32,0.5454278939564774
shor,32,0.5454278939564774
shor,32,0.5510910744283462
shor,32,0.5810134946225405
shor,32,0.5510910744283462
shor,32,0.41255488368427595
shor,32,0.5975523246262202
shor,32,0.6809700868637764
shor,32,0.47163408169860876
shor,32,0.725741855539582
shor,32,0.5663205333264477
shor,32,0.564422240848327
shor,32,0.5494192368774106
shor,32,0.7187075943914636
shor,32,0.48810206112946847
qec,32,0.6122769544846819
qec,32,0.5139535401635379
qec,32,0.5139535401635379
qec,32,0.5139535401635379
qec,32,0.56864567190834
qec,32,0.6122769544846819
qec,32,0.4951275724598116
qec,32,0.4951275724598116
qec,32,0.5139535401635379
qec,32,0.4951275724598116
qec,32,0.5139535401635379
qec,32,0.5139535401635379
qec,32,0.5467044037726719
qec,32,0.5139535401635379
qec,32,0.5139535401635379
qec,32,0.4951275724598116
qec,32,0.5139535401635379
qec,32,0.6122769544846819
qec,32,0.6122769544846819
qec,32,0.6122769544846819
qec,32,0.56864567190834
qec,32,0.5117766561872165
qec,32,0.5139535401635379
qec,32,0.6122769544846819
qec,32,0.5139535401635379
qec,32,0.56864567190834
qec,32,0.5139535401635379
qec,32,0.6122769544846819
qec,32,0.56864567190834
qec,32,0.5117766561872165
qec,32,0.5139535401635379
qec,32,0.5139535401635379
qec,32,0.5117766561872165
qec,32,0.56864567190834
qec,32,0.5139535401635379
qec,32,0.4951275724598116
qec,32,0.56864567190834
qec,32,0.5139535401635379
qec,32,0.5467044037726719
qec,32,0.5139535401635379
qec,32,0.5139535401635379
qec,32,0.5139535401635379
qec,32,0.5467044037726719
qec,32,0.5467044037726719
qec,32,0.6122769544846819
qec,32,0.6122769544846819
qec,32,0.5467044037726719
qec,32,0.5139535401635379
qec,32,0.5139535401635379
qec,32,0.5139535401635379
qec,32,0.5467044037726719
qec,32,0.56864567190834
qec,32,0.5139535401635379
qec,32,0.56864567190834
qec,32,0.5467044037726719
qec,32,0.5139535401635379
qec,32,0.5139535401635379
qec,32,0.4951275724598116
qec,32,0.5117766561872165
qec,32,0.5139535401635379
qec,32,0.5139535401635379
qec,32,0.6122769544846819
qec,32,0.56864567190834
qec,32,0.5467044037726719
qec,32,0.4951275724598116
qec,32,0.5467044037726719
qec,32,0.5139535401635379
qec,32,0.56864567190834
qec,32,0.5467044037726719
qec,32,0.5467044037726719
qec,32,0.5117766561872165
qec,32,0.5139535401635379
qec,32,0.6122769544846819
qec,32,0.5467044037726719
qec,32,0.5139535401635379
qec,32,0.5117766561872165
qec,32,0.6122769544846819
qec,32,0.6122769544846819
qec,32,0.5117766561872165
qec,32,0.6122769544846819
qec,32,0.5117766561872165
qec,32,0.5139535401635379
qec,32,0.5139535401635379
qec,32,0.4951275724598116
qec,32,0.4951275724598116
qec,32,0.6122769544846819
qec,32,0.6122769544846819
qec,32,0.5139535401635379
qec,32,0.5139535401635379
qec,32,0.5467044037726719
qec,32,0.4951275724598116
qec,32,0.5139535401635379
qec,32,0.56864567190834
qec,32,0.4951275724598116
qec,32,0.5117766561872165
qec,32,0.5117766561872165
qec,32,0.5139535401635379
qec,32,0.5467044037726719
qec,32,0.5139535401635379
qec,32,0.56864567190834
qec,32,0.5139535401635379
qec,32,0.5139535401635379
qec,32,0.5139535401635379
qec,32,0.4951275724598116
qec,32,0.4951275724598116
qec,32,0.5117766561872165
qec,32,0.56864567190834
qec,32,0.4951275724598116
qec,32,0.5117766561872165
qec,32,0.5139535401635379
qec,32,0.5139535401635379
qec,32,0.5139535401635379
qec,32,0.5139535401635379
qec,32,0.5117766561872165
qec,32,0.5467044037726719
qec,32,0.56864567190834
qec,32,0.5139535401635379
qec,32,0.56864567190834
qec,32,0.6122769544846819
qec,32,0.6122769544846819
qec,32,0.6122769544846819
qec,32,0.6122769544846819
qec,32,0.6122769544846819
qec,32,0.4951275724598116
qec,32,0.5117766561872165
qec,32,0.5467044037726719
qec,32,0.5139535401635379
qec,32,0.5139535401635379
qec,32,0.4951275724598116
qec,32,0.4951275724598116
qec,32,0.56864567190834
qec,32,0.5117766561872165
qec,32,0.4951275724598116
qec,32,0.5139535401635379
qec,32,0.5139535401635379
qec,32,0.6122769544846819
qec,32,0.4951275724598116
qec,32,0.5117766561872165
qec,32,0.5139535401635379
qec,32,0.5139535401635379
qec,32,0.5467044037726719
qec,32,0.5139535401635379
qec,32,0.5467044037726719
qec,32,0.5117766561872165
qec,32,0.6122769544846819
qec,32,0.5139535401635379
qec,32,0.56864567190834
qec,32,0.4951275724598116
qec,32,0.6122769544846819
qec,32,0.5139535401635379
qec,32,0.4951275724598116
qec,32,0.56864567190834
qec,32,0.56864567190834
qec,32,0.6122769544846819
qec,32,0.5139535401635379
qec,32,0.4951275724598116
qec,32,0.5117766561872165
qec,32,0.4951275724598116
qec,32,0.5139535401635379
qec,32,0.5117766561872165
qec,32,0.6122769544846819
qec,32,0.5139535401635379
qec,32,0.5139535401635379
qec,32,0.5139535401635379
qec,32,0.56864567190834
qec,32,0.5139535401635379
qec,32,0.5467044037726719
qec,32,0.5467044037726719
qec,32,0.5139535401635379
qec,32,0.5139535401635379
qec,32,0.5467044037726719
qec,32,0.5139535401635379
qec,32,0.6122769544846819
qec,32,0.6122769544846819
qec,32,0.5139535401635379
qec,32,0.5139535401635379
qec,32,0.5467044037726719
qec,32,0.6122769544846819
qec,32,0.5117766561872165
qec,32,0.5467044037726719
qec,32,0.4951275724598116
qec,32,0.4951275724598116
qec,32,0.6122769544846819
qec,32,0.6122769544846819
qec,32,0.56864567190834
qec,32,0.5139535401635379
qec,32,0.5117766561872165
qec,32,0.5117766561872165
qec,32,0.4951275724598116
qec,32,0.5117766561872165
qec,32,0.5139535401635379
qec,32,0.5117766561872165
qec,32,0.5139535401635379
qec,32,0.4951275724598116
qec,32,0.5139535401635379
qec,32,0.4951275724598116
qec,32,0.5117766561872165
qec,32,0.5117766561872165
qec,32,0.4951275724598116
qec,32,0.5139535401635379
xeb,34,0.3916085285830911
xeb,34,0.5878710480730948
xeb,34,0.5636976188819687
xeb,34,0.41753905060802904
xeb,34,0.45410907745942664
xeb,34,0.6010414730483239
xeb,34,0.6005349631421458
xeb,34,0.6260089192904782
xeb,34,0.537968592193055
xeb,34,0.4847475503625637
xeb,34,0.4955008789116128
xeb,34,0.6085810681089097
xeb,34,0.6005349631421458
xeb,34,0.4850232470042986
xeb,34,0.5936132308426982
xeb,34,0.5914114642431348
xeb,34,0.5914114642431348
xeb,34,0.6510741444928129
xeb,34,0.45383125877188846
xeb,34,0.49583385789861056
xeb,34,0.4956601963186899
xeb,34,0.49583385789861056
xeb,34,0.45410907745942664
xeb,34,0.6143041864058988
xeb,34,0.5975911654054646
xeb,34,0.6153725258586105
xeb,34,0.6085810681089097
xeb,34,0.5120284504036914
xeb,34,0.563622098627631
xeb,34,0.6260089192904782
xeb,34,0.41753905060802904
xeb,34,0.5975911654054646
xeb,34,0.6510741444928129
xeb,34,0.5975911654054646
xeb,34,0.6260089192904782
xeb,34,0.6153725258586105
xeb,34,0.4894363606637981
xeb,34,0.5422843158545626
xeb,34,0.47239174425689096
xeb,34,0.49583385789861056
xeb,34,0.625171172878053
xeb,34,0.5456073123818691
xeb,34,0.6510741444928129
xeb,34,0.6153725258586105
xeb,34,0.5429799353130944
xeb,34,0.5626191071468876
xeb,34,0.6010414730483239
xeb,34,0.5636976188819687
xeb,34,0.625171172878053
xeb,34,0.46313809013558593
xeb,34,0.46313809013558593
xeb,34,0.41753905060802904
xeb,34,0.524484732626792
xeb,34,0.5456073123818691
xeb,34,0.45383125877188846
xeb,34,0.5914114642431348
xeb,34,0.45410907745942664
xeb,34,0.4847475503625637
xeb,34,0.49583385789861056
xeb,34,0.4912458874141383
xeb,34,0.5422843158545626
xeb,34,0.524484732626792
xeb,34,0.5407950460989884
xeb,34,0.45410907745942664
xeb,34,0.5702232305684531
xeb,34,0.5878710480730948
xeb,34,0.6085810681089097
xeb,34,0.5936132308426982
xeb,34,0.5878710480730948
xeb,34,0.5488202804787401
xeb,34,0.49583385789861056
xeb,34,0.6005349631421458
xeb,34,0.5429799353130944
xeb,34,0.3916085285830911
xeb,34,0.537968592193055
xeb,34,0.5800571998921845
xeb,34,0.4850232470042986
xeb,34,0.5936132308426982
xeb,34,0.5626191071468876
xeb,34,0.5391099101654696
xeb,34,0.6085810681089097
xeb,34,0.45410907745942664
xeb,34,0.4882805511626573
xeb,34,0.6005349631421458
xeb,34,0.4847475503625637
xeb,34,0.4592103780289148
xeb,34,0.4955008789116128
xeb,34,0.49583385789861056
xeb,34,0.6153725258586105
xeb,34,0.5636976188819687
xeb,34,0.4894363606637981
xeb,34,0.4882805511626573
xeb,34,0.5407950460989884
xeb,34,0.4955008789116128
xeb,34,0.6010414730483239
xeb,34,0.528831486088521
xeb,34,0.5636976188819687
xeb,34,0.5120284504036914
xeb,34,0.5488202804787401
xeb,34,0.5179665871505889
xeb,34,0.5429799353130944
xeb,34,0.563622098627631
xeb,34,0.45410907745942664
xeb,34,0.36890940800371824
xeb,34,0.5878710480730948
xeb,34,0.6202262981939031
xeb,34,0.5914114642431348
xeb,34,0.6005349631421458
xeb,34,0.537968592193055
xeb,34,0.6260089192904782
xeb,34,0.5626191071468876
xeb,34,0.5034527878024787
xeb,34,0.5800571998921845
xeb,34,0.5456073123818691
xeb,34,0.4955008789116128
xeb,34,0.6260089192904782
xeb,34,0.5034527878024787
xeb,34,0.5878710480730948
xeb,34,0.4955008789116128
xeb,34,0.5636976188819687
xeb,34,0.5626191071468876
xeb,34,0.6010414730483239
xeb,34,0.47239174425689096
xeb,34,0.4894363606637981
xeb,34,0.4850232470042986
xeb,34,0.45383125877188846
xeb,34,0.5422843158545626
xeb,34,0.6143041864058988
xeb,34,0.6202262981939031
xeb,34,0.4912458874141383
xeb,34,0.5800571998921845
xeb,34,0.5913991750224136
xeb,34,0.563622098627631
xeb,34,0.537968592193055
xeb,34,0.528831486088521
xeb,34,0.5913991750224136
xeb,34,0.5936132308426982
xeb,34,0.4956601963186899
xeb,34,0.4912458874141383
xeb,34,0.4847475503625637
xeb,34,0.5407950460989884
xeb,34,0.4847475503625637
xeb,34,0.5429799353130944
xeb,34,0.5456073123818691
xeb,34,0.4956601963186899
xeb,34,0.47239174425689096
xeb,34,0.6153725258586105
xeb,34,0.5422843158545626
xeb,34,0.5913991750224136
xeb,34,0.6202262981939031
xeb,34,0.6005349631421458
xeb,34,0.528831486088521
xeb,34,0.6510741444928129
xeb,34,0.5702232305684531
xeb,34,0.4850232470042986
xeb,34,0.6143041864058988
xeb,34,0.5936132308426982
xeb,34,0.5179665871505889
xeb,34,0.5626191071468876
xeb,34,0.5120284504036914
xeb,34,0.4592103780289148
xeb,34,0.625171172878053
xeb,34,0.5391099101654696
xeb,34,0.5034527878024787
xeb,34,0.5120284504036914
xeb,34,0.625171172878053
xeb,34,0.6510741444928129
xeb,34,0.4847475503625637
xeb,34,0.49583385789861056
xeb,34,0.6005349631421458
xeb,34,0.3916085285830911
xeb,34,0.47239174425689096
xeb,34,0.4912458874141383
xeb,34,0.3916085285830911
xeb,34,0.5456073123818691
xeb,34,0.537968592193055
xeb,34,0.528831486088521
xeb,34,0.5179665871505889
xeb,34,0.5488202804787401
xeb,34,0.4882805511626573
xeb,34,0.4847475503625637
xeb,34,0.6153725258586105
xeb,34,0.36890940800371824
xeb,34,0.4847475503625637
xeb,34,0.528831486088521
xeb,34,0.5422843158545626
xeb,34,0.5120284504036914
xeb,34,0.6005349631421458
xeb,34,0.45383125877188846
xeb,34,0.5702232305684531
xeb,34,0.5488202804787401
xeb,34,0.625171172878053
xeb,34,0.5636976188819687
xeb,34,0.3916085285830911
xeb,34,0.524484732626792
xeb,34,0.47239174425689096
xeb,34,0.4956601963186899
xeb,34,0.5914114642431348
xeb,34,0.45383125877188846
xeb,34,0.5429799353130944
qnn,34,0.5635657949555029
qnn,34,0.49679831570686794
qnn,34,0.5304214421589739
qnn,34,0.46177968871903696
qnn,34,0.5433001445601259
qnn,34,0.3838510289361855
qnn,34,0.4924379212833417
qnn,34,0.444221476576982
qnn,34,0.595468621001841
qnn,34,0.5589291893141736
qnn,34,0.5363262667820432
qnn,34,0.4567628845943918
qnn,34,0.41176502972381
qnn,34,0.5635657949555029
qnn,34,0.5918624623739758
qnn,34,0.5829784792973092
qnn,34,0.5360893832675919
qnn,34,0.5195075961338048
qnn,34,0.5363262667820432
qnn,34,0.5995798685258215
qnn,34,0.5360893832675919
qnn,34,0.5168636590348216
qnn,34,0.3786378769130713
qnn,34,0.5560570296639391
qnn,34,0.5304214421589739
qnn,34,0.5360893832675919
qnn,34,0.5995524161165259
qnn,34,0.5195075961338048
qnn,34,0.5361851128513305
qnn,34,0.4599414616612051
qnn,34,0.6013091129501056
qnn,34,0.38211963690458006
qnn,34,0.5995798685258215
qnn,34,0.4567628845943918
qnn,34,0.5602583016992166
qnn,34,0.595468621001841
qnn,34,0.5360893832675919
qnn,34,0.5589291893141736
qnn,34,0.5560570296639391
qnn,34,0.5241103516622906
qnn,34,0.5360893832675919
qnn,34,0.4718074652103746
qnn,34,0.5363262667820432
qnn,34,0.43996402802041507
qnn,34,0.5394470648410866
qnn,34,0.48990378164887527
qnn,34,0.4567628845943918
qnn,34,0.5829784792973092
qnn,34,0.5560570296639391
qnn,34,0.45252520981939376
qnn,34,0.43638113660996575
qnn,34,0.477712023213853
qnn,34,0.5168636590348216
qnn,34,0.5602583016992166
qnn,34,0.5361851128513305
qnn,34,0.5304214421589739
qnn,34,0.45252520981939376
qnn,34,0.5514060748019133
qnn,34,0.47647124983101885
qnn,34,0.47647124983101885
qnn,34,0.640108028334272
qnn,34,0.49679831570686794
qnn,34,0.4560942020940496
qnn,34,0.5363262667820432
qnn,34,0.5361851128513305
qnn,34,0.5635657949555029
qnn,34,0.5363262667820432
qnn,34,0.41176502972381
qnn,34,0.47647124983101885
qnn,34,0.41176502972381
qnn,34,0.5829784792973092
qnn,34,0.45252520981939376
qnn,34,0.595468621001841
qnn,34,0.4567628845943918
qnn,34,0.4924379212833417
qnn,34,0.5560570296639391
qnn,34,0.6013091129501056
qnn,34,0.5363262667820432
qnn,34,0.43638113660996575
qnn,34,0.477712023213853
qnn,34,0.548193361895481
qnn,34,0.5635657949555029
qnn,34,0.48990378164887527
qnn,34,0.477712023213853
qnn,34,0.5141270525101244
qnn,34,0.5146308615844354
qnn,34,0.5363262667820432
qnn,34,0.595468621001841
qnn,34,0.5146308615844354
qnn,34,0.5361851128513305
qnn,34,0.5168636590348216
qnn,34,0.4924379212833417
qnn,34,0.5560570296639391
qnn,34,0.4560942020940496
qnn,34,0.5360893832675919
qnn,34,0.595468621001841
qnn,34,0.4924379212833417
qnn,34,0.5390787417766578
qnn,34,0.3786378769130713
qnn,34,0.5738079703530585
qnn,34,0.4567628845943918
qnn,34,0.5589291893141736
qnn,34,0.6092221816667324
qnn,34,0.42137403743853774
qnn,34,0.4924379212833417
qnn,34,0.5360893832675919
qnn,34,0.548193361895481
qnn,34,0.5360893832675919
qnn,34,0.5602583016992166
qnn,34,0.45252520981939376
qnn,34,0.5282899635791967
qnn,34,0.48990378164887527
qnn,34,0.5361851128513305
qnn,34,0.5282899635791967
qnn,34,0.5514060748019133
qnn,34,0.5146308615844354
qnn,34,0.5398176966765252
qnn,34,0.5560570296639391
qnn,34,0.47647124983101885
qnn,34,0.5390787417766578
qnn,34,0.5146308615844354
qnn,34,0.42137403743853774
qnn,34,0.5146308615844354
qnn,34,0.5390787417766578
qnn,34,0.5390787417766578
qnn,34,0.5360893832675919
qnn,34,0.6092221816667324
qnn,34,0.43996402802041507
qnn,34,0.3786378769130713
qnn,34,0.5390787417766578
qnn,34,0.5363262667820432
qnn,34,0.5767614007112527
qnn,34,0.4867570682071312
qnn,34,0.4560942020940496
qnn,34,0.5282899635791967
qnn,34,0.5589291893141736
qnn,34,0.5995798685258215
qnn,34,0.49679831570686794
qnn,34,0.49679831570686794
qnn,34,0.4599414616612051
qnn,34,0.5394470648410866
qnn,34,0.5560570296639391
qnn,34,0.4718074652103746
qnn,34,0.5146308615844354
qnn,34,0.5360893832675919
qnn,34,0.5560570296639391
qnn,34,0.5398176966765252
qnn,34,0.5304214421589739
qnn,34,0.5394470648410866
qnn,34,0.5635657949555029
qnn,34,0.5767614007112527
qnn,34,0.46177968871903696
qnn,34,0.548193361895481
qnn,34,0.5282899635791967
qnn,34,0.3838510289361855
qnn,34,0.6013091129501056
qnn,34,0.43638113660996575
qnn,34,0.6260111720619003
qnn,34,0.5560570296639391
qnn,34,0.444221476576982
qnn,34,0.5995524161165259
qnn,34,0.640108028334272
qnn,34,0.5195075961338048
qnn,34,0.5578055622986141
qnn,34,0.548193361895481
qnn,34,0.46177968871903696
qnn,34,0.5514060748019133
qnn,34,0.6013091129501056
qnn,34,0.4560942020940496
qnn,34,0.548193361895481
qnn,34,0.640108028334272
qnn,34,0.5767614007112527
qnn,34,0.5241103516622906
qnn,34,0.4567628845943918
qnn,34,0.5361851128513305
qnn,34,0.38211963690458006
qnn,34,0.4567628845943918
qnn,34,0.38211963690458006
qnn,34,0.3838510289361855
qnn,34,0.4567628845943918
qnn,34,0.477712023213853
qnn,34,0.4599414616612051
qnn,34,0.5635657949555029
qnn,34,0.5394470648410866
qnn,34,0.5918624623739758
qnn,34,0.5146308615844354
qnn,34,0.5282899635791967
qnn,34,0.6013091129501056
qnn,34,0.43638113660996575
qnn,34,0.5635657949555029
qnn,34,0.4567628845943918
qnn,34,0.43638113660996575
qnn,34,0.5635657949555029
qnn,34,0.4924379212833417
qnn,34,0.48990378164887527
qnn,34,0.548193361895481
qnn,34,0.43638113660996575
qnn,34,0.4924379212833417
qnn,34,0.38211963690458006
qnn,34,0.5282899635791967
shor,34,0.754382918299718
shor,34,0.5664572279974317
shor,34,0.7147795962395128
shor,34,0.573604963702861
shor,34,0.5196316362454865
shor,34,0.5363788503131356
shor,34,0.5704539101517813
shor,34,0.5196316362454865
shor,34,0.6031581936834051
shor,34,0.5583344177399099
shor,34,0.4834101877835554
shor,34,0.6031581936834051
shor,34,0.554004070909721
shor,34,0.5395574877421774
shor,34,0.49249110106974586
shor,34,0.488130609587312
shor,34,0.5581470937631806
shor,34,0.6912890918035478
shor,34,0.5704539101517813
shor,34,0.5581470937631806
shor,34,0.5664572279974317
shor,34,0.49249110106974586
shor,34,0.754382918299718
shor,34,0.7298524672972282
shor,34,0.6912890918035478
shor,34,0.5395574877421774
shor,34,0.5363788503131356
shor,34,0.49249110106974586
shor,34,0.5363788503131356
shor,34,0.5583344177399099
shor,34,0.7144848179688937
shor,34,0.4284487409044131
shor,34,0.7350422936255605
shor,34,0.4284487409044131
shor,34,0.5830395852279926
shor,34,0.7144848179688937
shor,34,0.5409327473768852
shor,34,0.5929480433325193
shor,34,0.4906999421036809
shor,34,0.7298524672972282
shor,34,0.3973664350347811
shor,34,0.5409327473768852
shor,34,0.3973664350347811
shor,34,0.5409327473768852
shor,34,0.7298524672972282
shor,34,0.754382918299718
shor,34,0.5795918125461449
shor,34,0.5581470937631806
shor,34,0.41030336909084436
shor,34,0.5196316362454865
shor,34,0.5196316362454865
shor,34,0.3973664350347811
shor,34,0.532378747379046
shor,34,0.7144848179688937
shor,34,0.5980705702101222
shor,34,0.5196316362454865
shor,34,0.488130609587312
shor,34,0.488130609587312
shor,34,0.5830395852279926
shor,34,0.4906999421036809
shor,34,0.488130609587312
shor,34,0.49438191424978184
shor,34,0.532378747379046
shor,34,0.7364470172545287
shor,34,0.5716437253450454
shor,34,0.5716437253450454
shor,34,0.6031581936834051
shor,34,0.7364470172545287
shor,34,0.5409327473768852
shor,34,0.5704539101517813
shor,34,0.5682723096463621
shor,34,0.5929480433325193
shor,34,0.532378747379046
shor,34,0.5716437253450454
shor,34,0.3973664350347811
shor,34,0.5716437253450454
shor,34,0.5830395852279926
shor,34,0.7298524672972282
shor,34,0.488130609587312
shor,34,0.5830395852279926
shor,34,0.5363788503131356
shor,34,0.49249110106974586
shor,34,0.6031581936834051
shor,34,0.41507911223349336
shor,34,0.49438191424978184
shor,34,0.573604963702861
shor,34,0.7364470172545287
shor,34,0.5704539101517813
shor,34,0.5716437253450454
shor,34,0.7298524672972282
shor,34,0.5581470937631806
shor,34,0.573604963702861
shor,34,0.7364470172545287
shor,34,0.5395574877421774
shor,34,0.49438191424978184
shor,34,0.573604963702861
shor,34,0.754382918299718
shor,34,0.5830395852279926
shor,34,0.6912890918035478
shor,34,0.3973664350347811
shor,34,0.5682723096463621
shor,34,0.7147795962395128
shor,34,0.5583344177399095
shor,34,0.4284487409044131
shor,34,0.5980705702101222
shor,34,0.3973664350347811
shor,34,0.5664572279974317
shor,34,0.41507911223349336
shor,34,0.5795918125461449
shor,34,0.5581470937631806
shor,34,0.754382918299718
shor,34,0.5929480433325193
shor,34,0.5583344177399095
shor,34,0.7298524672972282
shor,34,0.5409327473768852
shor,34,0.7144848179688937
shor,34,0.4906999421036809
shor,34,0.532378747379046
shor,34,0.7298524672972282
shor,34,0.5830395852279926
shor,34,0.6031581936834051
shor,34,0.5279239282163888
shor,34,0.5716437253450454
shor,34,0.3973664350347811
shor,34,0.5980705702101222
shor,34,0.532378747379046
shor,34,0.5929480433325193
shor,34,0.5716437253450454
shor,34,0.49249110106974586
shor,34,0.5279239282163888
shor,34,0.6912890918035478
shor,34,0.5395574877421774
shor,34,0.488130609587312
shor,34,0.5583344177399099
shor,34,0.49249110106974586
shor,34,0.5664572279974317
shor,34,0.7364470172545287
shor,34,0.41030336909084436
shor,34,0.41030336909084436
shor,34,0.488130609587312
shor,34,0.5795918125461449
shor,34,0.5830395852279926
shor,34,0.7364470172545287
shor,34,0.5830395852279926
shor,34,0.4906999421036809
shor,34,0.3973664350347811
shor,34,0.5363788503131356
shor,34,0.6912890918035478
shor,34,0.5363788503131356
shor,34,0.6912890918035478
shor,34,0.4284487409044131
shor,34,0.49249110106974586
shor,34,0.5704539101517813
shor,34,0.5682723096463621
shor,34,0.5363788503131356
shor,34,0.7298524672972282
shor,34,0.41507911223349336
shor,34,0.49249110106974586
shor,34,0.7147795962395128
shor,34,0.7298524672972282
shor,34,0.488130609587312
shor,34,0.5363788503131356
shor,34,0.7364470172545287
shor,34,0.532378747379046
shor,34,0.4834101877835554
shor,34,0.5664572279974317
shor,34,0.41507911223349336
shor,34,0.7144848179688937
shor,34,0.7298524672972282
shor,34,0.4284487409044131
shor,34,0.5929480433325193
shor,34,0.7144848179688937
shor,34,0.3973664350347811
shor,34,0.3973664350347811
shor,34,0.5279239282163888
shor,34,0.3973664350347811
shor,34,0.554004070909721
shor,34,0.6912890918035478
shor,34,0.488130609587312
shor,34,0.5664572279974317
shor,34,0.7298524672972282
shor,34,0.6912890918035478
shor,34,0.5795918125461449
shor,34,0.5795918125461449
shor,34,0.5716437253450454
shor,34,0.488130609587312
shor,34,0.49249110106974586
shor,34,0.554004070909721
shor,34,0.488130609587312
shor,34,0.5682723096463621
shor,34,0.5363788503131356
shor,34,0.5682723096463621
shor,34,0.573604963702861
shor,34,0.6912890918035478
shor,34,0.5929480433325193
shor,34,0.5704539101517813
shor,34,0.6031581936834051
shor,34,0.7298524672972282
shor,34,0.7144848179688937
shor,34,0.5980705702101222
qec,34,0.592484833328485
qec,34,0.5500591712535672
qec,34,0.6308060209441431
qec,34,0.592484833328485
qec,34,0.5142939199813026
qec,34,0.5183827811337679
qec,34,0.592484833328485
qec,34,0.592484833328485
qec,34,0.5183827811337679
qec,34,0.5570781517168794
qec,34,0.5183827811337679
qec,34,0.592484833328485
qec,34,0.5500591712535672
qec,34,0.592484833328485
qec,34,0.5142939199813026
qec,34,0.5142939199813026
qec,34,0.5500591712535672
qec,34,0.5142939199813026
qec,34,0.5570781517168794
qec,34,0.5183827811337679
qec,34,0.5500591712535672
qec,34,0.592484833328485
qec,34,0.592484833328485
qec,34,0.5570781517168794
qec,34,0.5183827811337679
qec,34,0.6308060209441431
qec,34,0.5142939199813026
qec,34,0.5570781517168794
qec,34,0.5183827811337679
qec,34,0.6308060209441431
qec,34,0.5142939199813026
qec,34,0.5570781517168794
qec,34,0.5183827811337679
qec,34,0.5183827811337679
qec,34,0.5183827811337679
qec,34,0.5500591712535672
qec,34,0.592484833328485
qec,34,0.6308060209441431
qec,34,0.5500591712535672
qec,34,0.5142939199813026
qec,34,0.5183827811337679
qec,34,0.5142939199813026
qec,34,0.5183827811337679
qec,34,0.5183827811337679
qec,34,0.5570781517168794
qec,34,0.5142939199813026
qec,34,0.5183827811337679
qec,34,0.5570781517168794
qec,34,0.5183827811337679
qec,34,0.592484833328485
qec,34,0.5500591712535672
qec,34,0.5142939199813026
qec,34,0.5570781517168794
qec,34,0.5570781517168794
qec,34,0.5183827811337679
qec,34,0.5183827811337679
qec,34,0.5183827811337679
qec,34,0.5142939199813026
qec,34,0.5500591712535672
qec,34,0.5183827811337679
qec,34,0.6308060209441431
qec,34,0.5183827811337679
qec,34,0.6308060209441431
qec,34,0.5183827811337679
qec,34,0.5570781517168794
qec,34,0.592484833328485
qec,34,0.5142939199813026
qec,34,0.5570781517168794
qec,34,0.5500591712535672
qec,34,0.5570781517168794
qec,34,0.5570781517168794
qec,34,0.5570781517168794
qec,34,0.5183827811337679
qec,34,0.5142939199813026
qec,34,0.592484833328485
qec,34,0.5183827811337679
qec,34,0.5142939199813026
qec,34,0.6308060209441431
qec,34,0.5500591712535672
qec,34,0.592484833328485
qec,34,0.5500591712535672
qec,34,0.5183827811337679
qec,34,0.5183827811337679
qec,34,0.5183827811337679
qec,34,0.6308060209441431
qec,34,0.6308060209441431
qec,34,0.5142939199813026
qec,34,0.5142939199813026
qec,34,0.5183827811337679
qec,34,0.5570781517168794
qec,34,0.5142939199813026
qec,34,0.6308060209441431
qec,34,0.5142939199813026
qec,34,0.5183827811337679
qec,34,0.5183827811337679
qec,34,0.5142939199813026
qec,34,0.5570781517168794
qec,34,0.6308060209441431
qec,34,0.5500591712535672
qec,34,0.5500591712535672
qec,34,0.5142939199813026
qec,34,0.592484833328485
qec,34,0.5183827811337679
qec,34,0.5570781517168794
qec,34,0.5142939199813026
qec,34,0.5183827811337679
qec,34,0.6308060209441431
qec,34,0.592484833328485
qec,34,0.5183827811337679
qec,34,0.5183827811337679
qec,34,0.592484833328485
qec,34,0.5142939199813026
qec,34,0.5142939199813026
qec,34,0.592484833328485
qec,34,0.6308060209441431
qec,34,0.5142939199813026
qec,34,0.5500591712535672
qec,34,0.5183827811337679
qec,34,0.5183827811337679
qec,34,0.5142939199813026
qec,34,0.5500591712535672
qec,34,0.5183827811337679
qec,34,0.5183827811337679
qec,34,0.5142939199813026
qec,34,0.6308060209441431
qec,34,0.5183827811337679
qec,34,0.6308060209441431
qec,34,0.5183827811337679
qec,34,0.5183827811337679
qec,34,0.5183827811337679
qec,34,0.5500591712535672
qec,34,0.6308060209441431
qec,34,0.5570781517168794
qec,34,0.5570781517168794
qec,34,0.6308060209441431
qec,34,0.5183827811337679
qec,34,0.6308060209441431
qec,34,0.5183827811337679
qec,34,0.5183827811337679
qec,34,0.5183827811337679
qec,34,0.5500591712535672
qec,34,0.5570781517168794
qec,34,0.5142939199813026
qec,34,0.5183827811337679
qec,34,0.5183827811337679
qec,34,0.5183827811337679
qec,34,0.5500591712535672
qec,34,0.5142939199813026
qec,34,0.6308060209441431
qec,34,0.5183827811337679
qec,34,0.5142939199813026
qec,34,0.5142939199813026
qec,34,0.5500591712535672
qec,34,0.5500591712535672
qec,34,0.592484833328485
qec,34,0.5142939199813026
qec,34,0.6308060209441431
qec,34,0.592484833328485
qec,34,0.592484833328485
qec,34,0.5142939199813026
qec,34,0.5500591712535672
qec,34,0.592484833328485
qec,34,0.5500591712535672
qec,34,0.5570781517168794
qec,34,0.5570781517168794
qec,34,0.5183827811337679
qec,34,0.5183827811337679
qec,34,0.5183827811337679
qec,34,0.5500591712535672
qec,34,0.592484833328485
qec,34,0.5570781517168794
qec,34,0.5570781517168794
qec,34,0.592484833328485
qec,34,0.592484833328485
qec,34,0.5183827811337679
qec,34,0.6308060209441431
qec,34,0.5500591712535672
qec,34,0.5142939199813026
qec,34,0.6308060209441431
qec,34,0.5142939199813026
qec,34,0.5500591712535672
qec,34,0.5500591712535672
qec,34,0.5142939199813026
qec,34,0.5142939199813026
qec,34,0.5183827811337679
qec,34,0.5570781517168794
qec,34,0.592484833328485
qec,34,0.5142939199813026
qec,34,0.592484833328485
qec,34,0.592484833328485
qec,34,0.5183827811337679
qec,34,0.6308060209441431
qec,34,0.5183827811337679
qec,34,0.5500591712535672
qec,34,0.6308060209441431
qec,34,0.5570781517168794
qec,34,0.5500591712535672
qec,34,0.5183827811337679
qec,34,0.5183827811337679
qec,34,0.5500591712535672
xeb,36,0.5800205990099622
xeb,36,0.6411447928351853
xeb,36,0.5931005550437161
xeb,36,0.46107317232955036
xeb,36,0.607736758447524
xeb,36,0.7423450538668983
xeb,36,0.5395009276205753
xeb,36,0.4773567408379261
xeb,36,0.5395009276205753
xeb,36,0.4673135316046588
xeb,36,0.4342696594778801
xeb,36,0.5353528121293943
xeb,36,0.6664292547119819
xeb,36,0.6374590743815264
xeb,36,0.5692872785969192
xeb,36,0.49737896785882246
xeb,36,0.567338892696403
xeb,36,0.49737896785882246
xeb,36,0.5099969824640166
xeb,36,0.49737896785882246
xeb,36,0.5387269622705835
xeb,36,0.5553666136766047
xeb,36,0.5233360997882609
xeb,36,0.5395009276205753
xeb,36,0.5507134573046862
xeb,36,0.569429861212895
xeb,36,0.4342696594778801
xeb,36,0.6664292547119819
xeb,36,0.5553666136766047
xeb,36,0.607736758447524
xeb,36,0.6891107088390516
xeb,36,0.46107317232955036
xeb,36,0.5238870804606197
xeb,36,0.6891107088390516
xeb,36,0.4730657386738569
xeb,36,0.5252673187626938
xeb,36,0.5860943863261531
xeb,36,0.5720878557961158
xeb,36,0.5387269622705835
xeb,36,0.5787240837325144
xeb,36,0.5099969824640166
xeb,36,0.6374590743815264
xeb,36,0.5233360997882609
xeb,36,0.6411447928351853
xeb,36,0.5512993398227338
xeb,36,0.5461834992173431
xeb,36,0.5677989621285358
xeb,36,0.6664292547119819
xeb,36,0.5710972509666531
xeb,36,0.5720878557961158
xeb,36,0.5576857895337215
xeb,36,0.569429861212895
xeb,36,0.5815263517705765
xeb,36,0.6891107088390516
xeb,36,0.6664292547119819
xeb,36,0.4900270232042477
xeb,36,0.595301932887659
xeb,36,0.5298203054946787
xeb,36,0.567338892696403
xeb,36,0.5553666136766047
xeb,36,0.5099969824640166
xeb,36,0.6411447928351853
xeb,36,0.5298203054946787
xeb,36,0.5238870804606197
xeb,36,0.5505656805726621
xeb,36,0.46107317232955036
xeb,36,0.5505656805726621
xeb,36,0.4673135316046588
xeb,36,0.5461834992173431
xeb,36,0.607736758447524
xeb,36,0.5298203054946787
xeb,36,0.5931005550437161
xeb,36,0.5661690481765846
xeb,36,0.5815263517705765
xeb,36,0.607736758447524
xeb,36,0.5800205990099622
xeb,36,0.5815263517705765
xeb,36,0.5677989621285358
xeb,36,0.5267979567231781
xeb,36,0.5860943863261531
xeb,36,0.4342696594778801
xeb,36,0.4730657386738569
xeb,36,0.5298203054946787
xeb,36,0.607736758447524
xeb,36,0.5099969824640166
xeb,36,0.5815337544609223
xeb,36,0.5763989943418935
xeb,36,0.6664292547119819
xeb,36,0.5785494684714009
xeb,36,0.5787240837325144
xeb,36,0.5267979567231781
xeb,36,0.5620583745580389
xeb,36,0.5763989943418935
xeb,36,0.7423450538668983
xeb,36,0.5267979567231781
xeb,36,0.6382284844298449
xeb,36,0.7423450538668983
xeb,36,0.4773567408379261
xeb,36,0.46107317232955036
xeb,36,0.49737896785882246
xeb,36,0.4673135316046588
xeb,36,0.6382284844298449
xeb,36,0.607736758447524
xeb,36,0.5267979567231781
xeb,36,0.5860943863261531
xeb,36,0.5505656805726621
xeb,36,0.6374590743815264
xeb,36,0.5785494684714009
xeb,36,0.607736758447524
xeb,36,0.6891107088390516
xeb,36,0.5510485442450934
xeb,36,0.4673135316046588
xeb,36,0.5512993398227338
xeb,36,0.4673135316046588
xeb,36,0.5763989943418935
xeb,36,0.5252673187626938
xeb,36,0.5800205990099622
xeb,36,0.5576857895337215
xeb,36,0.6141987925728195
xeb,36,0.5461834992173431
xeb,36,0.6150141114657665
xeb,36,0.5860943863261531
xeb,36,0.5395009276205753
xeb,36,0.5267979567231781
xeb,36,0.5815263517705765
xeb,36,0.5252673187626938
xeb,36,0.5710972509666531
xeb,36,0.5238870804606197
xeb,36,0.46107317232955036
xeb,36,0.5395009276205753
xeb,36,0.5860943863261531
xeb,36,0.5387269622705835
xeb,36,0.4730657386738569
xeb,36,0.5510485442450934
xeb,36,0.5720878557961158
xeb,36,0.569429861212895
xeb,36,0.567338892696403
xeb,36,0.6374590743815264
xeb,36,0.4773567408379261
xeb,36,0.6374590743815264
xeb,36,0.6150141114657665
xeb,36,0.5505656805726621
xeb,36,0.5099969824640166
xeb,36,0.5677989621285358
xeb,36,0.6141987925728195
xeb,36,0.5233360997882609
xeb,36,0.5720878557961158
xeb,36,0.5815263517705765
xeb,36,0.5692872785969192
xeb,36,0.6141987925728195
xeb,36,0.5505656805726621
xeb,36,0.5252673187626938
xeb,36,0.5395009276205753
xeb,36,0.5507134573046862
xeb,36,0.5395009276205753
xeb,36,0.5507134573046862
xeb,36,0.5931005550437161
xeb,36,0.5238870804606197
xeb,36,0.6411447928351853
xeb,36,0.567338892696403
xeb,36,0.6411447928351853
xeb,36,0.6150141114657665
xeb,36,0.6374590743815264
xeb,36,0.4342696594778801
xeb,36,0.5710972509666531
xeb,36,0.4673135316046588
xeb,36,0.5785494684714009
xeb,36,0.5860943863261531
xeb,36,0.6382284844298449
xeb,36,0.5507134573046862
xeb,36,0.607736758447524
xeb,36,0.5353528121293943
xeb,36,0.5461834992173431
xeb,36,0.5720878557961158
xeb,36,0.5763989943418935
xeb,36,0.5815263517705765
xeb,36,0.4730657386738569
xeb,36,0.6664292547119819
xeb,36,0.5860943863261531
xeb,36,0.5353528121293943
xeb,36,0.6382284844298449
xeb,36,0.5298203054946787
xeb,36,0.5576857895337215
xeb,36,0.5576857895337215
xeb,36,0.5785494684714009
xeb,36,0.5249289663427552
xeb,36,0.4342696594778801
xeb,36,0.5353528121293943
xeb,36,0.5238870804606197
xeb,36,0.49737896785882246
xeb,36,0.5461834992173431
xeb,36,0.5677989621285358
xeb,36,0.5507134573046862
xeb,36,0.5576857895337215
xeb,36,0.6374590743815264
xeb,36,0.5815337544609223
xeb,36,0.5692872785969192
xeb,36,0.5710972509666531
xeb,36,0.7423450538668983
xeb,36,0.5800205990099622
qnn,36,0.5600172775871884
qnn,36,0.602339067684891
qnn,36,0.6176864778065487
qnn,36,0.4858391881984131
qnn,36,0.4491944706307896
qnn,36,0.6041103236523133
qnn,36,0.5310598884159897
qnn,36,0.5755911919547662
qnn,36,0.47610300682846596
qnn,36,0.463480375478389
qnn,36,0.6176864778065487
qnn,36,0.5257834306489764
qnn,36,0.5939609411726915
qnn,36,0.4858391881984131
qnn,36,0.5635306302175754
qnn,36,0.5600172775871884
qnn,36,0.504056480275382
qnn,36,0.5739575628464035
qnn,36,0.44999190498288805
qnn,36,0.5257834306489764
qnn,36,0.4491944706307896
qnn,36,0.4382471527766659
qnn,36,0.5770342562471835
qnn,36,0.5499583521650502
qnn,36,0.5939609411726915
qnn,36,0.4867886522722641
qnn,36,0.5345648077582116
qnn,36,0.5571240835051573
qnn,36,0.6157301693243827
qnn,36,0.5345648077582116
qnn,36,0.566382040696837
qnn,36,0.5345648077582116
qnn,36,0.5573426497116452
qnn,36,0.5168240390903677
qnn,36,0.4867886522722641
qnn,36,0.5435263478731865
qnn,36,0.5755911919547662
qnn,36,0.5310598884159897
qnn,36,0.49796549243839455
qnn,36,0.7089103694874987
qnn,36,0.5739575628464035
qnn,36,0.6701783122965583
qnn,36,0.5098376900226135
qnn,36,0.6157301693243827
qnn,36,0.5600172775871884
qnn,36,0.6225478670264675
qnn,36,0.4076656879926018
qnn,36,0.5600172775871884
qnn,36,0.4858391881984131
qnn,36,0.5526907504454799
qnn,36,0.534353064470154
qnn,36,0.5310598884159897
qnn,36,0.566382040696837
qnn,36,0.6176864778065487
qnn,36,0.6157301693243827
qnn,36,0.5955265847083844
qnn,36,0.41740429367950127
qnn,36,0.566382040696837
qnn,36,0.5755911919547662
qnn,36,0.5369512310438151
qnn,36,0.5526907504454799
qnn,36,0.44999190498288805
qnn,36,0.566382040696837
qnn,36,0.6157301693243827
qnn,36,0.5202972873681178
qnn,36,0.5955265847083844
qnn,36,0.6579562216740369
qnn,36,0.534353064470154
qnn,36,0.6041103236523133
qnn,36,0.5369512310438151
qnn,36,0.6476872723888553
qnn,36,0.5635306302175754
qnn,36,0.6701783122965583
qnn,36,0.6444238672286519
qnn,36,0.5543842384201848
qnn,36,0.463480375478389
qnn,36,0.6234467256084671
qnn,36,0.5202972873681178
qnn,36,0.4382471527766659
qnn,36,0.5995313422671592
qnn,36,0.5573426497116452
qnn,36,0.6157301693243827
qnn,36,0.5955265847083844
qnn,36,0.4939718460718782
qnn,36,0.5861346542415862
qnn,36,0.5369512310438151
qnn,36,0.6701783122965583
qnn,36,0.6176864778065487
qnn,36,0.4867886522722641
qnn,36,0.5257834306489764
qnn,36,0.44999190498288805
qnn,36,0.5739575628464035
qnn,36,0.4858391881984131
qnn,36,0.6444238672286519
qnn,36,0.5369512310438151
qnn,36,0.5635306302175754
qnn,36,0.5202972873681178
qnn,36,0.4858391881984131
qnn,36,0.41740429367950127
qnn,36,0.615800111699772
qnn,36,0.41740429367950127
qnn,36,0.5447954343411404
qnn,36,0.504056480275382
qnn,36,0.5995313422671592
qnn,36,0.5974280037282953
qnn,36,0.5995313422671592
qnn,36,0.5939609411726915
qnn,36,0.5543842384201848
qnn,36,0.5447954343411404
qnn,36,0.4925507238163866
qnn,36,0.4925507238163866
qnn,36,0.5955265847083844
qnn,36,0.49796549243839455
qnn,36,0.5499583521650502
qnn,36,0.5974280037282953
qnn,36,0.615800111699772
qnn,36,0.5345648077582116
qnn,36,0.534353064470154
qnn,36,0.49796549243839455
qnn,36,0.6176864778065487
qnn,36,0.5571240835051573
qnn,36,0.5755911919547662
qnn,36,0.7089103694874987
qnn,36,0.5435263478731865
qnn,36,0.5202972873681178
qnn,36,0.4076656879926018
qnn,36,0.6225478670264675
qnn,36,0.4925507238163866
qnn,36,0.558685494458572
qnn,36,0.4939718460718782
qnn,36,0.5435263478731865
qnn,36,0.558685494458572
qnn,36,0.6444238672286519
qnn,36,0.5755911919547662
qnn,36,0.615800111699772
qnn,36,0.4858391881984131
qnn,36,0.558685494458572
qnn,36,0.566382040696837
qnn,36,0.49796549243839455
qnn,36,0.6041103236523133
qnn,36,0.463480375478389
qnn,36,0.5571240835051573
qnn,36,0.6225478670264675
qnn,36,0.5168240390903677
qnn,36,0.5755911919547662
qnn,36,0.534353064470154
qnn,36,0.615800111699772
qnn,36,0.5257834306489764
qnn,36,0.5600172775871884
qnn,36,0.566382040696837
qnn,36,0.5168240390903677
qnn,36,0.6234467256084671
qnn,36,0.5098376900226135
qnn,36,0.5543842384201848
qnn,36,0.5939609411726915
qnn,36,0.5755911919547662
qnn,36,0.6579562216740369
qnn,36,0.615800111699772
qnn,36,0.5435263478731865
qnn,36,0.5526907504454799
qnn,36,0.6041103236523133
qnn,36,0.47610300682846596
qnn,36,0.6157301693243827
qnn,36,0.6225478670264675
qnn,36,0.6579562216740369
qnn,36,0.5635306302175754
qnn,36,0.4925507238163866
qnn,36,0.6579562216740369
qnn,36,0.534353064470154
qnn,36,0.5098376900226135
qnn,36,0.5098376900226135
qnn,36,0.4925507238163866
qnn,36,0.5770342562471835
qnn,36,0.6579562216740369
qnn,36,0.5543842384201848
qnn,36,0.49796549243839455
qnn,36,0.6157301693243827
qnn,36,0.5600172775871884
qnn,36,0.6476872723888553
qnn,36,0.5168240390903677
qnn,36,0.6444238672286519
qnn,36,0.6225478670264675
qnn,36,0.5257834306489764
qnn,36,0.5447954343411404
qnn,36,0.4939718460718782
qnn,36,0.5435263478731865
qnn,36,0.5600172775871884
qnn,36,0.463480375478389
qnn,36,0.4858391881984131
qnn,36,0.5739575628464035
qnn,36,0.5435263478731865
qnn,36,0.5955265847083844
qnn,36,0.6225478670264675
qnn,36,0.615800111699772
qnn,36,0.504056480275382
qnn,36,0.4076656879926018
qnn,36,0.5098376900226135
qnn,36,0.7089103694874987
qnn,36,0.6225478670264675
qnn,36,0.5345648077582116
shor,36,0.7562637330427164
shor,36,0.5895795528948431
shor,36,0.5552074614057544
shor,36,0.6380287337120213
shor,36,0.4906592898750412
shor,36,0.5895795528948431
shor,36,0.7562637330427164
shor,36,0.5448705799250976
shor,36,0.5747145347378765
shor,36,0.6430911378430847
shor,36,0.40894427006925854
shor,36,0.5108383736502956
shor,36,0.6430911378430847
shor,36,0.5978941007773482
shor,36,0.5883263537796662
shor,36,0.4374807278992079
shor,36,0.4906592898750412
shor,36,0.7420342020264619
shor,36,0.5307617453367284
shor,36,0.4239531888791194
shor,36,0.5900159796769722
shor,36,0.5747145347378765
shor,36,0.5734545578539676
shor,36,0.5900159796769722
shor,36,0.7420342020264619
shor,36,0.7520988674583889
shor,36,0.7357279245989629
shor,36,0.5503652103778501
shor,36,0.4374807278992079
shor,36,0.5891669162659812
shor,36,0.7377735305952661
shor,36,0.7375156553572962
shor,36,0.504671371812107
shor,36,0.5108383736502956
shor,36,0.6150103276156871
shor,36,0.4896635058313698
shor,36,0.7310820288374625
shor,36,0.7420342020264619
shor,36,0.5552074614057544
shor,36,0.5712313984556397
shor,36,0.7562637330427164
shor,36,0.5883263537796662
shor,36,0.7520988674583889
shor,36,0.4896635058313698
shor,36,0.5883263537796662
shor,36,0.5712313984556397
shor,36,0.5307617453367284
shor,36,0.7377735305952661
shor,36,0.7420342020264619
shor,36,0.5891669162659812
shor,36,0.5734545578539676
shor,36,0.7552643525189824
shor,36,0.7420342020264619
shor,36,0.5552074614057544
shor,36,0.5734545578539676
shor,36,0.6380287337120213
shor,36,0.5503652103778501
shor,36,0.4906592898750412
shor,36,0.4239531888791194
shor,36,0.7357279245989629
shor,36,0.6430911378430847
shor,36,0.5458540499899216
shor,36,0.5883263537796662
shor,36,0.4906592898750412
shor,36,0.5895795528948431
shor,36,0.4896635058313698
shor,36,0.4906592898750412
shor,36,0.7520988674583889
shor,36,0.5894750253172051
shor,36,0.4906592898750412
shor,36,0.40894427006925854
shor,36,0.7357279245989629
shor,36,0.5503652103778501
shor,36,0.5016851148247141
shor,36,0.5448705799250976
shor,36,0.5947576212776663
shor,36,0.6150103276156871
shor,36,0.4239531888791194
shor,36,0.5900159796769722
shor,36,0.5894750253172051
shor,36,0.5307617453367284
shor,36,0.5734545578539676
shor,36,0.5307617453367284
shor,36,0.6150103276156871
shor,36,0.5734545578539676
shor,36,0.40894427006925854
shor,36,0.5978941007773482
shor,36,0.7357279245989629
shor,36,0.5552074614057544
shor,36,0.5883263537796662
shor,36,0.5883263537796662
shor,36,0.5458540499899216
shor,36,0.7377735305952661
shor,36,0.5894750253172051
shor,36,0.4906592898750412
shor,36,0.5900159796769722
shor,36,0.5734545578539677
shor,36,0.4906592898750412
shor,36,0.5552074614057544
shor,36,0.504671371812107
shor,36,0.7377735305952661
shor,36,0.6150103276156871
shor,36,0.5978941007773482
shor,36,0.7562637330427164
shor,36,0.5503652103778501
shor,36,0.7310820288374625
shor,36,0.7420342020264619
shor,36,0.5016851148247141
shor,36,0.5734545578539677
shor,36,0.6380287337120213
shor,36,0.7375156553572962
shor,36,0.7562637330427164
shor,36,0.6380287337120213
shor,36,0.5503652103778501
shor,36,0.5552074614057544
shor,36,0.4906592898750412
shor,36,0.5891669162659812
shor,36,0.4906592898750412
shor,36,0.7377735305952661
shor,36,0.7562637330427164
shor,36,0.6150103276156871
shor,36,0.4906592898750412
shor,36,0.5108383736502956
shor,36,0.40894427006925854
shor,36,0.4906592898750412
shor,36,0.5747145347378765
shor,36,0.6430911378430847
shor,36,0.5458540499899216
shor,36,0.5503652103778501
shor,36,0.7377735305952661
shor,36,0.4906592898750412
shor,36,0.7357279245989629
shor,36,0.5883263537796662
shor,36,0.504671371812107
shor,36,0.5108383736502956
shor,36,0.5734545578539676
shor,36,0.5503652103778501
shor,36,0.5947576212776663
shor,36,0.5734545578539676
shor,36,0.40894427006925854
shor,36,0.5108383736502956
shor,36,0.7375156553572962
shor,36,0.504671371812107
shor,36,0.5895795528948431
shor,36,0.5734545578539676
shor,36,0.5712313984556397
shor,36,0.5503652103778501
shor,36,0.4906592898750412
shor,36,0.7552643525189824
shor,36,0.5503652103778501
shor,36,0.5016851148247141
shor,36,0.6430911378430847
shor,36,0.5947576212776663
shor,36,0.40894427006925854
shor,36,0.504671371812107
shor,36,0.5712313984556397
shor,36,0.7520988674583889
shor,36,0.5900159796769722
shor,36,0.6430911378430847
shor,36,0.7420342020264619
shor,36,0.5883263537796662
shor,36,0.7357279245989629
shor,36,0.4896635058313698
shor,36,0.4906592898750412
shor,36,0.4896635058313698
shor,36,0.5978941007773482
shor,36,0.6150103276156871
shor,36,0.6150103276156871
shor,36,0.42677097574233674
shor,36,0.7420342020264619
shor,36,0.6150103276156871
shor,36,0.4374807278992079
shor,36,0.7375156553572962
shor,36,0.5895795528948431
shor,36,0.5883263537796662
shor,36,0.42677097574233674
shor,36,0.42677097574233674
shor,36,0.5503652103778501
shor,36,0.6380287337120213
shor,36,0.4239531888791194
shor,36,0.7375156553572962
shor,36,0.6430911378430847
shor,36,0.5712313984556397
shor,36,0.504671371812107
shor,36,0.5712313984556397
shor,36,0.5895795528948431
shor,36,0.5978941007773482
shor,36,0.5900159796769722
shor,36,0.5712313984556397
shor,36,0.5503652103778501
shor,36,0.7377735305952661
shor,36,0.5458540499899216
shor,36,0.6430911378430847
shor,36,0.7357279245989629
shor,36,0.7310820288374625
shor,36,0.6150103276156871
shor,36,0.5900159796769722
shor,36,0.5891669162659812
shor,36,0.5947576212776663
shor,36,0.7377735305952661
qec,36,0.5271373735042747
qec,36,0.6554581478594843
qec,36,0.6062760759517367
qec,36,0.6554581478594843
qec,36,0.6538228132502498
qec,36,0.6538228132502498
qec,36,0.6062760759517367
qec,36,0.6554581478594843
qec,36,0.5271373735042747
qec,36,0.5271373735042747
qec,36,0.5271373735042747
qec,36,0.6554581478594843
qec,36,0.6554581478594843
qec,36,0.5690267069198689
qec,36,0.6554581478594843
qec,36,0.5271373735042747
qec,36,0.6062760759517367
qec,36,0.6554581478594843
qec,36,0.6554581478594843
qec,36,0.5690267069198689
qec,36,0.6062760759517367
qec,36,0.6554581478594843
qec,36,0.561474980518895
qec,36,0.5271373735042747
qec,36,0.6538228132502498
qec,36,0.561474980518895
qec,36,0.6062760759517367
qec,36,0.5690267069198689
qec,36,0.6538228132502498
qec,36,0.5690267069198689
qec,36,0.5690267069198689
qec,36,0.561474980518895
qec,36,0.561474980518895
qec,36,0.561474980518895
qec,36,0.6538228132502498
qec,36,0.5690267069198689
qec,36,0.5690267069198689
qec,36,0.6062760759517367
qec,36,0.6062760759517367
qec,36,0.5690267069198689
qec,36,0.561474980518895
qec,36,0.6538228132502498
qec,36,0.561474980518895
qec,36,0.6062760759517367
qec,36,0.561474980518895
qec,36,0.5271373735042747
qec,36,0.6554581478594843
qec,36,0.6538228132502498
qec,36,0.5690267069198689
qec,36,0.6062760759517367
qec,36,0.6538228132502498
qec,36,0.561474980518895
qec,36,0.5271373735042747
qec,36,0.6554581478594843
qec,36,0.6554581478594843
qec,36,0.6554581478594843
qec,36,0.6538228132502498
qec,36,0.6538228132502498
qec,36,0.5690267069198689
qec,36,0.5690267069198689
qec,36,0.5690267069198689
qec,36,0.6062760759517367
qec,36,0.561474980518895
qec,36,0.6538228132502498
qec,36,0.6554581478594843
qec,36,0.6554581478594843
qec,36,0.5690267069198689
qec,36,0.6062760759517367
qec,36,0.5690267069198689
qec,36,0.5271373735042747
qec,36,0.5690267069198689
qec,36,0.561474980518895
qec,36,0.561474980518895
qec,36,0.6538228132502498
qec,36,0.6538228132502498
qec,36,0.6062760759517367
qec,36,0.6538228132502498
qec,36,0.6554581478594843
qec,36,0.6062760759517367
qec,36,0.6062760759517367
qec,36,0.5690267069198689
qec,36,0.5690267069198689
qec,36,0.561474980518895
qec,36,0.6554581478594843
qec,36,0.6554581478594843
qec,36,0.5271373735042747
qec,36,0.5690267069198689
qec,36,0.5271373735042747
qec,36,0.5690267069198689
qec,36,0.5271373735042747
qec,36,0.5271373735042747
qec,36,0.561474980518895
qec,36,0.6554581478594843
qec,36,0.5690267069198689
qec,36,0.5271373735042747
qec,36,0.6062760759517367
qec,36,0.5690267069198689
qec,36,0.6554581478594843
qec,36,0.6538228132502498
qec,36,0.6554581478594843
qec,36,0.5271373735042747
qec,36,0.6554581478594843
qec,36,0.5271373735042747
qec,36,0.6554581478594843
qec,36,0.561474980518895
qec,36,0.6554581478594843
qec,36,0.6554581478594843
qec,36,0.561474980518895
qec,36,0.6554581478594843
qec,36,0.6554581478594843
qec,36,0.561474980518895
qec,36,0.6062760759517367
qec,36,0.561474980518895
qec,36,0.6554581478594843
qec,36,0.6554581478594843
qec,36,0.6554581478594843
qec,36,0.5690267069198689
qec,36,0.6554581478594843
qec,36,0.6538228132502498
qec,36,0.5271373735042747
qec,36,0.6554581478594843
qec,36,0.6554581478594843
qec,36,0.6554581478594843
qec,36,0.6062760759517367
qec,36,0.561474980518895
qec,36,0.6554581478594843
qec,36,0.561474980518895
qec,36,0.6062760759517367
qec,36,0.6062760759517367
qec,36,0.6538228132502498
qec,36,0.6554581478594843
qec,36,0.6538228132502498
qec,36,0.561474980518895
qec,36,0.561474980518895
qec,36,0.6062760759517367
qec,36,0.6554581478594843
qec,36,0.561474980518895
qec,36,0.6554581478594843
qec,36,0.5271373735042747
qec,36,0.6554581478594843
qec,36,0.6554581478594843
qec,36,0.561474980518895
qec,36,0.5690267069198689
qec,36,0.5271373735042747
qec,36,0.5271373735042747
qec,36,0.561474980518895
qec,36,0.5690267069198689
qec,36,0.6554581478594843
qec,36,0.5271373735042747
qec,36,0.5271373735042747
qec,36,0.6538228132502498
qec,36,0.6554581478594843
qec,36,0.561474980518895
qec,36,0.5271373735042747
qec,36,0.5690267069198689
qec,36,0.6554581478594843
qec,36,0.6538228132502498
qec,36,0.6554581478594843
qec,36,0.6062760759517367
qec,36,0.561474980518895
qec,36,0.5690267069198689
qec,36,0.6554581478594843
qec,36,0.6062760759517367
qec,36,0.561474980518895
qec,36,0.6538228132502498
qec,36,0.6538228132502498
qec,36,0.6554581478594843
qec,36,0.561474980518895
qec,36,0.5690267069198689
qec,36,0.6062760759517367
qec,36,0.5271373735042747
qec,36,0.561474980518895
qec,36,0.6062760759517367
qec,36,0.6554581478594843
qec,36,0.5271373735042747
qec,36,0.5271373735042747
qec,36,0.561474980518895
qec,36,0.5690267069198689
qec,36,0.6554581478594843
qec,36,0.5690267069198689
qec,36,0.6554581478594843
qec,36,0.6554581478594843
qec,36,0.561474980518895
qec,36,0.6554581478594843
qec,36,0.5271373735042747
qec,36,0.5690267069198689
qec,36,0.6554581478594843
qec,36,0.5690267069198689
qec,36,0.6062760759517367
qec,36,0.561474980518895
qec,36,0.6538228132502498
qec,36,0.6538228132502498
qec,36,0.6554581478594843
qec,36,0.6062760759517367
qec,36,0.6538228132502498
qec,36,0.6538228132502498
qec,36,0.6062760759517367
qec,36,0.6062760759517367
qec,36,0.561474980518895
qec,36,0.5271373735042747
xeb,38,0.6128876193639445
xeb,38,0.5588914678939377
xeb,38,0.6094847563283242
xeb,38,0.6717839516388097
xeb,38,0.5744043800762565
xeb,38,0.5834834276613026
xeb,38,0.5449040940544394
xeb,38,0.6147246162676427
xeb,38,0.6147246162676427
xeb,38,0.6156609592664876
xeb,38,0.5657573614110223
xeb,38,0.6658200124709666
xeb,38,0.5422205534031731
xeb,38,0.6707929137329507
xeb,38,0.5657573614110223
xeb,38,0.6255054272681243
xeb,38,0.7169349824090535
xeb,38,0.6048063820731299
xeb,38,0.5657573614110223
xeb,38,0.4707560387578459
xeb,38,0.4707560387578459
xeb,38,0.5522937295424163
xeb,38,0.5703633821881023
xeb,38,0.5744043800762565
xeb,38,0.5519684557152479
xeb,38,0.5449040940544394
xeb,38,0.5522937295424163
xeb,38,0.5519684557152479
xeb,38,0.5804238510527333
xeb,38,0.5703633821881023
xeb,38,0.5017344615955199
xeb,38,0.6447542559642244
xeb,38,0.6048063820731299
xeb,38,0.5519684557152479
xeb,38,0.6041582269598748
xeb,38,0.5449040940544394
xeb,38,0.6447542559642244
xeb,38,0.5422205534031731
xeb,38,0.5017344615955199
xeb,38,0.5744043800762565
xeb,38,0.6447542559642244
xeb,38,0.5734952274335784
xeb,38,0.6736605150995694
xeb,38,0.7169349824090537
xeb,38,0.5498758209595722
xeb,38,0.7169349824090537
xeb,38,0.4707560387578459
xeb,38,0.545623503027421
xeb,38,0.5657573614110223
xeb,38,0.571826165584597
xeb,38,0.5494832551227021
xeb,38,0.5017344615955199
xeb,38,0.6156609592664876
xeb,38,0.4707560387578459
xeb,38,0.5819544447813865
xeb,38,0.6717839516388097
xeb,38,0.4707560387578459
xeb,38,0.5804238510527333
xeb,38,0.5819544447813865
xeb,38,0.7169349824090537
xeb,38,0.5657573614110223
xeb,38,0.6936832555103132
xeb,38,0.7169349824090535
xeb,38,0.6717839516388097
xeb,38,0.4707560387578459
xeb,38,0.6707929137329507
xeb,38,0.5498758209595722
xeb,38,0.5744043800762565
xeb,38,0.6707929137329507
xeb,38,0.6128876193639445
xeb,38,0.5538831227397635
xeb,38,0.5519684557152479
xeb,38,0.5819544447813865
xeb,38,0.6250288651809485
xeb,38,0.6156609592664876
xeb,38,0.6048063820731299
xeb,38,0.7169349824090535
xeb,38,0.6707929137329507
xeb,38,0.5422205534031731
xeb,38,0.6658200124709666
xeb,38,0.5588914678939377
xeb,38,0.5834834276613026
xeb,38,0.5744043800762565
xeb,38,0.5781359184401301
xeb,38,0.6156609592664876
xeb,38,0.688423556407471
xeb,38,0.6146111944398284
xeb,38,0.5522937295424163
xeb,38,0.5522937295424163
xeb,38,0.5704164818811913
xeb,38,0.7169349824090535
xeb,38,0.571826165584597
xeb,38,0.5017344615955199
xeb,38,0.5422205534031731
xeb,38,0.6619742612104829
xeb,38,0.5734952274335784
xeb,38,0.6041582269598748
xeb,38,0.571826165584597
xeb,38,0.5522937295424163
xeb,38,0.6561890352954572
xeb,38,0.5588914678939377
xeb,38,0.6250288651809485
xeb,38,0.6006069690078412
xeb,38,0.6147246162676427
xeb,38,0.5744043800762565
xeb,38,0.5819544447813865
xeb,38,0.6619742612104829
xeb,38,0.5704164818811913
xeb,38,0.6619742612104829
xeb,38,0.6041582269598748
xeb,38,0.5834834276613026
xeb,38,0.6250288651809485
xeb,38,0.6356891935658303
xeb,38,0.6447542559642244
xeb,38,0.7169349824090537
xeb,38,0.6356891935658303
xeb,38,0.5781359184401301
xeb,38,0.5522937295424163
xeb,38,0.6619742612104829
xeb,38,0.6255054272681243
xeb,38,0.6707929137329507
xeb,38,0.571826165584597
xeb,38,0.6146111944398284
xeb,38,0.5703633821881023
xeb,38,0.5494832551227021
xeb,38,0.6006069690078412
xeb,38,0.5834834276613026
xeb,38,0.5519684557152479
xeb,38,0.6658200124709666
xeb,38,0.688423556407471
xeb,38,0.6736605150995694
xeb,38,0.6707929137329507
xeb,38,0.6707929137329507
xeb,38,0.6619742612104829
xeb,38,0.571826165584597
xeb,38,0.6717839516388097
xeb,38,0.6356891935658303
xeb,38,0.545623503027421
xeb,38,0.6619742612104829
xeb,38,0.6250288651809485
xeb,38,0.5703633821881023
xeb,38,0.5588914678939377
xeb,38,0.6255054272681243
xeb,38,0.6147246162676427
xeb,38,0.604768315282746
xeb,38,0.5703633821881023
xeb,38,0.5657573614110223
xeb,38,0.5017344615955199
xeb,38,0.6356891935658303
xeb,38,0.6094847563283242
xeb,38,0.5498758209595722
xeb,38,0.6094847563283242
xeb,38,0.6707929137329507
xeb,38,0.6147246162676427
xeb,38,0.5704164818811913
xeb,38,0.6006069690078412
xeb,38,0.7169349824090537
xeb,38,0.571826165584597
xeb,38,0.5804238510527333
xeb,38,0.5734952274335784
xeb,38,0.5704164818811913
xeb,38,0.6936832555103132
xeb,38,0.604768315282746
xeb,38,0.6128876193639445
xeb,38,0.6619742612104829
xeb,38,0.5522937295424163
xeb,38,0.5498758209595722
xeb,38,0.5703633821881023
xeb,38,0.5744043800762565
xeb,38,0.6356891935658303
xeb,38,0.571826165584597
xeb,38,0.545623503027421
xeb,38,0.5522937295424163
xeb,38,0.604768315282746
xeb,38,0.5449040940544394
xeb,38,0.5305387064974504
xeb,38,0.5522937295424163
xeb,38,0.5305387064974504
xeb,38,0.5657573614110223
xeb,38,0.5538831227397635
xeb,38,0.5703633821881023
xeb,38,0.6147246162676427
xeb,38,0.5522937295424163
xeb,38,0.571826165584597
xeb,38,0.5657573614110223
xeb,38,0.4707560387578459
xeb,38,0.5657573614110223
xeb,38,0.6006069690078412
xeb,38,0.5422205534031731
xeb,38,0.5494832551227021
xeb,38,0.5704164818811913
xeb,38,0.571826165584597
xeb,38,0.5522937295424163
xeb,38,0.6561890352954572
xeb,38,0.5498758209595722
xeb,38,0.6255054272681243
xeb,38,0.5703633821881023
xeb,38,0.6707929137329507
xeb,38,0.6717839516388097
xeb,38,0.5494832551227021
qnn,38,0.6240602069780248
qnn,38,0.5924315318014942
qnn,38,0.5827621282092221
qnn,38,0.4637779655843081
qnn,38,0.4637779655843081
qnn,38,0.48508829840473405
qnn,38,0.48508829840473405
qnn,38,0.5275882216378408
qnn,38,0.5586402961685625
qnn,38,0.5736931309192757
qnn,38,0.6739669360576995
qnn,38,0.6794122401763856
qnn,38,0.7119310356505157
qnn,38,0.5094635910155266
qnn,38,0.5375278047151949
qnn,38,0.5318449544385129
qnn,38,0.6076715949754132
qnn,38,0.5870557967094218
qnn,38,0.6739669360576995
qnn,38,0.6173229988218476
qnn,38,0.5955979179397592
qnn,38,0.5119202972253546
qnn,38,0.5779801231286655
qnn,38,0.681087745492903
qnn,38,0.5948306590549628
qnn,38,0.5924315318014942
qnn,38,0.5358023931511845
qnn,38,0.659836867977877
qnn,38,0.5827621282092221
qnn,38,0.5182731370711061
qnn,38,0.681087745492903
qnn,38,0.6173229988218476
qnn,38,0.6553118466937301
qnn,38,0.5796558765481762
qnn,38,0.6240602069780248
qnn,38,0.6827743772577166
qnn,38,0.6553118466937301
qnn,38,0.6184541494802116
qnn,38,0.5275882216378408
qnn,38,0.6298079369413089
qnn,38,0.6553118466937301
qnn,38,0.5358023931511845
qnn,38,0.5182731370711061
qnn,38,0.4806472918680741
qnn,38,0.6442584813671002
qnn,38,0.5379955410604066
qnn,38,0.48508829840473405
qnn,38,0.5870557967094218
qnn,38,0.4726627886011566
qnn,38,0.6442584813671002
qnn,38,0.5955979179397592
qnn,38,0.5948306590549628
qnn,38,0.43656453586166233
qnn,38,0.6794122401763856
qnn,38,0.6827743772577166
qnn,38,0.5877130614710615
qnn,38,0.5955979179397592
qnn,38,0.5318449544385129
qnn,38,0.6421754869658483
qnn,38,0.4637779655843081
qnn,38,0.5876713912810542
qnn,38,0.6184541494802116
qnn,38,0.659836867977877
qnn,38,0.5924315318014942
qnn,38,0.5827621282092221
qnn,38,0.5739453246500423
qnn,38,0.6749577262400377
qnn,38,0.48569713940177667
qnn,38,0.6421754869658483
qnn,38,0.6298079369413089
qnn,38,0.5948306590549628
qnn,38,0.5870557967094218
qnn,38,0.6240602069780248
qnn,38,0.4980217756503488
qnn,38,0.5119202972253546
qnn,38,0.5094635910155266
qnn,38,0.5948306590549628
qnn,38,0.5604823894051069
qnn,38,0.6294389728428434
qnn,38,0.5318449544385129
qnn,38,0.5924315318014942
qnn,38,0.6794122401763856
qnn,38,0.5586402961685625
qnn,38,0.4543643287070085
qnn,38,0.6739669360576995
qnn,38,0.5379955410604066
qnn,38,0.5094635910155266
qnn,38,0.7119310356505157
qnn,38,0.5275882216378408
qnn,38,0.5870557967094218
qnn,38,0.48508829840473405
qnn,38,0.7119310356505157
qnn,38,0.5358023931511845
qnn,38,0.43656453586166233
qnn,38,0.5358023931511845
qnn,38,0.7119310356505157
qnn,38,0.42986898398951434
qnn,38,0.681087745492903
qnn,38,0.6240602069780248
qnn,38,0.6184541494802116
qnn,38,0.6184541494802116
qnn,38,0.6076715949754132
qnn,38,0.4930740889274286
qnn,38,0.5358023931511845
qnn,38,0.6553118466937301
qnn,38,0.4806472918680741
qnn,38,0.6012351599106665
qnn,38,0.5877130614710615
qnn,38,0.5779801231286655
qnn,38,0.5119202972253546
qnn,38,0.4980217756503488
qnn,38,0.5877130614710615
qnn,38,0.5182731370711061
qnn,38,0.5119202972253546
qnn,38,0.7119310356505157
qnn,38,0.5876713912810542
qnn,38,0.5853913800715859
qnn,38,0.5379955410604066
qnn,38,0.6749577262400377
qnn,38,0.6173229988218476
qnn,38,0.6173229988218476
qnn,38,0.5023677405571065
qnn,38,0.6076715949754132
qnn,38,0.681087745492903
qnn,38,0.6749577262400377
qnn,38,0.5779801231286655
qnn,38,0.5182731370711061
qnn,38,0.6739669360576995
qnn,38,0.5119202972253546
qnn,38,0.6421754869658483
qnn,38,0.5119202972253546
qnn,38,0.4980217756503488
qnn,38,0.43656453586166233
qnn,38,0.5887633083716155
qnn,38,0.4637779655843081
qnn,38,0.5796558765481762
qnn,38,0.659836867977877
qnn,38,0.5586402961685625
qnn,38,0.5023677405571065
qnn,38,0.6421754869658483
qnn,38,0.6442584813671002
qnn,38,0.6442584813671002
qnn,38,0.4637779655843081
qnn,38,0.5736931309192757
qnn,38,0.5827621282092221
qnn,38,0.5627943704345081
qnn,38,0.5023677405571065
qnn,38,0.4543643287070085
qnn,38,0.5604823894051069
qnn,38,0.6298079369413089
qnn,38,0.6076715949754132
qnn,38,0.5955979179397592
qnn,38,0.6827743772577166
qnn,38,0.5796558765481762
qnn,38,0.6794122401763856
qnn,38,0.5796558765481762
qnn,38,0.6076715949754132
qnn,38,0.4930740889274286
qnn,38,0.42986898398951434
qnn,38,0.4980217756503488
qnn,38,0.5119202972253546
qnn,38,0.6012351599106665
qnn,38,0.4543643287070085
qnn,38,0.43656453586166233
qnn,38,0.5955979179397592
qnn,38,0.5827621282092221
qnn,38,0.6553118466937301
qnn,38,0.5876713912810542
qnn,38,0.6739669360576995
qnn,38,0.6173229988218476
qnn,38,0.6794122401763856
qnn,38,0.5955979179397592
qnn,38,0.6298079369413089
qnn,38,0.6294389728428434
qnn,38,0.4806472918680741
qnn,38,0.659836867977877
qnn,38,0.5955979179397592
qnn,38,0.6184541494802116
qnn,38,0.5924315318014942
qnn,38,0.5796558765481762
qnn,38,0.5358023931511845
qnn,38,0.5604823894051069
qnn,38,0.6794122401763856
qnn,38,0.4637779655843081
qnn,38,0.6298079369413089
qnn,38,0.5853913800715859
qnn,38,0.5275882216378408
qnn,38,0.6012351599106665
qnn,38,0.5119202972253546
qnn,38,0.6012351599106665
qnn,38,0.6184541494802116
qnn,38,0.5358023931511845
qnn,38,0.6173229988218476
qnn,38,0.5182731370711061
qnn,38,0.48569713940177667
qnn,38,0.5119202972253546
qnn,38,0.5779801231286655
qnn,38,0.42986898398951434
qnn,38,0.5876713912810542
qnn,38,0.6173229988218476
shor,38,0.6587567651599054
shor,38,0.740564590271944
shor,38,0.7618941934042227
shor,38,0.6222468451592751
shor,38,0.6004587960288872
shor,38,0.5181753733701744
shor,38,0.4418719351991041
shor,38,0.6004587960288872
shor,38,0.7602505751404859
shor,38,0.5206917253796183
shor,38,0.4981007933203079
shor,38,0.7618941934042227
shor,38,0.584366944246516
shor,38,0.5807845234345181
shor,38,0.4418719351991041
shor,38,0.5807845234345181
shor,38,0.6331217344456469
shor,38,0.7349784773771381
shor,38,0.49810079332030804
shor,38,0.5501545322229482
shor,38,0.5501545322229482
shor,38,0.6511456496925899
shor,38,0.4418719351991041
shor,38,0.6587567651599054
shor,38,0.6056925676211591
shor,38,0.7504372040704849
shor,38,0.4418719351991041
shor,38,0.4302367252056446
shor,38,0.7772258523222297
shor,38,0.6511456496925899
shor,38,0.6056925676211591
shor,38,0.740564590271944
shor,38,0.4936034177179753
shor,38,0.7578079589550131
shor,38,0.4302367252056446
shor,38,0.49810079332030804
shor,38,0.4418719351991041
shor,38,0.6110895861007948
shor,38,0.4981007933203079
shor,38,0.4936034177179753
shor,38,0.6004587960288872
shor,38,0.6245994398611794
shor,38,0.7445462374606736
shor,38,0.4936034177179753
shor,38,0.6281211669371679
shor,38,0.6245994398611794
shor,38,0.632386206533365
shor,38,0.6413248146741837
shor,38,0.43798496941313314
shor,38,0.7602505751404859
shor,38,0.6413248146741837
shor,38,0.6361543388137461
shor,38,0.7349784773771381
shor,38,0.6110895861007948
shor,38,0.49810079332030804
shor,38,0.5206917253796183
shor,38,0.7602505751404859
shor,38,0.6511456496925899
shor,38,0.584366944246516
shor,38,0.6587567651599054
shor,38,0.4981007933203079
shor,38,0.4502251313157508
shor,38,0.632386206533365
shor,38,0.7349784773771381
shor,38,0.7602505751404859
shor,38,0.6331217344456469
shor,38,0.6056925676211591
shor,38,0.5318990971509704
shor,38,0.4981007933203079
shor,38,0.43798496941313314
shor,38,0.632386206533365
shor,38,0.5501545322229482
shor,38,0.5206917253796183
shor,38,0.7772258523222297
shor,38,0.6004587960288872
shor,38,0.7772258523222297
shor,38,0.4936034177179753
shor,38,0.4418719351991041
shor,38,0.6361543388137461
shor,38,0.49810079332030804
shor,38,0.6281211669371679
shor,38,0.7772258523222297
shor,38,0.5574269491084141
shor,38,0.4302367252056446
shor,38,0.584366944246516
shor,38,0.5181753733701744
shor,38,0.6281211669371679
shor,38,0.6587567651599054
shor,38,0.6643970929911462
shor,38,0.6313819673298207
shor,38,0.4936034177179753
shor,38,0.6511456496925899
shor,38,0.632386206533365
shor,38,0.6313819673298207
shor,38,0.4502251313157508
shor,38,0.7349784773771381
shor,38,0.4502251313157508
shor,38,0.6413248146741837
shor,38,0.7772258523222297
shor,38,0.4981007933203079
shor,38,0.7602505751404859
shor,38,0.7578079589550131
shor,38,0.584366944246516
shor,38,0.7349784773771381
shor,38,0.49810079332030804
shor,38,0.6511456496925899
shor,38,0.5807845234345181
shor,38,0.5318990971509704
shor,38,0.5318990971509704
shor,38,0.5206917253796183
shor,38,0.6281211669371679
shor,38,0.632386206533365
shor,38,0.4302367252056446
shor,38,0.584366944246516
shor,38,0.6413248146741837
shor,38,0.6643970929911462
shor,38,0.4981007933203079
shor,38,0.7618941934042227
shor,38,0.632386206533365
shor,38,0.7602505751404859
shor,38,0.5318990971509704
shor,38,0.6110895861007948
shor,38,0.6245994398611794
shor,38,0.5318990971509704
shor,38,0.49810079332030804
shor,38,0.6413248146741837
shor,38,0.7578079589550131
shor,38,0.49810079332030804
shor,38,0.5807845234345181
shor,38,0.4302367252056446
shor,38,0.7504372040704849
shor,38,0.6281211669371679
shor,38,0.6281211669371679
shor,38,0.6222468451592751
shor,38,0.6004587960288872
shor,38,0.5807845234345181
shor,38,0.7504372040704849
shor,38,0.7504372040704849
shor,38,0.6056925676211591
shor,38,0.6643970929911462
shor,38,0.49810079332030804
shor,38,0.6004587960288872
shor,38,0.584366944246516
shor,38,0.7618941934042227
shor,38,0.5574269491084141
shor,38,0.6222468451592751
shor,38,0.7772258523222297
shor,38,0.6245994398611794
shor,38,0.7772258523222297
shor,38,0.5807845234345181
shor,38,0.5501545322229482
shor,38,0.7578079589550131
shor,38,0.6413248146741837
shor,38,0.5807845234345181
shor,38,0.5574269491084141
shor,38,0.6413248146741837
shor,38,0.7602505751404859
shor,38,0.6313819673298207
shor,38,0.7602505751404859
shor,38,0.6056925676211591
shor,38,0.6413248146741837
shor,38,0.5501545322229482
shor,38,0.6245994398611794
shor,38,0.6281211669371679
shor,38,0.7349784773771381
shor,38,0.6413248146741837
shor,38,0.6195336641163939
shor,38,0.4302367252056446
shor,38,0.632386206533365
shor,38,0.49810079332030804
shor,38,0.4936034177179753
shor,38,0.7578079589550131
shor,38,0.49810079332030804
shor,38,0.6643970929911462
shor,38,0.632386206533365
shor,38,0.6361543388137461
shor,38,0.5574269491084141
shor,38,0.7349784773771381
shor,38,0.4981007933203079
shor,38,0.6222468451592751
shor,38,0.7772258523222297
shor,38,0.6245994398611794
shor,38,0.6110895861007948
shor,38,0.4302367252056446
shor,38,0.6587567651599054
shor,38,0.7578079589550131
shor,38,0.6110895861007948
shor,38,0.584366944246516
shor,38,0.5501545322229482
shor,38,0.7772258523222297
shor,38,0.740564590271944
shor,38,0.6056925676211591
shor,38,0.6511456496925899
shor,38,0.6281211669371679
shor,38,0.740564590271944
shor,38,0.49810079332030804
shor,38,0.5501545322229482
shor,38,0.7504372040704849
shor,38,0.6281211669371679
shor,38,0.7349784773771381
qec,38,0.6686846962025133
qec,38,0.6131130056097437
qec,38,0.6131130056097437
qec,38,0.6053371395083055
qec,38,0.6053371395083055
qec,38,0.7100736022475729
qec,38,0.7100736022475729
qec,38,0.5622277584262665
qec,38,0.6686846962025133
qec,38,0.7100736022475729
qec,38,0.7100736022475729
qec,38,0.7100736022475729
qec,38,0.5622277584262665
qec,38,0.7100736022475729
qec,38,0.6686846962025133
qec,38,0.5622277584262665
qec,38,0.6686846962025133
qec,38,0.6131130056097437
qec,38,0.6342622015782858
qec,38,0.6131130056097437
qec,38,0.6686846962025133
qec,38,0.6686846962025133
qec,38,0.6131130056097437
qec,38,0.6686846962025133
qec,38,0.7100736022475729
qec,38,0.6131130056097437
qec,38,0.7100736022475729
qec,38,0.6131130056097437
qec,38,0.6131130056097437
qec,38,0.6686846962025133
qec,38,0.6686846962025133
qec,38,0.5622277584262665
qec,38,0.5622277584262665
qec,38,0.6686846962025133
qec,38,0.6342622015782858
qec,38,0.6686846962025133
qec,38,0.6053371395083055
qec,38,0.6686846962025133
qec,38,0.6053371395083055
qec,38,0.7100736022475729
qec,38,0.6053371395083055
qec,38,0.6053371395083055
qec,38,0.5622277584262665
qec,38,0.7100736022475729
qec,38,0.6686846962025133
qec,38,0.6342622015782858
qec,38,0.6686846962025133
qec,38,0.6686846962025133
qec,38,0.6342622015782858
qec,38,0.6686846962025133
qec,38,0.6342622015782858
qec,38,0.5622277584262665
qec,38,0.6053371395083055
qec,38,0.6053371395083055
qec,38,0.7100736022475729
qec,38,0.6053371395083055
qec,38,0.6686846962025133
qec,38,0.6131130056097437
qec,38,0.5622277584262665
qec,38,0.6686846962025133
qec,38,0.6686846962025133
qec,38,0.5622277584262665
qec,38,0.6342622015782858
qec,38,0.7100736022475729
qec,38,0.5622277584262665
qec,38,0.5622277584262665
qec,38,0.7100736022475729
qec,38,0.6053371395083055
qec,38,0.6686846962025133
qec,38,0.6131130056097437
qec,38,0.6342622015782858
qec,38,0.6686846962025133
qec,38,0.7100736022475729
qec,38,0.6686846962025133
qec,38,0.5622277584262665
qec,38,0.7100736022475729
qec,38,0.6342622015782858
qec,38,0.6686846962025133
qec,38,0.6686846962025133
qec,38,0.7100736022475729
qec,38,0.6686846962025133
qec,38,0.6686846962025133
qec,38,0.6686846962025133
qec,38,0.6686846962025133
qec,38,0.6686846962025133
qec,38,0.6686846962025133
qec,38,0.6686846962025133
qec,38,0.6053371395083055
qec,38,0.7100736022475729
qec,38,0.6053371395083055
qec,38,0.6686846962025133
qec,38,0.6342622015782858
qec,38,0.7100736022475729
qec,38,0.7100736022475729
qec,38,0.7100736022475729
qec,38,0.6342622015782858
qec,38,0.6342622015782858
qec,38,0.6342622015782858
qec,38,0.6686846962025133
qec,38,0.6686846962025133
qec,38,0.6053371395083055
qec,38,0.5622277584262665
qec,38,0.6686846962025133
qec,38,0.6686846962025133
qec,38,0.6131130056097437
qec,38,0.7100736022475729
qec,38,0.6053371395083055
qec,38,0.5622277584262665
qec,38,0.5622277584262665
qec,38,0.6686846962025133
qec,38,0.7100736022475729
qec,38,0.5622277584262665
qec,38,0.6342622015782858
qec,38,0.5622277584262665
qec,38,0.5622277584262665
qec,38,0.5622277584262665
qec,38,0.6342622015782858
qec,38,0.6342622015782858
qec,38,0.6342622015782858
qec,38,0.6131130056097437
qec,38,0.6342622015782858
qec,38,0.6342622015782858
qec,38,0.6342622015782858
qec,38,0.6686846962025133
qec,38,0.5622277584262665
qec,38,0.5622277584262665
qec,38,0.6053371395083055
qec,38,0.6053371395083055
qec,38,0.6053371395083055
qec,38,0.6131130056097437
qec,38,0.6053371395083055
qec,38,0.7100736022475729
qec,38,0.6342622015782858
qec,38,0.6342622015782858
qec,38,0.6686846962025133
qec,38,0.5622277584262665
qec,38,0.6342622015782858
qec,38,0.6342622015782858
qec,38,0.5622277584262665
qec,38,0.6686846962025133
qec,38,0.6053371395083055
qec,38,0.6686846962025133
qec,38,0.6686846962025133
qec,38,0.6053371395083055
qec,38,0.6131130056097437
qec,38,0.6686846962025133
qec,38,0.6686846962025133
qec,38,0.6342622015782858
qec,38,0.6686846962025133
qec,38,0.6686846962025133
qec,38,0.6053371395083055
qec,38,0.6686846962025133
qec,38,0.6131130056097437
qec,38,0.6131130056097437
qec,38,0.6686846962025133
qec,38,0.6053371395083055
qec,38,0.5622277584262665
qec,38,0.6053371395083055
qec,38,0.6342622015782858
qec,38,0.5622277584262665
qec,38,0.6131130056097437
qec,38,0.6053371395083055
qec,38,0.6686846962025133
qec,38,0.6342622015782858
qec,38,0.6131130056097437
qec,38,0.6686846962025133
qec,38,0.5622277584262665
qec,38,0.6686846962025133
qec,38,0.7100736022475729
qec,38,0.6342622015782858
qec,38,0.5622277584262665
qec,38,0.5622277584262665
qec,38,0.6686846962025133
qec,38,0.6686846962025133
qec,38,0.6131130056097437
qec,38,0.6131130056097437
qec,38,0.6686846962025133
qec,38,0.7100736022475729
qec,38,0.6686846962025133
qec,38,0.7100736022475729
qec,38,0.6131130056097437
qec,38,0.6053371395083055
qec,38,0.6342622015782858
qec,38,0.7100736022475729
qec,38,0.6131130056097437
qec,38,0.6686846962025133
qec,38,0.6342622015782858
qec,38,0.6686846962025133
qec,38,0.6686846962025133
qec,38,0.6053371395083055
qec,38,0.6686846962025133
qec,38,0.6342622015782858
qec,38,0.6131130056097437
qec,38,0.6131130056097437
qec,38,0.5622277584262665
qec,38,0.6686846962025133
qec,38,0.6686846962025133
qec,38,0.7100736022475729
qec,38,0.7100736022475729
qec,38,0.6131130056097437
xeb,40,0.6076204569192225
xeb,40,0.5963989954134874
xeb,40,0.6009871896359317
xeb,40,0.7021520875767638
xeb,40,0.5173715212808725
xeb,40,0.6215740195340674
xeb,40,0.6553608859387334
xeb,40,0.5277035331807011
xeb,40,0.5963989954134874
xeb,40,0.5442164402516945
xeb,40,0.5906022145413252
xeb,40,0.6716876167953082
xeb,40,0.6349010540837456
xeb,40,0.5565450283268262
xeb,40,0.5963989954134874
xeb,40,0.493051187022968
xeb,40,0.7455660875713974
xeb,40,0.5640768013255559
xeb,40,0.691612060738962
xeb,40,0.6163997367478643
xeb,40,0.7545693385410907
xeb,40,0.6215740195340674
xeb,40,0.6484904626883374
xeb,40,0.4867966335300277
xeb,40,0.6435902733316042
xeb,40,0.551507020392707
xeb,40,0.5963989954134874
xeb,40,0.691612060738962
xeb,40,0.6163997367478643
xeb,40,0.6553608859387334
xeb,40,0.7021520875767638
xeb,40,0.5694455590849191
xeb,40,0.6163997367478643
xeb,40,0.6420451356504011
xeb,40,0.6076204569192225
xeb,40,0.6215740195340674
xeb,40,0.7026801326895507
xeb,40,0.4867966335300277
xeb,40,0.5640768013255559
xeb,40,0.6163997367478643
xeb,40,0.4828907181407226
xeb,40,0.5442164402516945
xeb,40,0.5277035331807011
xeb,40,0.6076204569192225
xeb,40,0.4867966335300277
xeb,40,0.615095268652307
xeb,40,0.6192800173426769
xeb,40,0.551507020392707
xeb,40,0.6553608859387334
xeb,40,0.7021520875767638
xeb,40,0.5277035331807011
xeb,40,0.6076204569192225
xeb,40,0.5676424016174025
xeb,40,0.5565450283268262
xeb,40,0.6076204569192225
xeb,40,0.5575615589475006
xeb,40,0.4867966335300277
xeb,40,0.5386446760902981
xeb,40,0.6716876167953082
xeb,40,0.6435902733316042
xeb,40,0.5920446786139995
xeb,40,0.6459484205078622
xeb,40,0.5963989954134874
xeb,40,0.6163997367478643
xeb,40,0.5565450283268262
xeb,40,0.4828907181407226
xeb,40,0.4867966335300277
xeb,40,0.5780487058854917
xeb,40,0.6463199446872031
xeb,40,0.6163997367478643
xeb,40,0.493051187022968
xeb,40,0.6076204569192225
xeb,40,0.6435902733316042
xeb,40,0.6553608859387334
xeb,40,0.5976137097523981
xeb,40,0.5386446760902981
xeb,40,0.6590559673538996
xeb,40,0.6163997367478643
xeb,40,0.551507020392707
xeb,40,0.615095268652307
xeb,40,0.5906022145413252
xeb,40,0.6215740195340674
xeb,40,0.6078825418700944
xeb,40,0.5937523617541116
xeb,40,0.5963989954134874
xeb,40,0.5963989954134874
xeb,40,0.5823326704680076
xeb,40,0.5937523617541116
xeb,40,0.5937523617541116
xeb,40,0.5277035331807011
xeb,40,0.5823326704680076
xeb,40,0.5211077747730571
xeb,40,0.5640768013255559
xeb,40,0.6420451356504011
xeb,40,0.7545693385410907
xeb,40,0.563740587239905
xeb,40,0.7545693385410907
xeb,40,0.6610053197948478
xeb,40,0.5976137097523981
xeb,40,0.710246221000359
xeb,40,0.6215740195340674
xeb,40,0.5211077747730571
xeb,40,0.6420451356504011
xeb,40,0.6076204569192225
xeb,40,0.4828907181407226
xeb,40,0.615095268652307
xeb,40,0.6163997367478643
xeb,40,0.7021520875767638
xeb,40,0.5920446786139995
xeb,40,0.6472735787286417
xeb,40,0.5211077747730571
xeb,40,0.6163997367478643
xeb,40,0.6163997367478643
xeb,40,0.5565450283268262
xeb,40,0.5575615589475006
xeb,40,0.6078825418700944
xeb,40,0.7545693385410907
xeb,40,0.6590559673538996
xeb,40,0.6610053197948478
xeb,40,0.551507020392707
xeb,40,0.4867966335300277
xeb,40,0.691612060738962
xeb,40,0.5780487058854917
xeb,40,0.6435902733316042
xeb,40,0.6349010540837456
xeb,40,0.5694455590849191
xeb,40,0.5640768013255559
xeb,40,0.7068947528696224
xeb,40,0.6428240668163872
xeb,40,0.5937523617541116
xeb,40,0.5575615589475006
xeb,40,0.7021520875767638
xeb,40,0.6484904626883374
xeb,40,0.4867966335300277
xeb,40,0.6553608859387334
xeb,40,0.6076204569192225
xeb,40,0.6163997367478643
xeb,40,0.7455660875713974
xeb,40,0.5442164402516945
xeb,40,0.5882995046431388
xeb,40,0.493051187022968
xeb,40,0.5963989954134874
xeb,40,0.7455660875713974
xeb,40,0.5694455590849191
xeb,40,0.5906022145413252
xeb,40,0.5976137097523981
xeb,40,0.5173715212808725
xeb,40,0.6973589873293444
xeb,40,0.6610053197948478
xeb,40,0.7068947528696224
xeb,40,0.6484904626883374
xeb,40,0.5906022145413252
xeb,40,0.710246221000359
xeb,40,0.6590559673538996
xeb,40,0.5640768013255559
xeb,40,0.6349010540837456
xeb,40,0.5823326704680076
xeb,40,0.5780487058854917
xeb,40,0.7545693385410907
xeb,40,0.5640768013255559
xeb,40,0.5565450283268262
xeb,40,0.5906022145413252
xeb,40,0.5640768013255559
xeb,40,0.5640768013255559
xeb,40,0.6163997367478643
xeb,40,0.493051187022968
xeb,40,0.615095268652307
xeb,40,0.5565450283268262
xeb,40,0.6192800173426769
xeb,40,0.5937523617541116
xeb,40,0.5652346751116473
xeb,40,0.7021520875767638
xeb,40,0.5211077747730571
xeb,40,0.5780487058854917
xeb,40,0.6973589873293444
xeb,40,0.5575615589475006
xeb,40,0.5694455590849191
xeb,40,0.6078825418700944
xeb,40,0.6973589873293444
xeb,40,0.7545693385410907
xeb,40,0.6349010540837456
xeb,40,0.6472735787286417
xeb,40,0.615095268652307
xeb,40,0.5386446760902981
xeb,40,0.5780487058854917
xeb,40,0.6192800173426769
xeb,40,0.6716876167953082
xeb,40,0.6428240668163872
xeb,40,0.5963989954134874
xeb,40,0.7068947528696224
xeb,40,0.4867966335300277
xeb,40,0.493051187022968
xeb,40,0.7455660875713974
xeb,40,0.710246221000359
xeb,40,0.6163997367478643
xeb,40,0.493051187022968
xeb,40,0.6463199446872031
xeb,40,0.6163997367478643
xeb,40,0.6009871896359317
xeb,40,0.5575615589475006
qnn,40,0.6821913999177233
qnn,40,0.6912744265660985
qnn,40,0.6572137608416408
qnn,40,0.6417443696408257
qnn,40,0.5172975384456496
qnn,40,0.6099280915970006
qnn,40,0.4843877945232076
qnn,40,0.6655780393364816
qnn,40,0.6912744265660985
qnn,40,0.6099280915970006
qnn,40,0.6655780393364816
qnn,40,0.6099280915970006
qnn,40,0.603428050872267
qnn,40,0.5172975384456496
qnn,40,0.5987707424065669
qnn,40,0.5826540789653671
qnn,40,0.6328881116758813
qnn,40,0.603745724547187
qnn,40,0.7137675900168622
qnn,40,0.5952823012745571
qnn,40,0.6607592193739363
qnn,40,0.5997277173810251
qnn,40,0.5553490331972293
qnn,40,0.6572137608416408
qnn,40,0.5959047849434148
qnn,40,0.4843877945232076
qnn,40,0.6417443696408257
qnn,40,0.5569712959640124
qnn,40,0.4349496600601757
qnn,40,0.5762752153489376
qnn,40,0.6901680149554098
qnn,40,0.6572137608416408
qnn,40,0.526266690044602
qnn,40,0.6099280915970006
qnn,40,0.4349496600601757
qnn,40,0.5987707424065669
qnn,40,0.4898963699595587
qnn,40,0.5172975384456496
qnn,40,0.5553490331972293
qnn,40,0.6508116819209887
qnn,40,0.5762752153489376
qnn,40,0.5997277173810251
qnn,40,0.4657381285351417
qnn,40,0.5762752153489376
qnn,40,0.6987575537048795
qnn,40,0.6626092302899488
qnn,40,0.6331951680783798
qnn,40,0.6821913999177233
qnn,40,0.4349496600601757
qnn,40,0.526266690044602
qnn,40,0.6328881116758813
qnn,40,0.6417443696408257
qnn,40,0.6216576428993176
qnn,40,0.5569712959640124
qnn,40,0.5691436447750694
qnn,40,0.6655780393364816
qnn,40,0.6184309953401792
qnn,40,0.6655780393364816
qnn,40,0.6328881116758813
qnn,40,0.7137675900168622
qnn,40,0.5569712959640124
qnn,40,0.5316904110198349
qnn,40,0.4349496600601757
qnn,40,0.7137675900168622
qnn,40,0.6508116819209887
qnn,40,0.6572137608416408
qnn,40,0.4843877945232076
qnn,40,0.526266690044602
qnn,40,0.562204630815383
qnn,40,0.5316904110198349
qnn,40,0.6601425022492167
qnn,40,0.5190448733613421
qnn,40,0.600704778636826
qnn,40,0.6655780393364816
qnn,40,0.6655780393364816
qnn,40,0.5938853959050071
qnn,40,0.4349496600601757
qnn,40,0.5987707424065669
qnn,40,0.6004738617945808
qnn,40,0.6655780393364816
qnn,40,0.5543610295542689
qnn,40,0.5584214824672397
qnn,40,0.5190448733613421
qnn,40,0.6004738617945808
qnn,40,0.6912744265660985
qnn,40,0.6508116819209887
qnn,40,0.6184309953401792
qnn,40,0.6099280915970006
qnn,40,0.5826540789653671
qnn,40,0.6655780393364816
qnn,40,0.6572137608416408
qnn,40,0.5569712959640124
qnn,40,0.6328881116758813
qnn,40,0.6331951680783798
qnn,40,0.5938853959050071
qnn,40,0.6323670534714042
qnn,40,0.6821913999177233
qnn,40,0.47780054785626797
qnn,40,0.526266690044602
qnn,40,0.6572137608416408
qnn,40,0.6912744265660985
qnn,40,0.6987575537048795
qnn,40,0.6417443696408257
qnn,40,0.6328881116758813
qnn,40,0.5987707424065669
qnn,40,0.5569712959640124
qnn,40,0.6626092302899488
qnn,40,0.5553490331972293
qnn,40,0.4993561502575617
qnn,40,0.526266690044602
qnn,40,0.600704778636826
qnn,40,0.5553490331972293
qnn,40,0.5553490331972293
qnn,40,0.600704778636826
qnn,40,0.6607592193739363
qnn,40,0.4349496600601757
qnn,40,0.6601425022492167
qnn,40,0.526266690044602
qnn,40,0.6987575537048795
qnn,40,0.5987707424065669
qnn,40,0.5172975384456496
qnn,40,0.7190859940835225
qnn,40,0.7137675900168622
qnn,40,0.6205882230816887
qnn,40,0.6987575537048795
qnn,40,0.6328881116758813
qnn,40,0.4843877945232076
qnn,40,0.603745724547187
qnn,40,0.6572137608416408
qnn,40,0.5826540789653671
qnn,40,0.7137675900168622
qnn,40,0.603428050872267
qnn,40,0.5997277173810251
qnn,40,0.5190448733613421
qnn,40,0.5952823012745571
qnn,40,0.6901680149554098
qnn,40,0.6099280915970006
qnn,40,0.5416784327149204
qnn,40,0.6328881116758813
qnn,40,0.6184309953401792
qnn,40,0.5997277173810251
qnn,40,0.6004738617945808
qnn,40,0.5691436447750694
qnn,40,0.5584214824672397
qnn,40,0.5987707424065669
qnn,40,0.6331951680783798
qnn,40,0.6856030143501493
qnn,40,0.6607592193739363
qnn,40,0.5553490331972293
qnn,40,0.5987707424065669
qnn,40,0.6821913999177233
qnn,40,0.5416784327149204
qnn,40,0.5553490331972293
qnn,40,0.562204630815383
qnn,40,0.6184309953401792
qnn,40,0.6328881116758813
qnn,40,0.6912744265660985
qnn,40,0.5691436447750694
qnn,40,0.4898963699595587
qnn,40,0.5952823012745571
qnn,40,0.4657381285351417
qnn,40,0.4993561502575617
qnn,40,0.6205882230816887
qnn,40,0.5543610295542689
qnn,40,0.5584214824672397
qnn,40,0.4898963699595587
qnn,40,0.5826540789653671
qnn,40,0.5316904110198349
qnn,40,0.6004738617945808
qnn,40,0.4283380627755522
qnn,40,0.4843877945232076
qnn,40,0.5987707424065669
qnn,40,0.4993561502575617
qnn,40,0.6572137608416408
qnn,40,0.5938853959050071
qnn,40,0.6328881116758813
qnn,40,0.6508116819209887
qnn,40,0.6859712407731838
qnn,40,0.6417443696408257
qnn,40,0.4283380627755522
qnn,40,0.4283380627755522
qnn,40,0.6328881116758813
qnn,40,0.5584214824672397
qnn,40,0.5762752153489376
qnn,40,0.5938853959050071
qnn,40,0.4283380627755522
qnn,40,0.6912744265660985
qnn,40,0.6331951680783798
qnn,40,0.6655780393364816
qnn,40,0.6655780393364816
qnn,40,0.5190448733613421
qnn,40,0.603428050872267
qnn,40,0.6607592193739363
qnn,40,0.4349496600601757
qnn,40,0.6205882230816887
qnn,40,0.603428050872267
qnn,40,0.5938853959050071
qnn,40,0.5543610295542689
qnn,40,0.6216576428993176
qnn,40,0.6607592193739363
shor,40,0.6477266785630584
shor,40,0.4974132687201214
shor,40,0.6606577594910196
shor,40,0.5659297232310571
shor,40,0.6670670296900567
shor,40,0.513561163316785
shor,40,0.5566666665370074
shor,40,0.5423261804833529
shor,40,0.5417314189201838
shor,40,0.6670670296900567
shor,40,0.5908483355943582
shor,40,0.6527321828316164
shor,40,0.7587743252616564
shor,40,0.5024921848671227
shor,40,0.7482591045627772
shor,40,0.6639066521302263
shor,40,0.6514498241395725
shor,40,0.6670670296900567
shor,40,0.641431061835521
shor,40,0.6625078328071269
shor,40,0.47501131672518976
shor,40,0.46374685489442447
shor,40,0.641431061835521
shor,40,0.4974132687201214
shor,40,0.6639066521302263
shor,40,0.5024921848671228
shor,40,0.513561163316785
shor,40,0.46374685489442447
shor,40,0.6670670296900567
shor,40,0.513561163316785
shor,40,0.6514498241395725
shor,40,0.6534231089207786
shor,40,0.5024921848671227
shor,40,0.6514498241395725
shor,40,0.5908483355943582
shor,40,0.7462367637819894
shor,40,0.4974132687201214
shor,40,0.6534231089207786
shor,40,0.6606577594910196
shor,40,0.7715148986203857
shor,40,0.6625078328071269
shor,40,0.513561163316785
shor,40,0.6477266785630584
shor,40,0.7430606773183583
shor,40,0.6625078328071269
shor,40,0.5908483355943582
shor,40,0.5904101122905423
shor,40,0.5566666665370074
shor,40,0.6551410126707495
shor,40,0.7829465819168605
shor,40,0.5423261804833529
shor,40,0.5024921848671227
shor,40,0.6321025646306414
shor,40,0.7430606773183583
shor,40,0.7462367637819894
shor,40,0.5024921848671228
shor,40,0.6551410126707495
shor,40,0.5908483355943582
shor,40,0.6457297402720804
shor,40,0.6457297402720804
shor,40,0.6670670296900567
shor,40,0.795327172478243
shor,40,0.48510326534611414
shor,40,0.5024921848671228
shor,40,0.6527321828316164
shor,40,0.5024921848671228
shor,40,0.7715148986203857
shor,40,0.7715148986203857
shor,40,0.7587694550325794
shor,40,0.7482591045627772
shor,40,0.5024921848671228
shor,40,0.6639066521302263
shor,40,0.6321025646306414
shor,40,0.6625078328071269
shor,40,0.7462367637819894
shor,40,0.7829465819168605
shor,40,0.5024921848671228
shor,40,0.5024921848671227
shor,40,0.6527321828316164
shor,40,0.5417314189201838
shor,40,0.6477266785630584
shor,40,0.5904101122905423
shor,40,0.64129230464902
shor,40,0.6639066521302263
shor,40,0.6321025646306414
shor,40,0.7430606773183583
shor,40,0.5659297232310571
shor,40,0.6639066521302263
shor,40,0.4974132687201214
shor,40,0.5417314189201838
shor,40,0.64129230464902
shor,40,0.5908483355943582
shor,40,0.5417314189201838
shor,40,0.5908483355943582
shor,40,0.641431061835521
shor,40,0.6606577594910196
shor,40,0.6527321828316164
shor,40,0.4974132687201214
shor,40,0.6477266785630584
shor,40,0.7482591045627772
shor,40,0.5417314189201838
shor,40,0.5423261804833529
shor,40,0.6297664479029683
shor,40,0.6297664479029683
shor,40,0.6551410126707495
shor,40,0.7715148986203857
shor,40,0.6606577594910196
shor,40,0.5507229107520568
shor,40,0.5566666665370074
shor,40,0.6670670296900567
shor,40,0.5024921848671227
shor,40,0.5507229107520568
shor,40,0.641431061835521
shor,40,0.6297664479029683
shor,40,0.641431061835521
shor,40,0.4974132687201214
shor,40,0.5024921848671227
shor,40,0.6606577594910196
shor,40,0.6514498241395725
shor,40,0.47501131672518976
shor,40,0.47501131672518976
shor,40,0.5507229107520568
shor,40,0.46374685489442447
shor,40,0.7715148986203857
shor,40,0.513561163316785
shor,40,0.6639066521302263
shor,40,0.5908483355943582
shor,40,0.5659297232310571
shor,40,0.6551410126707495
shor,40,0.5024921848671228
shor,40,0.6514498241395725
shor,40,0.48510326534611414
shor,40,0.6297664479029683
shor,40,0.48510326534611414
shor,40,0.5904101122905423
shor,40,0.48510326534611414
shor,40,0.641431061835521
shor,40,0.4974132687201214
shor,40,0.7715148986203857
shor,40,0.5423261804833529
shor,40,0.7462367637819894
shor,40,0.4974132687201214
shor,40,0.6534231089207786
shor,40,0.5566666665370074
shor,40,0.7430606773183583
shor,40,0.47501131672518976
shor,40,0.5417314189201838
shor,40,0.6527321828316164
shor,40,0.5659297232310571
shor,40,0.513561163316785
shor,40,0.5024921848671227
shor,40,0.641431061835521
shor,40,0.5024921848671227
shor,40,0.513561163316785
shor,40,0.5908483355943582
shor,40,0.6737520534805632
shor,40,0.5904101122905423
shor,40,0.7587743252616564
shor,40,0.6551410126707495
shor,40,0.5024921848671228
shor,40,0.5024921848671228
shor,40,0.5566666665370074
shor,40,0.7587743252616564
shor,40,0.5659297232310571
shor,40,0.4974132687201214
shor,40,0.4974132687201214
shor,40,0.7587743252616564
shor,40,0.795327172478243
shor,40,0.6737520534805632
shor,40,0.6625078328071269
shor,40,0.6551410126707495
shor,40,0.46374685489442447
shor,40,0.6321025646306414
shor,40,0.5659297232310571
shor,40,0.46374685489442447
shor,40,0.7482591045627772
shor,40,0.6321025646306414
shor,40,0.7587743252616564
shor,40,0.7715148986203857
shor,40,0.5024921848671228
shor,40,0.5659297232310571
shor,40,0.5566666665370074
shor,40,0.5423261804833529
shor,40,0.5417314189201838
shor,40,0.6514498241395725
shor,40,0.6625078328071269
shor,40,0.6514498241395725
shor,40,0.7462367637819894
shor,40,0.46374685489442447
shor,40,0.6625078328071269
shor,40,0.6477266785630584
shor,40,0.7587694550325794
shor,40,0.5659297232310571
shor,40,0.7587694550325794
shor,40,0.6412923046490197
shor,40,0.5908483355943582
shor,40,0.7587743252616564
shor,40,0.6534231089207786
shor,40,0.6670670296900567
shor,40,0.6670670296900567
qec,40,0.7816750241645268
qec,40,0.6572541454845027
qec,40,0.6572541454845027
qec,40,0.629499141680705
qec,40,0.629499141680705
qec,40,0.629499141680705
qec,40,0.6718635180621912
qec,40,0.7816750241645268
qec,40,0.6572541454845027
qec,40,0.629499141680705
qec,40,0.629499141680705
qec,40,0.5762255610618368
qec,40,0.629499141680705
qec,40,0.6572541454845027
qec,40,0.6718635180621912
qec,40,0.6418451508734698
qec,40,0.6718635180621912
qec,40,0.6718635180621912
qec,40,0.629499141680705
qec,40,0.5762255610618368
qec,40,0.6718635180621912
qec,40,0.5762255610618368
qec,40,0.6572541454845027
qec,40,0.5762255610618368
qec,40,0.6418451508734698
qec,40,0.7816750241645268
qec,40,0.7816750241645268
qec,40,0.629499141680705
qec,40,0.6718635180621912
qec,40,0.6718635180621912
qec,40,0.6718635180621912
qec,40,0.7816750241645268
qec,40,0.5762255610618368
qec,40,0.6572541454845027
qec,40,0.6418451508734698
qec,40,0.6418451508734698
qec,40,0.7816750241645268
qec,40,0.6718635180621912
qec,40,0.5762255610618368
qec,40,0.6718635180621912
qec,40,0.7816750241645268
qec,40,0.629499141680705
qec,40,0.6718635180621912
qec,40,0.6418451508734698
qec,40,0.6718635180621912
qec,40,0.6718635180621912
qec,40,0.6572541454845027
qec,40,0.6718635180621912
qec,40,0.6418451508734698
qec,40,0.6418451508734698
qec,40,0.629499141680705
qec,40,0.5762255610618368
qec,40,0.629499141680705
qec,40,0.6718635180621912
qec,40,0.5762255610618368
qec,40,0.6572541454845027
qec,40,0.6718635180621912
qec,40,0.6572541454845027
qec,40,0.6418451508734698
qec,40,0.6572541454845027
qec,40,0.5762255610618368
qec,40,0.6418451508734698
qec,40,0.7816750241645268
qec,40,0.7816750241645268
qec,40,0.6718635180621912
qec,40,0.6718635180621912
qec,40,0.6718635180621912
qec,40,0.6572541454845027
qec,40,0.7816750241645268
qec,40,0.6572541454845027
qec,40,0.6418451508734698
qec,40,0.7816750241645268
qec,40,0.6718635180621912
qec,40,0.7816750241645268
qec,40,0.629499141680705
qec,40,0.5762255610618368
qec,40,0.6572541454845027
qec,40,0.7816750241645268
qec,40,0.5762255610618368
qec,40,0.6572541454845027
qec,40,0.5762255610618368
qec,40,0.5762255610618368
qec,40,0.7816750241645268
qec,40,0.629499141680705
qec,40,0.6572541454845027
qec,40,0.629499141680705
qec,40,0.6718635180621912
qec,40,0.5762255610618368
qec,40,0.6718635180621912
qec,40,0.7816750241645268
qec,40,0.6418451508734698
qec,40,0.6718635180621912
qec,40,0.6572541454845027
qec,40,0.6718635180621912
qec,40,0.5762255610618368
qec,40,0.6718635180621912
qec,40,0.5762255610618368
qec,40,0.6718635180621912
qec,40,0.6572541454845027
qec,40,0.6718635180621912
qec,40,0.6718635180621912
qec,40,0.7816750241645268
qec,40,0.6418451508734698
qec,40,0.6418451508734698
qec,40,0.6418451508734698
qec,40,0.7816750241645268
qec,40,0.6418451508734698
qec,40,0.629499141680705
qec,40,0.6572541454845027
qec,40,0.6718635180621912
qec,40,0.6718635180621912
qec,40,0.6418451508734698
qec,40,0.6418451508734698
qec,40,0.7816750241645268
qec,40,0.6418451508734698
qec,40,0.5762255610618368
qec,40,0.629499141680705
qec,40,0.6718635180621912
qec,40,0.5762255610618368
qec,40,0.629499141680705
qec,40,0.6718635180621912
qec,40,0.6572541454845027
qec,40,0.6718635180621912
qec,40,0.5762255610618368
qec,40,0.6418451508734698
qec,40,0.6418451508734698
qec,40,0.6572541454845027
qec,40,0.6418451508734698
qec,40,0.7816750241645268
qec,40,0.7816750241645268
qec,40,0.6718635180621912
qec,40,0.6718635180621912
qec,40,0.629499141680705
qec,40,0.7816750241645268
qec,40,0.6418451508734698
qec,40,0.6718635180621912
qec,40,0.6718635180621912
qec,40,0.5762255610618368
qec,40,0.6718635180621912
qec,40,0.5762255610618368
qec,40,0.6718635180621912
qec,40,0.5762255610618368
qec,40,0.6718635180621912
qec,40,0.6718635180621912
qec,40,0.7816750241645268
qec,40,0.5762255610618368
qec,40,0.6418451508734698
qec,40,0.7816750241645268
qec,40,0.6718635180621912
qec,40,0.7816750241645268
qec,40,0.5762255610618368
qec,40,0.6718635180621912
qec,40,0.6718635180621912
qec,40,0.6418451508734698
qec,40,0.6718635180621912
qec,40,0.6718635180621912
qec,40,0.6718635180621912
qec,40,0.629499141680705
qec,40,0.6418451508734698
qec,40,0.6418451508734698
qec,40,0.629499141680705
qec,40,0.6718635180621912
qec,40,0.5762255610618368
qec,40,0.5762255610618368
qec,40,0.7816750241645268
qec,40,0.6418451508734698
qec,40,0.7816750241645268
qec,40,0.6718635180621912
qec,40,0.6718635180621912
qec,40,0.629499141680705
qec,40,0.6572541454845027
qec,40,0.6718635180621912
qec,40,0.6718635180621912
qec,40,0.6718635180621912
qec,40,0.6718635180621912
qec,40,0.7816750241645268
qec,40,0.6718635180621912
qec,40,0.6718635180621912
qec,40,0.7816750241645268
qec,40,0.6418451508734698
qec,40,0.7816750241645268
qec,40,0.7816750241645268
qec,40,0.6718635180621912
qec,40,0.6572541454845027
qec,40,0.6572541454845027
qec,40,0.629499141680705
qec,40,0.6418451508734698
qec,40,0.7816750241645268
qec,40,0.629499141680705
qec,40,0.6718635180621912
qec,40,0.629499141680705
qec,40,0.6718635180621912
qec,40,0.6718635180621912
qec,40,0.629499141680705
qec,40,0.629499141680705
qec,40,0.6718635180621912
qec,40,0.6718635180621912
qec,40,0.6572541454845027
qec,40,0.7816750241645268
qec,40,0.629499141680705
xeb,42,0.64988847217758
xeb,42,0.64988847217758
xeb,42,0.714223750074162
xeb,42,0.6680164625646718
xeb,42,0.7038705553983976
xeb,42,0.7039240399751518
xeb,42,0.6973024212851914
xeb,42,0.6670987130597236
xeb,42,0.7080765304098973
xeb,42,0.7080765304098973
xeb,42,0.7047156780882177
xeb,42,0.6127484661878561
xeb,42,0.7038705553983976
xeb,42,0.5607714869771272
xeb,42,0.6127484661878561
xeb,42,0.5832159406522511
xeb,42,0.6083559302728491
xeb,42,0.6465386174839195
xeb,42,0.701135253654243
xeb,42,0.6127484661878561
xeb,42,0.6768275204693145
xeb,42,0.5872993640843308
xeb,42,0.7038705553983976
xeb,42,0.5826959015637614
xeb,42,0.5426746699247434
xeb,42,0.6218907218894868
xeb,42,0.6332964793343897
xeb,42,0.5826959015637614
xeb,42,0.7190957144245949
xeb,42,0.7047156780882177
xeb,42,0.5507295513448027
xeb,42,0.7090548156234293
xeb,42,0.6127484661878561
xeb,42,0.5557455936781369
xeb,42,0.6012420624540956
xeb,42,0.7190957144245949
xeb,42,0.6694954654781679
xeb,42,0.6985998618502667
xeb,42,0.6693232866602788
xeb,42,0.64988847217758
xeb,42,0.7175070188613525
xeb,42,0.7340529340882836
xeb,42,0.6677400689335306
xeb,42,0.6083559302728491
xeb,42,0.7340529340882836
xeb,42,0.6768275204693145
xeb,42,0.701135253654243
xeb,42,0.6127484661878561
xeb,42,0.5557455936781369
xeb,42,0.6318636255359663
xeb,42,0.6768275204693145
xeb,42,0.6680164625646718
xeb,42,0.5832159406522511
xeb,42,0.5832159406522511
xeb,42,0.6670987130597236
xeb,42,0.6012420624540956
xeb,42,0.5872993640843308
xeb,42,0.5607714869771272
xeb,42,0.6778916440671879
xeb,42,0.6083559302728491
xeb,42,0.6677400689335306
xeb,42,0.5620251771061462
xeb,42,0.6670987130597236
xeb,42,0.5872993640843308
xeb,42,0.5832159406522511
xeb,42,0.7090548156234293
xeb,42,0.7047156780882177
xeb,42,0.6415750316620726
xeb,42,0.7080765304098973
xeb,42,0.64988847217758
xeb,42,0.7080765304098973
xeb,42,0.701135253654243
xeb,42,0.6392311839711246
xeb,42,0.5607714869771272
xeb,42,0.6693232866602788
xeb,42,0.6778916440671879
xeb,42,0.6778916440671879
xeb,42,0.7086933850946567
xeb,42,0.7340529340882836
xeb,42,0.7038705553983976
xeb,42,0.6768275204693145
xeb,42,0.598197872094025
xeb,42,0.7038705553983976
xeb,42,0.7175070188613525
xeb,42,0.5675400321623987
xeb,42,0.6670987130597236
xeb,42,0.6693232866602788
xeb,42,0.6671047772593035
xeb,42,0.5832159406522511
xeb,42,0.6973024212851914
xeb,42,0.6693232866602788
xeb,42,0.6595842071243893
xeb,42,0.6318636255359663
xeb,42,0.6609777872725077
xeb,42,0.6973024212851914
xeb,42,0.6506326471628392
xeb,42,0.714223750074162
xeb,42,0.6778916440671879
xeb,42,0.6392311839711246
xeb,42,0.6127484661878561
xeb,42,0.5826959015637614
xeb,42,0.6012420624540956
xeb,42,0.6465386174839195
xeb,42,0.6962468930962976
xeb,42,0.6677400689335306
xeb,42,0.6413885171981449
xeb,42,0.7047156780882177
xeb,42,0.6595842071243893
xeb,42,0.6985998618502667
xeb,42,0.5872993640843308
xeb,42,0.6973024212851914
xeb,42,0.6083559302728491
xeb,42,0.7038705553983976
xeb,42,0.6218907218894868
xeb,42,0.6218907218894868
xeb,42,0.6332964793343897
xeb,42,0.6962468930962976
xeb,42,0.7086933850946567
xeb,42,0.7038705553983976
xeb,42,0.5607714869771272
xeb,42,0.6609777872725077
xeb,42,0.7080765304098973
xeb,42,0.7039240399751518
xeb,42,0.6973024212851914
xeb,42,0.6332964793343897
xeb,42,0.7039240399751518
xeb,42,0.5426746699247434
xeb,42,0.6693232866602788
xeb,42,0.6671047772593035
xeb,42,0.7047156780882177
xeb,42,0.6465386174839195
xeb,42,0.7090548156234293
xeb,42,0.598197872094025
xeb,42,0.6778916440671879
xeb,42,0.5426746699247434
xeb,42,0.6392311839711246
xeb,42,0.7090548156234293
xeb,42,0.6251356990559507
xeb,42,0.7038705553983976
xeb,42,0.6962468930962976
xeb,42,0.6218907218894868
xeb,42,0.598197872094025
xeb,42,0.5675400321623987
xeb,42,0.5675400321623987
xeb,42,0.7038705553983976
xeb,42,0.7039240399751518
xeb,42,0.6609777872725077
xeb,42,0.5832159406522511
xeb,42,0.5872993640843308
xeb,42,0.6332964793343897
xeb,42,0.5826959015637614
xeb,42,0.5426746699247434
xeb,42,0.64988847217758
xeb,42,0.7086933850946567
xeb,42,0.6677400689335306
xeb,42,0.7047156780882177
xeb,42,0.6012420624540956
xeb,42,0.6609777872725077
xeb,42,0.5426746699247434
xeb,42,0.598197872094025
xeb,42,0.5620251771061462
xeb,42,0.5507295513448027
xeb,42,0.6694954654781679
xeb,42,0.6778916440671879
xeb,42,0.6985998618502667
xeb,42,0.7039240399751518
xeb,42,0.5620251771061462
xeb,42,0.5507295513448027
xeb,42,0.6332964793343897
xeb,42,0.6251356990559507
xeb,42,0.6693232866602788
xeb,42,0.6012420624540956
xeb,42,0.6413885171981449
xeb,42,0.6127484661878561
xeb,42,0.7090548156234293
xeb,42,0.6318636255359663
xeb,42,0.6415750316620726
xeb,42,0.6413885171981449
xeb,42,0.5872993640843308
xeb,42,0.714223750074162
xeb,42,0.5426746699247434
xeb,42,0.6012420624540956
xeb,42,0.6332964793343897
xeb,42,0.6680164625646718
xeb,42,0.5426746699247434
xeb,42,0.6670987130597236
xeb,42,0.6465386174839195
xeb,42,0.701135253654243
xeb,42,0.6083559302728491
xeb,42,0.6609777872725077
xeb,42,0.6693232866602788
xeb,42,0.5826959015637614
xeb,42,0.5507295513448027
xeb,42,0.6962468930962976
xeb,42,0.6127484661878561
xeb,42,0.7080765304098973
xeb,42,0.7340529340882836
xeb,42,0.7663557199496425
xeb,42,0.7038705553983976
xeb,42,0.5620251771061462
qnn,42,0.6937567025818796
qnn,42,0.5593825281683561
qnn,42,0.5758836985660835
qnn,42,0.5544348058543156
qnn,42,0.6528048339598809
qnn,42,0.7043934666447761
qnn,42,0.6787012673915707
qnn,42,0.6787012673915707
qnn,42,0.5401552958751136
qnn,42,0.6562926278396543
qnn,42,0.617061974764743
qnn,42,0.7394564033926602
qnn,42,0.6239793555541833
qnn,42,0.6864241568710132
qnn,42,0.5500204634793476
qnn,42,0.7240285344644161
qnn,42,0.6289854909812002
qnn,42,0.6732788565841376
qnn,42,0.6787012673915707
qnn,42,0.6360440946630515
qnn,42,0.5593825281683561
qnn,42,0.6904999016792223
qnn,42,0.6135403109339218
qnn,42,0.6938094681988555
qnn,42,0.5903201133197229
qnn,42,0.6491933256259087
qnn,42,0.6289854909812002
qnn,42,0.5593825281683561
qnn,42,0.5976981655081748
qnn,42,0.7240285344644161
qnn,42,0.6801295126510563
qnn,42,0.5758836985660835
qnn,42,0.7292134664381211
qnn,42,0.6904999016792223
qnn,42,0.6484436354218109
qnn,42,0.6864241568710132
qnn,42,0.5976981655081748
qnn,42,0.6703735655222656
qnn,42,0.6248140424143613
qnn,42,0.6861250981674751
qnn,42,0.5544348058543156
qnn,42,0.6239793555541833
qnn,42,0.6137323334109317
qnn,42,0.6491933256259087
qnn,42,0.6248140424143613
qnn,42,0.597495458337203
qnn,42,0.621698412084713
qnn,42,0.7394564033926602
qnn,42,0.5544348058543156
qnn,42,0.6360440946630515
qnn,42,0.5500204634793476
qnn,42,0.6593378816272429
qnn,42,0.6491933256259087
qnn,42,0.6937567025818796
qnn,42,0.5544348058543156
qnn,42,0.5593825281683561
qnn,42,0.6938094681988555
qnn,42,0.7043934666447761
qnn,42,0.6562926278396543
qnn,42,0.662992175276528
qnn,42,0.7238214057270161
qnn,42,0.6239793555541833
qnn,42,0.7056757495799428
qnn,42,0.6861250981674751
qnn,42,0.5903201133197229
qnn,42,0.6607492875084096
qnn,42,0.621586802627332
qnn,42,0.6593378816272429
qnn,42,0.6289854909812002
qnn,42,0.621586802627332
qnn,42,0.5500204634793476
qnn,42,0.6289854909812002
qnn,42,0.6661027411508079
qnn,42,0.5544348058543156
qnn,42,0.6661027411508079
qnn,42,0.6000709848966532
qnn,42,0.6937567025818796
qnn,42,0.7292134664381211
qnn,42,0.5000199507891738
qnn,42,0.7056757495799428
qnn,42,0.7292134664381211
qnn,42,0.6801295126510563
qnn,42,0.7394564033926602
qnn,42,0.621586802627332
qnn,42,0.6732788565841376
qnn,42,0.5351400344403022
qnn,42,0.662992175276528
qnn,42,0.6593378816272429
qnn,42,0.6732788565841376
qnn,42,0.7043934666447761
qnn,42,0.6861250981674751
qnn,42,0.696515320617857
qnn,42,0.5976981655081748
qnn,42,0.6360440946630515
qnn,42,0.6360440946630515
qnn,42,0.5401552958751136
qnn,42,0.604470668958544
qnn,42,0.6146020796688285
qnn,42,0.7539373149983185
qnn,42,0.6562926278396543
qnn,42,0.6703735655222656
qnn,42,0.6239793555541833
qnn,42,0.5921603479173301
qnn,42,0.6562926278396543
qnn,42,0.6146020796688285
qnn,42,0.6593378816272429
qnn,42,0.5351400344403022
qnn,42,0.604470668958544
qnn,42,0.6732788565841376
qnn,42,0.6703735655222656
qnn,42,0.597495458337203
qnn,42,0.7056757495799428
qnn,42,0.7043934666447761
qnn,42,0.6484436354218109
qnn,42,0.5592816867097542
qnn,42,0.6787012673915707
qnn,42,0.6661027411508079
qnn,42,0.5401552958751136
qnn,42,0.5351400344403022
qnn,42,0.6703735655222656
qnn,42,0.5976981655081748
qnn,42,0.7240285344644161
qnn,42,0.696515320617857
qnn,42,0.6787012673915707
qnn,42,0.5592816867097542
qnn,42,0.6248140424143613
qnn,42,0.5758836985660835
qnn,42,0.5043295241499595
qnn,42,0.6532801559730718
qnn,42,0.6703735655222656
qnn,42,0.5351400344403022
qnn,42,0.5903201133197229
qnn,42,0.5903201133197229
qnn,42,0.6248140424143613
qnn,42,0.5593825281683561
qnn,42,0.5903201133197229
qnn,42,0.7240285344644161
qnn,42,0.6528048339598809
qnn,42,0.5758836985660835
qnn,42,0.6661027411508079
qnn,42,0.5758836985660835
qnn,42,0.6732788565841376
qnn,42,0.6491933256259087
qnn,42,0.7539373149983185
qnn,42,0.696515320617857
qnn,42,0.5500204634793476
qnn,42,0.6938094681988555
qnn,42,0.5500204634793476
qnn,42,0.6904999016792223
qnn,42,0.5921603479173301
qnn,42,0.662992175276528
qnn,42,0.5903201133197229
qnn,42,0.6135403109339218
qnn,42,0.6703735655222656
qnn,42,0.7292134664381211
qnn,42,0.6861250981674751
qnn,42,0.6703735655222656
qnn,42,0.7394564033926602
qnn,42,0.6146020796688285
qnn,42,0.6607492875084096
qnn,42,0.621586802627332
qnn,42,0.621586802627332
qnn,42,0.621586802627332
qnn,42,0.6000709848966532
qnn,42,0.604470668958544
qnn,42,0.5500204634793476
qnn,42,0.597495458337203
qnn,42,0.7238214057270161
qnn,42,0.7056757495799428
qnn,42,0.6703735655222656
qnn,42,0.6484436354218109
qnn,42,0.6000709848966532
qnn,42,0.5592816867097542
qnn,42,0.6491933256259087
qnn,42,0.6904999016792223
qnn,42,0.6135403109339218
qnn,42,0.7238214057270161
qnn,42,0.6904999016792223
qnn,42,0.6593378816272429
qnn,42,0.6528048339598809
qnn,42,0.6491933256259087
qnn,42,0.5921603479173301
qnn,42,0.5500204634793476
qnn,42,0.6146020796688285
qnn,42,0.617061974764743
qnn,42,0.7292134664381211
qnn,42,0.5903201133197229
qnn,42,0.617061974764743
qnn,42,0.5593825281683561
qnn,42,0.621698412084713
qnn,42,0.6593378816272429
qnn,42,0.7539373149983185
qnn,42,0.6239793555541833
qnn,42,0.7292134664381211
qnn,42,0.6937567025818796
qnn,42,0.7292134664381211
qnn,42,0.6938094681988555
qnn,42,0.6661027411508079
qnn,42,0.7043934666447761
qnn,42,0.6289854909812002
shor,42,0.5147603275244541
shor,42,0.5547506825066505
shor,42,0.6684734446698241
shor,42,0.6586304516718451
shor,42,0.6620277263591581
shor,42,0.664426670797492
shor,42,0.6649361025801455
shor,42,0.7706371388445536
shor,42,0.6070741377847261
shor,42,0.6586304516718452
shor,42,0.6085894667191435
shor,42,0.5190848495861494
shor,42,0.6660375491328394
shor,42,0.6620277263591581
shor,42,0.7529811456557259
shor,42,0.6563739352161405
shor,42,0.6792808773026279
shor,42,0.6145274912083835
shor,42,0.6070741377847261
shor,42,0.7568536860911155
shor,42,0.5190848495861494
shor,42,0.6955670821058096
shor,42,0.6885321245040176
shor,42,0.6660375491328394
shor,42,0.7726754355922507
shor,42,0.6009078545405826
shor,42,0.6955670821058096
shor,42,0.49528050010633967
shor,42,0.661700576089832
shor,42,0.6649361025801455
shor,42,0.6893135893400218
shor,42,0.7594912089110671
shor,42,0.6587227981818999
shor,42,0.5279107263552407
shor,42,0.6070741377847261
shor,42,0.6891299111500448
shor,42,0.49528050010633967
shor,42,0.5547506825066505
shor,42,0.661700576089832
shor,42,0.6085894667191435
shor,42,0.6620277263591581
shor,42,0.7594912089110671
shor,42,0.6102682418299223
shor,42,0.6660375491328394
shor,42,0.5190848495861493
shor,42,0.6587227981818999
shor,42,0.5279107263552407
shor,42,0.664426670797492
shor,42,0.6620277263591581
shor,42,0.6145274912083835
shor,42,0.6867981473014858
shor,42,0.6009078545405826
shor,42,0.7568536860911155
shor,42,0.661700576089832
shor,42,0.5190848495861493
shor,42,0.7706371388445536
shor,42,0.661700576089832
shor,42,0.6893135893400218
shor,42,0.6893135893400218
shor,42,0.6085894667191435
shor,42,0.5970572370761268
shor,42,0.6792808773026279
shor,42,0.5970572370761268
shor,42,0.7609694683278303
shor,42,0.6660375491328394
shor,42,0.8050751672753607
shor,42,0.6070741377847261
shor,42,0.6586304516718452
shor,42,0.8050751672753607
shor,42,0.6893135893400218
shor,42,0.7706371388445536
shor,42,0.6009078545405826
shor,42,0.6587227981818999
shor,42,0.6620277263591581
shor,42,0.6891299111500448
shor,42,0.7529811456557259
shor,42,0.6649361025801455
shor,42,0.7914750712875591
shor,42,0.661700576089832
shor,42,0.6684734446698241
shor,42,0.6684734446698241
shor,42,0.5147603275244541
shor,42,0.5246877102390116
shor,42,0.6563739352161405
shor,42,0.6885321245040176
shor,42,0.7568536860911155
shor,42,0.6955670821058096
shor,42,0.7609694683278303
shor,42,0.6085894667191435
shor,42,0.5970572370761268
shor,42,0.7914750712875591
shor,42,0.6660375491328394
shor,42,0.5970572370761268
shor,42,0.7726754355922507
shor,42,0.5190848495861493
shor,42,0.6563739352161405
shor,42,0.7914750712875591
shor,42,0.5190848495861493
shor,42,0.6684734446698241
shor,42,0.6620277263591581
shor,42,0.6893135893400218
shor,42,0.5190848495861494
shor,42,0.7726754355922507
shor,42,0.6009078545405826
shor,42,0.7609694683278303
shor,42,0.6885321245040176
shor,42,0.6085894667191435
shor,42,0.661700576089832
shor,42,0.5190848495861496
shor,42,0.5547506825066505
shor,42,0.6620277263591581
shor,42,0.8050751672753607
shor,42,0.6586304516718452
shor,42,0.664426670797492
shor,42,0.8050751672753607
shor,42,0.6145274912083835
shor,42,0.6563739352161405
shor,42,0.6586304516718452
shor,42,0.6893135893400218
shor,42,0.6070741377847261
shor,42,0.5246877102390116
shor,42,0.6649361025801455
shor,42,0.6885321245040176
shor,42,0.6893135893400218
shor,42,0.7914750712875591
shor,42,0.6792808773026279
shor,42,0.6649361025801455
shor,42,0.5431701456033836
shor,42,0.6955670821058096
shor,42,0.6620277263591581
shor,42,0.6586304516718452
shor,42,0.6145274912083835
shor,42,0.5279107263552407
shor,42,0.5147603275244541
shor,42,0.5147603275244541
shor,42,0.6684734446698241
shor,42,0.5190848495861493
shor,42,0.6891299111500448
shor,42,0.6586304516718451
shor,42,0.6009078545405826
shor,42,0.6891299111500448
shor,42,0.6955670821058096
shor,42,0.6620277263591581
shor,42,0.8050751672753607
shor,42,0.6586304516718452
shor,42,0.5547506825066505
shor,42,0.8050751672753607
shor,42,0.6085894667191435
shor,42,0.7529811456557259
shor,42,0.5190848495861494
shor,42,0.49528050010633967
shor,42,0.5190848495861494
shor,42,0.6649361025801455
shor,42,0.5246877102390116
shor,42,0.6684734446698241
shor,42,0.5246877102390116
shor,42,0.6102682418299223
shor,42,0.7609694683278303
shor,42,0.6586304516718451
shor,42,0.7568536860911155
shor,42,0.6885321245040176
shor,42,0.7609694683278303
shor,42,0.7594912089110671
shor,42,0.6102682418299223
shor,42,0.5246877102390116
shor,42,0.5246877102390116
shor,42,0.6891299111500448
shor,42,0.5246877102390116
shor,42,0.7568536860911155
shor,42,0.6893135893400218
shor,42,0.5246877102390116
shor,42,0.5190848495861494
shor,42,0.6620277263591581
shor,42,0.6620277263591581
shor,42,0.7726754355922507
shor,42,0.7726754355922507
shor,42,0.6891299111500448
shor,42,0.7568536860911155
shor,42,0.6660375491328394
shor,42,0.5279107263552407
shor,42,0.6102682418299223
shor,42,0.664426670797492
shor,42,0.6009078545405826
shor,42,0.5547506825066505
shor,42,0.5246877102390116
shor,42,0.5147603275244541
shor,42,0.6586304516718451
shor,42,0.6586304516718451
shor,42,0.6586304516718451
shor,42,0.6867981473014858
shor,42,0.5190848495861493
shor,42,0.6891299111500448
shor,42,0.7726754355922507
shor,42,0.6893135893400218
shor,42,0.7594912089110671
shor,42,0.7914750712875591
shor,42,0.5190848495861494
shor,42,0.6649361025801455
shor,42,0.6660375491328394
shor,42,0.6563739352161405
qec,42,0.8040511951661493
qec,42,0.7124499604108255
qec,42,0.7124499604108255
qec,42,0.7124499604108255
qec,42,0.6617814243909316
qec,42,0.6344718651294808
qec,42,0.6344718651294808
qec,42,0.7124499604108255
qec,42,0.6617814243909316
qec,42,0.6344718651294808
qec,42,0.6609282753583091
qec,42,0.7124499604108255
qec,42,0.7124499604108255
qec,42,0.6523336230297979
qec,42,0.7124499604108255
qec,42,0.6523336230297979
qec,42,0.6617814243909316
qec,42,0.6609282753583091
qec,42,0.6609282753583091
qec,42,0.7124499604108255
qec,42,0.7124499604108255
qec,42,0.6344718651294808
qec,42,0.6344718651294808
qec,42,0.7124499604108255
qec,42,0.6344718651294808
qec,42,0.6609282753583091
qec,42,0.7124499604108255
qec,42,0.8040511951661493
qec,42,0.6523336230297979
qec,42,0.6344718651294808
qec,42,0.6523336230297979
qec,42,0.7124499604108255
qec,42,0.6523336230297979
qec,42,0.6344718651294808
qec,42,0.8040511951661493
qec,42,0.6344718651294808
qec,42,0.6344718651294808
qec,42,0.6609282753583091
qec,42,0.7124499604108255
qec,42,0.6617814243909316
qec,42,0.6344718651294808
qec,42,0.7124499604108255
qec,42,0.6617814243909316
qec,42,0.6344718651294808
qec,42,0.7124499604108255
qec,42,0.7124499604108255
qec,42,0.6617814243909316
qec,42,0.6617814243909316
qec,42,0.6523336230297979
qec,42,0.8040511951661493
qec,42,0.7124499604108255
qec,42,0.6617814243909316
qec,42,0.6609282753583091
qec,42,0.7124499604108255
qec,42,0.6344718651294808
qec,42,0.8040511951661493
qec,42,0.6617814243909316
qec,42,0.6617814243909316
qec,42,0.8040511951661493
qec,42,0.6523336230297979
qec,42,0.7124499604108255
qec,42,0.6344718651294808
qec,42,0.8040511951661493
qec,42,0.7124499604108255
qec,42,0.7124499604108255
qec,42,0.6523336230297979
qec,42,0.8040511951661493
qec,42,0.6617814243909316
qec,42,0.6617814243909316
qec,42,0.6344718651294808
qec,42,0.7124499604108255
qec,42,0.6344718651294808
qec,42,0.6344718651294808
qec,42,0.7124499604108255
qec,42,0.8040511951661493
qec,42,0.6609282753583091
qec,42,0.7124499604108255
qec,42,0.7124499604108255
qec,42,0.6609282753583091
qec,42,0.6344718651294808
qec,42,0.6617814243909316
qec,42,0.6344718651294808
qec,42,0.6344718651294808
qec,42,0.6344718651294808
qec,42,0.6344718651294808
qec,42,0.7124499604108255
qec,42,0.7124499604108255
qec,42,0.6344718651294808
qec,42,0.6617814243909316
qec,42,0.6523336230297979
qec,42,0.8040511951661493
qec,42,0.6523336230297979
qec,42,0.6523336230297979
qec,42,0.7124499604108255
qec,42,0.8040511951661493
qec,42,0.6344718651294808
qec,42,0.7124499604108255
qec,42,0.6344718651294808
qec,42,0.6523336230297979
qec,42,0.7124499604108255
qec,42,0.6609282753583091
qec,42,0.6344718651294808
qec,42,0.7124499604108255
qec,42,0.7124499604108255
qec,42,0.8040511951661493
qec,42,0.6344718651294808
qec,42,0.6609282753583091
qec,42,0.6609282753583091
qec,42,0.7124499604108255
qec,42,0.6617814243909316
qec,42,0.6617814243909316
qec,42,0.6609282753583091
qec,42,0.6344718651294808
qec,42,0.6344718651294808
qec,42,0.7124499604108255
qec,42,0.7124499604108255
qec,42,0.6344718651294808
qec,42,0.6344718651294808
qec,42,0.7124499604108255
qec,42,0.6609282753583091
qec,42,0.6617814243909316
qec,42,0.6609282753583091
qec,42,0.6344718651294808
qec,42,0.6523336230297979
qec,42,0.6344718651294808
qec,42,0.7124499604108255
qec,42,0.6344718651294808
qec,42,0.7124499604108255
qec,42,0.8040511951661493
qec,42,0.6344718651294808
qec,42,0.6609282753583091
qec,42,0.6523336230297979
qec,42,0.6617814243909316
qec,42,0.8040511951661493
qec,42,0.6609282753583091
qec,42,0.6609282753583091
qec,42,0.6617814243909316
qec,42,0.7124499604108255
qec,42,0.7124499604108255
qec,42,0.6609282753583091
qec,42,0.6523336230297979
qec,42,0.7124499604108255
qec,42,0.8040511951661493
qec,42,0.7124499604108255
qec,42,0.7124499604108255
qec,42,0.8040511951661493
qec,42,0.6609282753583091
qec,42,0.6617814243909316
qec,42,0.7124499604108255
qec,42,0.7124499604108255
qec,42,0.7124499604108255
qec,42,0.6609282753583091
qec,42,0.7124499604108255
qec,42,0.6617814243909316
qec,42,0.6609282753583091
qec,42,0.6609282753583091
qec,42,0.6617814243909316
qec,42,0.7124499604108255
qec,42,0.6617814243909316
qec,42,0.6523336230297979
qec,42,0.6609282753583091
qec,42,0.6617814243909316
qec,42,0.6344718651294808
qec,42,0.6344718651294808
qec,42,0.6523336230297979
qec,42,0.8040511951661493
qec,42,0.7124499604108255
qec,42,0.7124499604108255
qec,42,0.8040511951661493
qec,42,0.6344718651294808
qec,42,0.7124499604108255
qec,42,0.7124499604108255
qec,42,0.6609282753583091
qec,42,0.6617814243909316
qec,42,0.6523336230297979
qec,42,0.6617814243909316
qec,42,0.6609282753583091
qec,42,0.7124499604108255
qec,42,0.8040511951661493
qec,42,0.6617814243909316
qec,42,0.6609282753583091
qec,42,0.6617814243909316
qec,42,0.6617814243909316
qec,42,0.6617814243909316
qec,42,0.6344718651294808
qec,42,0.8040511951661493
qec,42,0.6344718651294808
qec,42,0.6344718651294808
qec,42,0.8040511951661493
qec,42,0.6523336230297979
qec,42,0.6609282753583091
qec,42,0.7124499604108255
qec,42,0.6344718651294808
qec,42,0.7124499604108255
qec,42,0.8040511951661493
qec,42,0.6523336230297979
qec,42,0.6609282753583091
qec,42,0.6523336230297979
qec,42,0.6609282753583091
qec,42,0.6344718651294808
xeb,44,0.5751728419181918
xeb,44,0.5751728419181918
xeb,44,0.7931138444412219
xeb,44,0.6857519585443644
xeb,44,0.6991004607888711
xeb,44,0.7121612357408942
xeb,44,0.700922818241833
xeb,44,0.5831746742735174
xeb,44,0.5874407367568237
xeb,44,0.6614667657459036
xeb,44,0.5818386584570525
xeb,44,0.741927158612486
xeb,44,0.6283199791986386
xeb,44,0.7106258369571324
xeb,44,0.7129726294550448
xeb,44,0.6795130905840482
xeb,44,0.6857519585443644
xeb,44,0.6529034857846275
xeb,44,0.7238715859301936
xeb,44,0.5751728419181918
xeb,44,0.6500922727776409
xeb,44,0.7121612357408942
xeb,44,0.5831746742735174
xeb,44,0.6972921968317723
xeb,44,0.6960721370880288
xeb,44,0.6500922727776409
xeb,44,0.7601962118876582
xeb,44,0.6972921968317723
xeb,44,0.7042923151127071
xeb,44,0.6795130905840482
xeb,44,0.7931138444412219
xeb,44,0.7691304459791182
xeb,44,0.6529034857846275
xeb,44,0.7106258369571324
xeb,44,0.7142763536100579
xeb,44,0.6960721370880288
xeb,44,0.6922295212052509
xeb,44,0.5818386584570525
xeb,44,0.7409517895056619
xeb,44,0.7106258369571324
xeb,44,0.6767809446884431
xeb,44,0.6430241162591489
xeb,44,0.6972921968317723
xeb,44,0.6991004607888711
xeb,44,0.6991004607888711
xeb,44,0.6281558920764584
xeb,44,0.7238715859301936
xeb,44,0.6500922727776409
xeb,44,0.708819855281939
xeb,44,0.6283199791986386
xeb,44,0.6430241162591489
xeb,44,0.713105200876407
xeb,44,0.7129726294550448
xeb,44,0.7238715859301936
xeb,44,0.6991004607888711
xeb,44,0.6281558920764584
xeb,44,0.6360400070309867
xeb,44,0.7691304459791182
xeb,44,0.6960721370880288
xeb,44,0.6281558920764584
xeb,44,0.7228215676799827
xeb,44,0.6922295212052509
xeb,44,0.7238715859301936
xeb,44,0.6887512405312681
xeb,44,0.741927158612486
xeb,44,0.6726759506540855
xeb,44,0.5704073859760478
xeb,44,0.5751728419181918
xeb,44,0.6726759506540855
xeb,44,0.6217998300821066
xeb,44,0.7699589235951477
xeb,44,0.700922818241833
xeb,44,0.6726759506540855
xeb,44,0.708819855281939
xeb,44,0.7142763536100579
xeb,44,0.6991004607888711
xeb,44,0.6795130905840482
xeb,44,0.7409517895056619
xeb,44,0.5831746742735174
xeb,44,0.5704073859760478
xeb,44,0.7409517895056619
xeb,44,0.7238715859301936
xeb,44,0.741927158612486
xeb,44,0.7121612357408942
xeb,44,0.7835794209004557
xeb,44,0.7121612357408942
xeb,44,0.5818386584570525
xeb,44,0.6102132807097932
xeb,44,0.7106258369571324
xeb,44,0.5941837447140367
xeb,44,0.7691304459791182
xeb,44,0.7601962118876582
xeb,44,0.7601962118876582
xeb,44,0.741927158612486
xeb,44,0.7142763536100579
xeb,44,0.6430241162591489
xeb,44,0.6972921968317723
xeb,44,0.6281558920764584
xeb,44,0.6795130905840482
xeb,44,0.7042923151127071
xeb,44,0.6795130905840482
xeb,44,0.5751728419181918
xeb,44,0.7042923151127071
xeb,44,0.6795130905840482
xeb,44,0.6217998300821066
xeb,44,0.6857519585443644
xeb,44,0.6281558920764584
xeb,44,0.7228215676799827
xeb,44,0.6281558920764584
xeb,44,0.6972921968317723
xeb,44,0.6767809446884431
xeb,44,0.5831746742735174
xeb,44,0.5818386584570525
xeb,44,0.6529034857846275
xeb,44,0.6529034857846275
xeb,44,0.5751728419181918
xeb,44,0.5751728419181918
xeb,44,0.741927158612486
xeb,44,0.5831746742735174
xeb,44,0.5818386584570525
xeb,44,0.7142763536100579
xeb,44,0.6283199791986386
xeb,44,0.7699589235951477
xeb,44,0.6922295212052509
xeb,44,0.6529034857846275
xeb,44,0.6217998300821066
xeb,44,0.627863528604799
xeb,44,0.7121612357408942
xeb,44,0.700922818241833
xeb,44,0.6795130905840482
xeb,44,0.5941837447140367
xeb,44,0.6991004607888711
xeb,44,0.700922818241833
xeb,44,0.7121612357408942
xeb,44,0.6529034857846275
xeb,44,0.6972921968317723
xeb,44,0.627863528604799
xeb,44,0.700922818241833
xeb,44,0.5818386584570525
xeb,44,0.6102132807097932
xeb,44,0.6421635062281077
xeb,44,0.6421635062281077
xeb,44,0.7238715859301936
xeb,44,0.6922295212052509
xeb,44,0.6283199791986386
xeb,44,0.7228215676799827
xeb,44,0.6529034857846275
xeb,44,0.700922818241833
xeb,44,0.6922295212052509
xeb,44,0.7142763536100579
xeb,44,0.5831746742735174
xeb,44,0.7691304459791182
xeb,44,0.7121612357408942
xeb,44,0.7042923151127071
xeb,44,0.6960721370880288
xeb,44,0.7691304459791182
xeb,44,0.7699589235951477
xeb,44,0.7311883536399076
xeb,44,0.6857519585443644
xeb,44,0.5751728419181918
xeb,44,0.7409517895056619
xeb,44,0.5751728419181918
xeb,44,0.6102132807097932
xeb,44,0.6795130905840482
xeb,44,0.6960721370880288
xeb,44,0.6795130905840482
xeb,44,0.5818386584570525
xeb,44,0.5751728419181918
xeb,44,0.627863528604799
xeb,44,0.7601962118876582
xeb,44,0.6217998300821066
xeb,44,0.6614667657459036
xeb,44,0.6529034857846275
xeb,44,0.6102132807097932
xeb,44,0.6960721370880288
xeb,44,0.7121612357408942
xeb,44,0.7121612357408942
xeb,44,0.5704073859760478
xeb,44,0.6991004607888711
xeb,44,0.6767809446884431
xeb,44,0.5941837447140367
xeb,44,0.7129726294550448
xeb,44,0.708819855281939
xeb,44,0.6529034857846275
xeb,44,0.7699589235951477
xeb,44,0.5874407367568237
xeb,44,0.713105200876407
xeb,44,0.7835794209004557
xeb,44,0.700922818241833
xeb,44,0.7238715859301936
xeb,44,0.700922818241833
xeb,44,0.6767809446884431
xeb,44,0.6887512405312681
xeb,44,0.7691304459791182
xeb,44,0.6726759506540855
xeb,44,0.5874407367568237
xeb,44,0.6972921968317723
xeb,44,0.7238715859301936
xeb,44,0.741927158612486
xeb,44,0.5704073859760478
qnn,44,0.7296990132101627
qnn,44,0.7306821296062358
qnn,44,0.6168636506749708
qnn,44,0.6336073069930767
qnn,44,0.6748453165318803
qnn,44,0.589229271002332
qnn,44,0.7660267145790222
qnn,44,0.7642252441583228
qnn,44,0.7435529928477199
qnn,44,0.6611972688695369
qnn,44,0.7328386967753664
qnn,44,0.6252838169323751
qnn,44,0.7306821296062358
qnn,44,0.6748453165318803
qnn,44,0.5581600072897985
qnn,44,0.6927323938326803
qnn,44,0.6252838169323751
qnn,44,0.5516661297216556
qnn,44,0.6891804228535507
qnn,44,0.709354981975338
qnn,44,0.589229271002332
qnn,44,0.6000929446627676
qnn,44,0.6750523233620208
qnn,44,0.8002998180803198
qnn,44,0.7050644281991396
qnn,44,0.744909737554171
qnn,44,0.6359190757902435
qnn,44,0.579725704543537
qnn,44,0.5978104417138895
qnn,44,0.6585149214361198
qnn,44,0.6891804228535507
qnn,44,0.6967460321553222
qnn,44,0.6749465206907287
qnn,44,0.7296990132101627
qnn,44,0.709354981975338
qnn,44,0.5713801192145949
qnn,44,0.7004803191046555
qnn,44,0.6252838169323751
qnn,44,0.6237023922938777
qnn,44,0.7860804102945252
qnn,44,0.744909737554171
qnn,44,0.6512559575153107
qnn,44,0.7306821296062358
qnn,44,0.6336073069930767
qnn,44,0.744909737554171
qnn,44,0.7660267145790222
qnn,44,0.6891804228535507
qnn,44,0.6512559575153107
qnn,44,0.5598141733444193
qnn,44,0.7435529928477199
qnn,44,0.6237023922938777
qnn,44,0.5994081994852525
qnn,44,0.5581600072897985
qnn,44,0.579725704543537
qnn,44,0.7014239178132431
qnn,44,0.6512559575153107
qnn,44,0.7642252441583228
qnn,44,0.7458113708964973
qnn,44,0.6585149214361198
qnn,44,0.5516661297216556
qnn,44,0.5978104417138895
qnn,44,0.6748453165318803
qnn,44,0.6927323938326803
qnn,44,0.5437612615058274
qnn,44,0.7458113708964973
qnn,44,0.6748453165318803
qnn,44,0.6359190757902435
qnn,44,0.6237023922938777
qnn,44,0.7014239178132431
qnn,44,0.5598141733444193
qnn,44,0.6239847068997115
qnn,44,0.709354981975338
qnn,44,0.6168636506749708
qnn,44,0.6239847068997115
qnn,44,0.6748453165318803
qnn,44,0.579725704543537
qnn,44,0.6927323938326803
qnn,44,0.5713801192145949
qnn,44,0.709354981975338
qnn,44,0.6585149214361198
qnn,44,0.8002998180803198
qnn,44,0.6748453165318803
qnn,44,0.6336073069930767
qnn,44,0.6486696872198027
qnn,44,0.6336073069930767
qnn,44,0.7375466396667614
qnn,44,0.6239847068997115
qnn,44,0.5516661297216556
qnn,44,0.5581600072897985
qnn,44,0.6280366075383564
qnn,44,0.7306821296062358
qnn,44,0.5437612615058274
qnn,44,0.6237023922938777
qnn,44,0.7660267145790222
qnn,44,0.5581600072897985
qnn,44,0.6748453165318803
qnn,44,0.7004803191046555
qnn,44,0.5516661297216556
qnn,44,0.6891804228535507
qnn,44,0.6611972688695369
qnn,44,0.5597114373081241
qnn,44,0.7435529928477199
qnn,44,0.700057012694585
qnn,44,0.6000929446627676
qnn,44,0.6252838169323751
qnn,44,0.6239847068997115
qnn,44,0.6359190757902435
qnn,44,0.5319955761454449
qnn,44,0.7050644281991396
qnn,44,0.7458113708964973
qnn,44,0.6927323938326803
qnn,44,0.6611972688695369
qnn,44,0.5597114373081241
qnn,44,0.5598141733444193
qnn,44,0.6585149214361198
qnn,44,0.7461563708626799
qnn,44,0.744909737554171
qnn,44,0.8002998180803198
qnn,44,0.6486696872198027
qnn,44,0.6927323938326803
qnn,44,0.7860804102945252
qnn,44,0.6158845188782173
qnn,44,0.6749465206907287
qnn,44,0.5713801192145949
qnn,44,0.6373222548823266
qnn,44,0.7642252441583228
qnn,44,0.589229271002332
qnn,44,0.7375466396667614
qnn,44,0.7461563708626799
qnn,44,0.6749465206907287
qnn,44,0.589229271002332
qnn,44,0.5598141733444193
qnn,44,0.700057012694585
qnn,44,0.6611972688695369
qnn,44,0.7660267145790222
qnn,44,0.6748453165318803
qnn,44,0.7860804102945252
qnn,44,0.7642252441583228
qnn,44,0.5437612615058274
qnn,44,0.7275572892963902
qnn,44,0.709354981975338
qnn,44,0.7458113708964973
qnn,44,0.6927323938326803
qnn,44,0.7004803191046555
qnn,44,0.5994081994852525
qnn,44,0.6486696872198027
qnn,44,0.5581600072897985
qnn,44,0.6749465206907287
qnn,44,0.589229271002332
qnn,44,0.7004803191046555
qnn,44,0.7375466396667614
qnn,44,0.7860804102945252
qnn,44,0.5713801192145949
qnn,44,0.6748453165318803
qnn,44,0.6000929446627676
qnn,44,0.6891804228535507
qnn,44,0.5437612615058274
qnn,44,0.597366087845653
qnn,44,0.6486696872198027
qnn,44,0.7461563708626799
qnn,44,0.7050644281991396
qnn,44,0.7642252441583228
qnn,44,0.7004803191046555
qnn,44,0.589229271002332
qnn,44,0.5581600072897985
qnn,44,0.6239847068997115
qnn,44,0.7375466396667614
qnn,44,0.6252838169323751
qnn,44,0.6749465206907287
qnn,44,0.6748453165318803
qnn,44,0.5978104417138895
qnn,44,0.7050644281991396
qnn,44,0.5437612615058274
qnn,44,0.744909737554171
qnn,44,0.7458113708964973
qnn,44,0.7642252441583228
qnn,44,0.5516661297216556
qnn,44,0.7458113708964973
qnn,44,0.5437612615058274
qnn,44,0.6927323938326803
qnn,44,0.597366087845653
qnn,44,0.8002998180803198
qnn,44,0.6785973974256548
qnn,44,0.6359190757902435
qnn,44,0.6927323938326803
qnn,44,0.7375466396667614
qnn,44,0.700057012694585
qnn,44,0.7140799355706365
qnn,44,0.6512559575153107
qnn,44,0.5598141733444193
qnn,44,0.7642252441583228
qnn,44,0.597366087845653
qnn,44,0.6359190757902435
qnn,44,0.6239847068997115
qnn,44,0.6280366075383564
qnn,44,0.6158845188782173
qnn,44,0.7275572892963902
qnn,44,0.7328386967753664
qnn,44,0.6373222548823266
qnn,44,0.7328386967753664
shor,44,0.7923110444858353
shor,44,0.62000251573822
shor,44,0.6615645076424088
shor,44,0.6712486813867738
shor,44,0.6566897767558597
shor,44,0.6573618541624155
shor,44,0.6990475052715233
shor,44,0.62000251573822
shor,44,0.7146233436503296
shor,44,0.7966655019095219
shor,44,0.7167409838515763
shor,44,0.7040629441166304
shor,44,0.6029635576262459
shor,44,0.5878722218694099
shor,44,0.7026496869262842
shor,44,0.6990475052715233
shor,44,0.7745538685481823
shor,44,0.7618285752719967
shor,44,0.5878722218694099
shor,44,0.7618285752719967
shor,44,0.7611967158240457
shor,44,0.8206951974488078
shor,44,0.7167409838515763
shor,44,0.7611967158240457
shor,44,0.7745538685481823
shor,44,0.7146233436503296
shor,44,0.6029635576262459
shor,44,0.8206951974488078
shor,44,0.7966655019095219
shor,44,0.6061807617603007
shor,44,0.5878722218694099
shor,44,0.7101347759274246
shor,44,0.7011682248745839
shor,44,0.7618285752719967
shor,44,0.7618285752719967
shor,44,0.7745538685481823
shor,44,0.7611967158240457
shor,44,0.7072181757846279
shor,44,0.7101347759274246
shor,44,0.5878722218694099
shor,44,0.7966655019095219
shor,44,0.7020512039295748
shor,44,0.7148228621256272
shor,44,0.5482600523256219
shor,44,0.6601373401126569
shor,44,0.7966655019095219
shor,44,0.5482600523256219
shor,44,0.6900238508705755
shor,44,0.7923110444858353
shor,44,0.5878722218694099
shor,44,0.7040629441166304
shor,44,0.5482600523256219
shor,44,0.5293352102131997
shor,44,0.62000251573822
shor,44,0.6728809086320657
shor,44,0.5878722218694099
shor,44,0.6566897767558597
shor,44,0.7611967158240457
shor,44,0.7146233436503296
shor,44,0.6897781120034933
shor,44,0.690721991033525
shor,44,0.7730020066422089
shor,44,0.7146233436503296
shor,44,0.6900238508705755
shor,44,0.6900238508705755
shor,44,0.7730020066422089
shor,44,0.6573618541624155
shor,44,0.5878722218694099
shor,44,0.8206951974488078
shor,44,0.5482600523256219
shor,44,0.690721991033525
shor,44,0.7011682248745839
shor,44,0.7020512039295748
shor,44,0.5878722218694099
shor,44,0.6990475052715233
shor,44,0.5878722218694099
shor,44,0.6712486813867738
shor,44,0.7611967158240457
shor,44,0.5878722218694099
shor,44,0.7101347759274246
shor,44,0.7040629441166304
shor,44,0.596412472063625
shor,44,0.690721991033525
shor,44,0.7146233436503296
shor,44,0.7745538685481823
shor,44,0.5878722218694099
shor,44,0.5878722218694099
shor,44,0.7611967158240457
shor,44,0.7730020066422089
shor,44,0.596412472063625
shor,44,0.5878722218694099
shor,44,0.7072181757846279
shor,44,0.6566897767558597
shor,44,0.6990475052715233
shor,44,0.6061807617603007
shor,44,0.7040629441166304
shor,44,0.6615645076424088
shor,44,0.7759202653442955
shor,44,0.5293352102131997
shor,44,0.6712486813867738
shor,44,0.5878722218694099
shor,44,0.7101347759274246
shor,44,0.5482600523256219
shor,44,0.5878722218694099
shor,44,0.7146233436503296
shor,44,0.6601373401126569
shor,44,0.6990475052715233
shor,44,0.7618285752719967
shor,44,0.5878722218694099
shor,44,0.6566897767558597
shor,44,0.7026496869262842
shor,44,0.596412472063625
shor,44,0.7072181757846279
shor,44,0.6900238508705755
shor,44,0.690721991033525
shor,44,0.6061807617603007
shor,44,0.6615645076424088
shor,44,0.810028445632226
shor,44,0.6728809086320657
shor,44,0.6712486813867738
shor,44,0.7072181757846279
shor,44,0.5878722218694099
shor,44,0.7759202653442955
shor,44,0.7020512039295748
shor,44,0.7011682248745839
shor,44,0.62000251573822
shor,44,0.6601373401126569
shor,44,0.8206951974488078
shor,44,0.6566897767558597
shor,44,0.7146233436503296
shor,44,0.5878722218694099
shor,44,0.7873703694848943
shor,44,0.6615645076424088
shor,44,0.5878722218694099
shor,44,0.6712486813867738
shor,44,0.6990475052715233
shor,44,0.6712486813867738
shor,44,0.7072181757846279
shor,44,0.7745538685481823
shor,44,0.5293352102131997
shor,44,0.7745538685481823
shor,44,0.7759202653442955
shor,44,0.7618285752719967
shor,44,0.7167409838515763
shor,44,0.7020512039295748
shor,44,0.62000251573822
shor,44,0.7873703694848943
shor,44,0.690721991033525
shor,44,0.7020512039295748
shor,44,0.7026496869262842
shor,44,0.5878722218694099
shor,44,0.5482600523256219
shor,44,0.7148228621256272
shor,44,0.6900238508705755
shor,44,0.7020512039295748
shor,44,0.6897781120034933
shor,44,0.6900238508705755
shor,44,0.690721991033525
shor,44,0.7923110444858353
shor,44,0.6900238508705755
shor,44,0.7873703694848943
shor,44,0.7146233436503296
shor,44,0.7148228621256272
shor,44,0.6712486813867738
shor,44,0.6029635576262459
shor,44,0.7745538685481823
shor,44,0.7618285752719967
shor,44,0.5293352102131997
shor,44,0.7072181757846279
shor,44,0.6573618541624155
shor,44,0.6029635576262459
shor,44,0.7745538685481823
shor,44,0.7167409838515763
shor,44,0.7873703694848943
shor,44,0.7026496869262842
shor,44,0.62000251573822
shor,44,0.5878722218694099
shor,44,0.6029635576262459
shor,44,0.7040629441166304
shor,44,0.7148228621256272
shor,44,0.5878722218694099
shor,44,0.6990475052715233
shor,44,0.7011682248745839
shor,44,0.5878722218694099
shor,44,0.6712486813867738
shor,44,0.6615645076424088
shor,44,0.5878722218694099
shor,44,0.7923110444858353
shor,44,0.7146233436503296
shor,44,0.7040629441166304
shor,44,0.7020512039295748
shor,44,0.7873703694848943
shor,44,0.6566897767558597
shor,44,0.7618285752719967
shor,44,0.6990475052715233
shor,44,0.6615645076424088
shor,44,0.690721991033525
shor,44,0.7040629441166304
shor,44,0.7759202653442955
shor,44,0.7167409838515763
qec,44,0.7168520048562875
qec,44,0.644142416878952
qec,44,0.8845710840934088
qec,44,0.7355282995684322
qec,44,0.8845710840934088
qec,44,0.8845710840934088
qec,44,0.7475604298799565
qec,44,0.8845710840934088
qec,44,0.7168520048562875
qec,44,0.8845710840934088
qec,44,0.7355282995684322
qec,44,0.644142416878952
qec,44,0.7355282995684322
qec,44,0.644142416878952
qec,44,0.6749963157000008
qec,44,0.7168520048562875
qec,44,0.6749963157000008
qec,44,0.7475604298799565
qec,44,0.7355282995684322
qec,44,0.7355282995684322
qec,44,0.6749963157000008
qec,44,0.7355282995684322
qec,44,0.8845710840934088
qec,44,0.6749963157000008
qec,44,0.7355282995684322
qec,44,0.7475604298799565
qec,44,0.7355282995684322
qec,44,0.7475604298799565
qec,44,0.644142416878952
qec,44,0.7168520048562875
qec,44,0.6749963157000008
qec,44,0.7475604298799565
qec,44,0.6749963157000008
qec,44,0.8845710840934088
qec,44,0.644142416878952
qec,44,0.6749963157000008
qec,44,0.7168520048562875
qec,44,0.8845710840934088
qec,44,0.644142416878952
qec,44,0.8845710840934088
qec,44,0.644142416878952
qec,44,0.7168520048562875
qec,44,0.7475604298799565
qec,44,0.7355282995684322
qec,44,0.7168520048562875
qec,44,0.7475604298799565
qec,44,0.7475604298799565
qec,44,0.7355282995684322
qec,44,0.6749963157000008
qec,44,0.8845710840934088
qec,44,0.6749963157000008
qec,44,0.8845710840934088
qec,44,0.7168520048562875
qec,44,0.6749963157000008
qec,44,0.644142416878952
qec,44,0.644142416878952
qec,44,0.7355282995684322
qec,44,0.7168520048562875
qec,44,0.7475604298799565
qec,44,0.7355282995684322
qec,44,0.7475604298799565
qec,44,0.7475604298799565
qec,44,0.6749963157000008
qec,44,0.7475604298799565
qec,44,0.7475604298799565
qec,44,0.644142416878952
qec,44,0.7475604298799565
qec,44,0.7475604298799565
qec,44,0.8845710840934088
qec,44,0.8845710840934088
qec,44,0.6749963157000008
qec,44,0.7355282995684322
qec,44,0.7168520048562875
qec,44,0.7168520048562875
qec,44,0.7475604298799565
qec,44,0.7475604298799565
qec,44,0.8845710840934088
qec,44,0.8845710840934088
qec,44,0.7475604298799565
qec,44,0.8845710840934088
qec,44,0.8845710840934088
qec,44,0.644142416878952
qec,44,0.7355282995684322
qec,44,0.8845710840934088
qec,44,0.7475604298799565
qec,44,0.6749963157000008
qec,44,0.644142416878952
qec,44,0.8845710840934088
qec,44,0.644142416878952
qec,44,0.7475604298799565
qec,44,0.8845710840934088
qec,44,0.644142416878952
qec,44,0.7475604298799565
qec,44,0.7475604298799565
qec,44,0.7475604298799565
qec,44,0.7168520048562875
qec,44,0.7475604298799565
qec,44,0.7475604298799565
qec,44,0.7168520048562875
qec,44,0.7475604298799565
qec,44,0.7355282995684322
qec,44,0.8845710840934088
qec,44,0.8845710840934088
qec,44,0.7355282995684322
qec,44,0.6749963157000008
qec,44,0.7475604298799565
qec,44,0.6749963157000008
qec,44,0.6749963157000008
qec,44,0.7475604298799565
qec,44,0.6749963157000008
qec,44,0.644142416878952
qec,44,0.644142416878952
qec,44,0.7355282995684322
qec,44,0.8845710840934088
qec,44,0.6749963157000008
qec,44,0.644142416878952
qec,44,0.8845710840934088
qec,44,0.7475604298799565
qec,44,0.644142416878952
qec,44,0.7475604298799565
qec,44,0.7355282995684322
qec,44,0.7168520048562875
qec,44,0.6749963157000008
qec,44,0.8845710840934088
qec,44,0.7475604298799565
qec,44,0.7475604298799565
qec,44,0.7355282995684322
qec,44,0.644142416878952
qec,44,0.7475604298799565
qec,44,0.7475604298799565
qec,44,0.7475604298799565
qec,44,0.7168520048562875
qec,44,0.7475604298799565
qec,44,0.8845710840934088
qec,44,0.7168520048562875
qec,44,0.8845710840934088
qec,44,0.8845710840934088
qec,44,0.7355282995684322
qec,44,0.7475604298799565
qec,44,0.7475604298799565
qec,44,0.6749963157000008
qec,44,0.8845710840934088
qec,44,0.8845710840934088
qec,44,0.644142416878952
qec,44,0.7168520048562875
qec,44,0.8845710840934088
qec,44,0.7475604298799565
qec,44,0.6749963157000008
qec,44,0.6749963157000008
qec,44,0.644142416878952
qec,44,0.7475604298799565
qec,44,0.7475604298799565
qec,44,0.644142416878952
qec,44,0.7475604298799565
qec,44,0.7475604298799565
qec,44,0.7355282995684322
qec,44,0.6749963157000008
qec,44,0.7475604298799565
qec,44,0.7475604298799565
qec,44,0.7475604298799565
qec,44,0.8845710840934088
qec,44,0.7475604298799565
qec,44,0.7475604298799565
qec,44,0.6749963157000008
qec,44,0.7168520048562875
qec,44,0.7168520048562875
qec,44,0.6749963157000008
qec,44,0.7168520048562875
qec,44,0.7168520048562875
qec,44,0.8845710840934088
qec,44,0.7475604298799565
qec,44,0.8845710840934088
qec,44,0.644142416878952
qec,44,0.6749963157000008
qec,44,0.6749963157000008
qec,44,0.7168520048562875
qec,44,0.7475604298799565
qec,44,0.6749963157000008
qec,44,0.7355282995684322
qec,44,0.7475604298799565
qec,44,0.8845710840934088
qec,44,0.7168520048562875
qec,44,0.6749963157000008
qec,44,0.7355282995684322
qec,44,0.8845710840934088
qec,44,0.8845710840934088
qec,44,0.7475604298799565
qec,44,0.7168520048562875
qec,44,0.7475604298799565
qec,44,0.8845710840934088
qec,44,0.6749963157000008
qec,44,0.7168520048562875
qec,44,0.8845710840934088
qec,44,0.7168520048562875
qec,44,0.7475604298799565
qec,44,0.7475604298799565
qec,44,0.6749963157000008
qec,44,0.644142416878952
qec,44,0.7355282995684322
qec,44,0.6749963157000008
xeb,46,0.7109080971866824
xeb,46,0.6812587449336761
xeb,46,0.8022341922945763
xeb,46,0.7367002027346315
xeb,46,0.7109080971866824
xeb,46,0.6587608529586437
xeb,46,0.7465793001685819
xeb,46,0.5865201503205943
xeb,46,0.7245422265390247
xeb,46,0.7542830565950521
xeb,46,0.6072771942244349
xeb,46,0.6713907312848921
xeb,46,0.7839677604339342
xeb,46,0.6452207609714692
xeb,46,0.722114854898417
xeb,46,0.7846262185421438
xeb,46,0.6956028686212058
xeb,46,0.671390731284892
xeb,46,0.7367002027346315
xeb,46,0.7542830565950521
xeb,46,0.6713907312848921
xeb,46,0.6452207609714692
xeb,46,0.7465793001685819
xeb,46,0.8152971413432407
xeb,46,0.7059069216894153
xeb,46,0.7063613263474556
xeb,46,0.7214424733405639
xeb,46,0.7124304204069108
xeb,46,0.7341307305382565
xeb,46,0.6587608529586437
xeb,46,0.6587608529586437
xeb,46,0.6339981449429032
xeb,46,0.671390731284892
xeb,46,0.6977197961562486
xeb,46,0.722114854898417
xeb,46,0.6956028686212058
xeb,46,0.7329002643909261
xeb,46,0.5865201503205943
xeb,46,0.6713907312848921
xeb,46,0.7109080971866824
xeb,46,0.7329002643909261
xeb,46,0.6072771942244349
xeb,46,0.6931439252275386
xeb,46,0.6713907312848921
xeb,46,0.6444923926886632
xeb,46,0.671390731284892
xeb,46,0.8233864695590948
xeb,46,0.7109080971866824
xeb,46,0.7362853239894548
xeb,46,0.647386816290042
xeb,46,0.7465793001685819
xeb,46,0.7070856678479553
xeb,46,0.671390731284892
xeb,46,0.7053081523982873
xeb,46,0.8233864695590948
xeb,46,0.612617666015623
xeb,46,0.7109080971866824
xeb,46,0.647386816290042
xeb,46,0.7822388815864284
xeb,46,0.6072771942244349
xeb,46,0.7329002643909261
xeb,46,0.8233864695590948
xeb,46,0.7465793001685819
xeb,46,0.7059069216894153
xeb,46,0.612617666015623
xeb,46,0.7362853239894548
xeb,46,0.7341307305382565
xeb,46,0.7542830565950521
xeb,46,0.6713907312848921
xeb,46,0.7341307305382565
xeb,46,0.6827857430836545
xeb,46,0.6713907312848921
xeb,46,0.8022341922945763
xeb,46,0.7109080971866824
xeb,46,0.7511311820222534
xeb,46,0.6931439252275386
xeb,46,0.6898674139288299
xeb,46,0.7341307305382565
xeb,46,0.7245406218033957
xeb,46,0.6931439252275386
xeb,46,0.6898674139288299
xeb,46,0.6840070778819867
xeb,46,0.6977197961562486
xeb,46,0.7691640813900649
xeb,46,0.7341307305382565
xeb,46,0.7413180678584264
xeb,46,0.6827857430836545
xeb,46,0.8022341922945763
xeb,46,0.671390731284892
xeb,46,0.671390731284892
xeb,46,0.7691640813900649
xeb,46,0.7341307305382565
xeb,46,0.7070856678479553
xeb,46,0.612617666015623
xeb,46,0.5458102392112403
xeb,46,0.7245406218033957
xeb,46,0.6587608529586437
xeb,46,0.7539982780694935
xeb,46,0.7621099384649599
xeb,46,0.6812587449336761
xeb,46,0.6977197961562486
xeb,46,0.7059069216894153
xeb,46,0.7245422265390247
xeb,46,0.6898674139288299
xeb,46,0.6812587449336761
xeb,46,0.7343734373677104
xeb,46,0.6827857430836545
xeb,46,0.8152971413432407
xeb,46,0.7329002643909261
xeb,46,0.6339981449429032
xeb,46,0.6931439252275386
xeb,46,0.6898674139288299
xeb,46,0.8233864695590948
xeb,46,0.647386816290042
xeb,46,0.612617666015623
xeb,46,0.6428604131880408
xeb,46,0.7621099384649599
xeb,46,0.5865201503205943
xeb,46,0.6989213558643701
xeb,46,0.8233864695590948
xeb,46,0.6444923926886632
xeb,46,0.7189479076394043
xeb,46,0.6898674139288299
xeb,46,0.7245422265390247
xeb,46,0.7465793001685819
xeb,46,0.7822388815864284
xeb,46,0.6587608529586437
xeb,46,0.6444923926886632
xeb,46,0.7601473852464523
xeb,46,0.7839677604339342
xeb,46,0.7245406218033957
xeb,46,0.7931438925328859
xeb,46,0.7621099384649599
xeb,46,0.7465793001685819
xeb,46,0.7343734373677104
xeb,46,0.7214424733405639
xeb,46,0.7245406218033957
xeb,46,0.7059069216894153
xeb,46,0.7053081523982873
xeb,46,0.6840070778819867
xeb,46,0.7839677604339342
xeb,46,0.7721674745120405
xeb,46,0.671390731284892
xeb,46,0.7341307305382565
xeb,46,0.7257253457115455
xeb,46,0.7542830565950521
xeb,46,0.7511311820222534
xeb,46,0.8131665869784295
xeb,46,0.671390731284892
xeb,46,0.6898674139288299
xeb,46,0.7341307305382565
xeb,46,0.612617666015623
xeb,46,0.7124304204069108
xeb,46,0.7362853239894548
xeb,46,0.6851358122968997
xeb,46,0.7245406218033957
xeb,46,0.7245406218033957
xeb,46,0.7542830565950521
xeb,46,0.6428604131880408
xeb,46,0.6428604131880408
xeb,46,0.7343734373677104
xeb,46,0.7214424733405639
xeb,46,0.6587608529586437
xeb,46,0.7465793001685819
xeb,46,0.671390731284892
xeb,46,0.7053081523982873
xeb,46,0.7601473852464523
xeb,46,0.7343734373677104
xeb,46,0.7214424733405639
xeb,46,0.6812587449336761
xeb,46,0.6840070778819867
xeb,46,0.7124304204069108
xeb,46,0.6898674139288299
xeb,46,0.7601473852464523
xeb,46,0.7124304204069108
xeb,46,0.671390731284892
xeb,46,0.7063613263474556
xeb,46,0.6713907312848921
xeb,46,0.8022341922945763
xeb,46,0.6767889569544157
xeb,46,0.7413180678584264
xeb,46,0.8152971413432407
xeb,46,0.7465793001685819
xeb,46,0.8233864695590948
xeb,46,0.7070856678479553
xeb,46,0.5458102392112403
xeb,46,0.6989213558643701
xeb,46,0.671390731284892
xeb,46,0.7601473852464523
xeb,46,0.6713907312848921
xeb,46,0.6931439252275386
xeb,46,0.6767889569544157
xeb,46,0.7343734373677104
xeb,46,0.6840070778819867
xeb,46,0.7343734373677104
xeb,46,0.6840070778819867
xeb,46,0.7214424733405639
xeb,46,0.6587608529586437
xeb,46,0.7621099384649599
xeb,46,0.7413180678584264
qnn,46,0.7555806957758324
qnn,46,0.6348037223053964
qnn,46,0.7168023762641825
qnn,46,0.6816037212424161
qnn,46,0.7512951509575748
qnn,46,0.7519952833239765
qnn,46,0.7871566533959384
qnn,46,0.7179971396947272
qnn,46,0.7554607740942458
qnn,46,0.7215920799898424
qnn,46,0.8023853714833986
qnn,46,0.7168023762641825
qnn,46,0.7135657104203017
qnn,46,0.6723287507051594
qnn,46,0.6657977688084616
qnn,46,0.6720287362237942
qnn,46,0.6720287362237942
qnn,46,0.7512951509575748
qnn,46,0.7135657104203017
qnn,46,0.6972205528962164
qnn,46,0.7513877222717195
qnn,46,0.7629301197684076
qnn,46,0.7554607740942458
qnn,46,0.7554607740942458
qnn,46,0.6348037223053964
qnn,46,0.6751369368093229
qnn,46,0.6613874227384771
qnn,46,0.7629301197684076
qnn,46,0.7047784561669649
qnn,46,0.6348037223053964
qnn,46,0.6972205528962164
qnn,46,0.7513877222717195
qnn,46,0.6561002111438919
qnn,46,0.5644817067378457
qnn,46,0.7348029157911842
qnn,46,0.6816037212424161
qnn,46,0.6657977688084616
qnn,46,0.7168023762641825
qnn,46,0.6531826130968253
qnn,46,0.64559110350003
qnn,46,0.6972205528962164
qnn,46,0.6720287362237942
qnn,46,0.7519952833239765
qnn,46,0.7694222060615455
qnn,46,0.6561002111438919
qnn,46,0.7135657104203017
qnn,46,0.6720287362237942
qnn,46,0.8096367107219095
qnn,46,0.7215920799898424
qnn,46,0.7179971396947272
qnn,46,0.5962143354098624
qnn,46,0.7519952833239765
qnn,46,0.647022885115861
qnn,46,0.6816037212424161
qnn,46,0.7555806957758324
qnn,46,0.5644817067378457
qnn,46,0.607284962927761
qnn,46,0.7629301197684076
qnn,46,0.7310511565511476
qnn,46,0.7683851560458471
qnn,46,0.6972205528962164
qnn,46,0.6348037223053964
qnn,46,0.7683851560458471
qnn,46,0.7173584409190625
qnn,46,0.719989861823673
qnn,46,0.7583052328217068
qnn,46,0.6564772427760587
qnn,46,0.6747871758461631
qnn,46,0.695136024034836
qnn,46,0.6816037212424161
qnn,46,0.607284962927761
qnn,46,0.607284962927761
qnn,46,0.7554607740942458
qnn,46,0.64559110350003
qnn,46,0.6561002111438919
qnn,46,0.6744377196618343
qnn,46,0.7310511565511476
qnn,46,0.5722696107013658
qnn,46,0.719989861823673
qnn,46,0.7791517887928322
qnn,46,0.7554607740942458
qnn,46,0.7135657104203017
qnn,46,0.7179971396947272
qnn,46,0.6816037212424161
qnn,46,0.7348029157911842
qnn,46,0.647022885115861
qnn,46,0.6348037223053964
qnn,46,0.6819825761418601
qnn,46,0.7135657104203017
qnn,46,0.7135657104203017
qnn,46,0.6561002111438919
qnn,46,0.7871566533959384
qnn,46,0.6974919982157622
qnn,46,0.64559110350003
qnn,46,0.6816037212424161
qnn,46,0.7791517887928322
qnn,46,0.6895589437969638
qnn,46,0.6751369368093229
qnn,46,0.7215920799898424
qnn,46,0.8096367107219095
qnn,46,0.6720287362237942
qnn,46,0.7512951509575748
qnn,46,0.7168916081730681
qnn,46,0.7168916081730681
qnn,46,0.6744377196618343
qnn,46,0.7106226620137438
qnn,46,0.7629301197684076
qnn,46,0.6657977688084616
qnn,46,0.5722696107013658
qnn,46,0.607284962927761
qnn,46,0.6613874227384771
qnn,46,0.6358576200376385
qnn,46,0.6531826130968253
qnn,46,0.695136024034836
qnn,46,0.6816037212424161
qnn,46,0.6657977688084616
qnn,46,0.7513877222717195
qnn,46,0.7583052328217068
qnn,46,0.64559110350003
qnn,46,0.6281314278594745
qnn,46,0.6972205528962164
qnn,46,0.7310511565511476
qnn,46,0.7106226620137438
qnn,46,0.5722696107013658
qnn,46,0.6744377196618343
qnn,46,0.7310511565511476
qnn,46,0.6561002111438919
qnn,46,0.8212544154563506
qnn,46,0.7348029157911842
qnn,46,0.6723287507051594
qnn,46,0.64559110350003
qnn,46,0.607284962927761
qnn,46,0.8212544154563506
qnn,46,0.7135657104203017
qnn,46,0.7554607740942458
qnn,46,0.7310511565511476
qnn,46,0.6747871758461631
qnn,46,0.7554607740942458
qnn,46,0.6613874227384771
qnn,46,0.5962143354098624
qnn,46,0.6972205528962164
qnn,46,0.6819825761418601
qnn,46,0.6348037223053964
qnn,46,0.6895589437969638
qnn,46,0.8452710233566574
qnn,46,0.8096367107219095
qnn,46,0.7554607740942458
qnn,46,0.6819825761418601
qnn,46,0.695136024034836
qnn,46,0.8452710233566574
qnn,46,0.6613874227384771
qnn,46,0.6613874227384771
qnn,46,0.6895589437969638
qnn,46,0.6564772427760587
qnn,46,0.7554607740942458
qnn,46,0.7629301197684076
qnn,46,0.7513877222717195
qnn,46,0.695136024034836
qnn,46,0.7310511565511476
qnn,46,0.7135657104203017
qnn,46,0.7583052328217068
qnn,46,0.7519952833239765
qnn,46,0.6751369368093229
qnn,46,0.6564772427760587
qnn,46,0.7583052328217068
qnn,46,0.6281314278594745
qnn,46,0.6561002111438919
qnn,46,0.7168916081730681
qnn,46,0.8452710233566574
qnn,46,0.7168916081730681
qnn,46,0.7583052328217068
qnn,46,0.6123965604577013
qnn,46,0.8452710233566574
qnn,46,0.8212544154563506
qnn,46,0.6816037212424161
qnn,46,0.7583052328217068
qnn,46,0.7168916081730681
qnn,46,0.7169195129121698
qnn,46,0.7791517887928322
qnn,46,0.7179971396947272
qnn,46,0.5962143354098624
qnn,46,0.7694222060615455
qnn,46,0.719989861823673
qnn,46,0.5644817067378457
qnn,46,0.6531826130968253
qnn,46,0.6895589437969638
qnn,46,0.8212544154563506
qnn,46,0.7135657104203017
qnn,46,0.7179971396947272
qnn,46,0.6564772427760587
qnn,46,0.6819825761418601
qnn,46,0.695136024034836
qnn,46,0.7310511565511476
qnn,46,0.7169195129121698
qnn,46,0.6744377196618343
qnn,46,0.7348029157911842
qnn,46,0.8452710233566574
qnn,46,0.8212544154563506
qnn,46,0.695136024034836
qnn,46,0.6613874227384771
shor,46,0.8435042232229525
shor,46,0.6508907494277776
shor,46,0.7298575124580163
shor,46,0.6508907494277776
shor,46,0.8704082288289561
shor,46,0.7251413098485086
shor,46,0.8541612723123183
shor,46,0.7073186517519883
shor,46,0.7265900199476958
shor,46,0.7265900199476958
shor,46,0.7767247011769243
shor,46,0.5682224602647116
shor,46,0.7085230826015011
shor,46,0.7863689863592032
shor,46,0.7298575124580163
shor,46,0.7767247011769243
shor,46,0.7073186517519883
shor,46,0.6303848287985495
shor,46,0.6250554854129269
shor,46,0.6331202670747146
shor,46,0.6331202670747146
shor,46,0.6250554854129269
shor,46,0.6508907494277776
shor,46,0.8559381082689113
shor,46,0.7251413098485086
shor,46,0.7158465092666155
shor,46,0.5682224602647116
shor,46,0.6706576143506551
shor,46,0.7251413098485086
shor,46,0.7298575124580163
shor,46,0.7259623591881704
shor,46,0.7085230826015011
shor,46,0.7767247011769243
shor,46,0.6810892927471281
shor,46,0.8541612723123183
shor,46,0.6706576143506551
shor,46,0.7073186517519883
shor,46,0.8541612723123183
shor,46,0.6939372721859244
shor,46,0.5882054930948101
shor,46,0.7308845553488562
shor,46,0.7265900199476958
shor,46,0.6508907494277776
shor,46,0.7308845553488562
shor,46,0.6303848287985495
shor,46,0.5999239429294377
shor,46,0.6706576143506551
shor,46,0.5682224602647116
shor,46,0.737467239387956
shor,46,0.5882054930948101
shor,46,0.8559381082689113
shor,46,0.7767247011769243
shor,46,0.6706576143506551
shor,46,0.7899645928067228
shor,46,0.7850848562941927
shor,46,0.8187007578896949
shor,46,0.6939372721859244
shor,46,0.5882054930948101
shor,46,0.7265900199476958
shor,46,0.7850848562941927
shor,46,0.6250554854129269
shor,46,0.6331202670747146
shor,46,0.8402468650336614
shor,46,0.7251413098485086
shor,46,0.8435042232229525
shor,46,0.7767247011769243
shor,46,0.7158465092666155
shor,46,0.712909671122615
shor,46,0.6331202670747146
shor,46,0.7899645928067228
shor,46,0.7085230826015011
shor,46,0.7265900199476958
shor,46,0.8435042232229525
shor,46,0.6810892927471281
shor,46,0.8559381082689113
shor,46,0.8435042232229525
shor,46,0.5999239429294377
shor,46,0.7158465092666155
shor,46,0.8704082288289561
shor,46,0.6303848287985495
shor,46,0.7251413098485086
shor,46,0.7767247011769243
shor,46,0.7265900199476958
shor,46,0.6939372721859244
shor,46,0.7308845553488562
shor,46,0.8293270571404565
shor,46,0.5882054930948101
shor,46,0.712909671122615
shor,46,0.7767247011769243
shor,46,0.8187007578896949
shor,46,0.7259623591881704
shor,46,0.737467239387956
shor,46,0.8293270571404565
shor,46,0.5682224602647116
shor,46,0.6508907494277776
shor,46,0.6939372721859244
shor,46,0.824343739350258
shor,46,0.5999239429294377
shor,46,0.6939372721859244
shor,46,0.8704082288289561
shor,46,0.824343739350258
shor,46,0.6706576143506551
shor,46,0.7073186517519883
shor,46,0.6508907494277776
shor,46,0.7259623591881704
shor,46,0.6939372721859244
shor,46,0.5882054930948101
shor,46,0.7850848562941927
shor,46,0.7899645928067228
shor,46,0.7899645928067228
shor,46,0.7265900199476958
shor,46,0.5682224602647116
shor,46,0.737467239387956
shor,46,0.6911565322365817
shor,46,0.6508907494277776
shor,46,0.7251413098485086
shor,46,0.7259623591881704
shor,46,0.7245241527150386
shor,46,0.6508907494277776
shor,46,0.8402468650336614
shor,46,0.7265900199476958
shor,46,0.6508907494277776
shor,46,0.8293270571404565
shor,46,0.8541612723123183
shor,46,0.6939372721859244
shor,46,0.8559381082689113
shor,46,0.712909671122615
shor,46,0.7899645928067228
shor,46,0.7767247011769243
shor,46,0.5682224602647116
shor,46,0.6508907494277776
shor,46,0.7085230826015011
shor,46,0.7767247011769243
shor,46,0.8402468650336614
shor,46,0.6250554854129269
shor,46,0.7863689863592032
shor,46,0.6939372721859244
shor,46,0.8704082288289561
shor,46,0.6939372721859244
shor,46,0.6508907494277776
shor,46,0.6250554854129269
shor,46,0.7850848562941927
shor,46,0.6706576143506551
shor,46,0.7863689863592032
shor,46,0.5882054930948101
shor,46,0.6911565322365817
shor,46,0.8541612723123183
shor,46,0.7158465092666155
shor,46,0.7245241527150386
shor,46,0.7073186517519883
shor,46,0.5999239429294377
shor,46,0.7085230826015011
shor,46,0.8541612723123183
shor,46,0.6508907494277776
shor,46,0.6303848287985495
shor,46,0.6911565322365817
shor,46,0.8293270571404565
shor,46,0.6911565322365817
shor,46,0.8704082288289561
shor,46,0.7085230826015011
shor,46,0.7863689863592032
shor,46,0.7850848562941927
shor,46,0.5882054930948101
shor,46,0.6250554854129269
shor,46,0.5682224602647116
shor,46,0.6508907494277776
shor,46,0.6911565322365817
shor,46,0.6508907494277776
shor,46,0.7073186517519883
shor,46,0.7158465092666155
shor,46,0.6706576143506551
shor,46,0.8187007578896949
shor,46,0.7259623591881704
shor,46,0.7767247011769243
shor,46,0.712909671122615
shor,46,0.7899645928067228
shor,46,0.7298575124580163
shor,46,0.7259623591881704
shor,46,0.7259623591881704
shor,46,0.8541612723123183
shor,46,0.6911565322365817
shor,46,0.7265900199476958
shor,46,0.6508907494277776
shor,46,0.5882054930948101
shor,46,0.7259623591881704
shor,46,0.7308845553488562
shor,46,0.8559381082689113
shor,46,0.7245241527150386
shor,46,0.7850848562941927
shor,46,0.6939372721859244
shor,46,0.7767247011769243
shor,46,0.7767247011769243
shor,46,0.8293270571404565
shor,46,0.8402468650336614
shor,46,0.6508907494277776
shor,46,0.8541612723123183
shor,46,0.7863689863592032
shor,46,0.7308845553488562
shor,46,0.8293270571404565
shor,46,0.6331202670747146
qec,46,0.6783874381904399
qec,46,0.757138409656933
qec,46,0.757138409656933
qec,46,0.6459665491000341
qec,46,0.6459665491000341
qec,46,0.8023399034803181
qec,46,0.8023399034803181
qec,46,0.6459665491000341
qec,46,0.757138409656933
qec,46,0.8023399034803181
qec,46,0.757138409656933
qec,46,0.757138409656933
qec,46,0.757138409656933
qec,46,0.8023399034803181
qec,46,0.757138409656933
qec,46,0.8023399034803181
qec,46,0.6783874381904399
qec,46,0.757138409656933
qec,46,0.6459665491000341
qec,46,0.757138409656933
qec,46,0.8023399034803181
qec,46,0.6783874381904399
qec,46,0.757138409656933
qec,46,0.8023399034803181
qec,46,0.757138409656933
qec,46,0.8023399034803181
qec,46,0.6783874381904399
qec,46,0.757138409656933
qec,46,0.6459665491000341
qec,46,0.757138409656933
qec,46,0.757138409656933
qec,46,0.8023399034803181
qec,46,0.6459665491000341
qec,46,0.757138409656933
qec,46,0.8857220155536415
qec,46,0.757138409656933
qec,46,0.8023399034803181
qec,46,0.8857220155536415
qec,46,0.757138409656933
qec,46,0.8857220155536415
qec,46,0.757138409656933
qec,46,0.7721672167426806
qec,46,0.7721672167426806
qec,46,0.757138409656933
qec,46,0.8023399034803181
qec,46,0.6783874381904399
qec,46,0.6783874381904399
qec,46,0.6459665491000341
qec,46,0.8023399034803181
qec,46,0.8023399034803181
qec,46,0.757138409656933
qec,46,0.8857220155536415
qec,46,0.757138409656933
qec,46,0.8023399034803181
qec,46,0.8857220155536415
qec,46,0.6459665491000341
qec,46,0.757138409656933
qec,46,0.6459665491000341
qec,46,0.6459665491000341
qec,46,0.757138409656933
qec,46,0.6459665491000341
qec,46,0.7721672167426806
qec,46,0.757138409656933
qec,46,0.7721672167426806
qec,46,0.6783874381904399
qec,46,0.757138409656933
qec,46,0.7721672167426806
qec,46,0.8857220155536415
qec,46,0.8857220155536415
qec,46,0.757138409656933
qec,46,0.7721672167426806
qec,46,0.6459665491000341
qec,46,0.6459665491000341
qec,46,0.6783874381904399
qec,46,0.8857220155536415
qec,46,0.6783874381904399
qec,46,0.8857220155536415
qec,46,0.7721672167426806
qec,46,0.757138409656933
qec,46,0.757138409656933
qec,46,0.757138409656933
qec,46,0.7721672167426806
qec,46,0.757138409656933
qec,46,0.6459665491000341
qec,46,0.757138409656933
qec,46,0.6459665491000341
qec,46,0.7721672167426806
qec,46,0.8023399034803181
qec,46,0.757138409656933
qec,46,0.6783874381904399
qec,46,0.8023399034803181
qec,46,0.6459665491000341
qec,46,0.757138409656933
qec,46,0.8857220155536415
qec,46,0.757138409656933
qec,46,0.8857220155536415
qec,46,0.757138409656933
qec,46,0.6783874381904399
qec,46,0.8023399034803181
qec,46,0.7721672167426806
qec,46,0.6459665491000341
qec,46,0.6459665491000341
qec,46,0.8023399034803181
qec,46,0.6783874381904399
qec,46,0.6783874381904399
qec,46,0.757138409656933
qec,46,0.6783874381904399
qec,46,0.7721672167426806
qec,46,0.8023399034803181
qec,46,0.757138409656933
qec,46,0.757138409656933
qec,46,0.6783874381904399
qec,46,0.757138409656933
qec,46,0.7721672167426806
qec,46,0.7721672167426806
qec,46,0.7721672167426806
qec,46,0.757138409656933
qec,46,0.757138409656933
qec,46,0.757138409656933
qec,46,0.757138409656933
qec,46,0.8857220155536415
qec,46,0.6783874381904399
qec,46,0.6459665491000341
qec,46,0.6783874381904399
qec,46,0.6459665491000341
qec,46,0.7721672167426806
qec,46,0.6783874381904399
qec,46,0.6783874381904399
qec,46,0.7721672167426806
qec,46,0.6459665491000341
qec,46,0.6459665491000341
qec,46,0.757138409656933
qec,46,0.757138409656933
qec,46,0.6783874381904399
qec,46,0.7721672167426806
qec,46,0.6783874381904399
qec,46,0.7721672167426806
qec,46,0.757138409656933
qec,46,0.6783874381904399
qec,46,0.8023399034803181
qec,46,0.8857220155536415
qec,46,0.757138409656933
qec,46,0.7721672167426806
qec,46,0.6459665491000341
qec,46,0.757138409656933
qec,46,0.8857220155536415
qec,46,0.757138409656933
qec,46,0.7721672167426806
qec,46,0.6459665491000341
qec,46,0.8023399034803181
qec,46,0.7721672167426806
qec,46,0.8857220155536415
qec,46,0.757138409656933
qec,46,0.6459665491000341
qec,46,0.6783874381904399
qec,46,0.757138409656933
qec,46,0.757138409656933
qec,46,0.7721672167426806
qec,46,0.6783874381904399
qec,46,0.6459665491000341
qec,46,0.6459665491000341
qec,46,0.8023399034803181
qec,46,0.757138409656933
qec,46,0.6783874381904399
qec,46,0.6459665491000341
qec,46,0.757138409656933
qec,46,0.8857220155536415
qec,46,0.6459665491000341
qec,46,0.757138409656933
qec,46,0.8023399034803181
qec,46,0.8857220155536415
qec,46,0.6783874381904399
qec,46,0.6783874381904399
qec,46,0.6783874381904399
qec,46,0.6783874381904399
qec,46,0.8023399034803181
qec,46,0.757138409656933
qec,46,0.8023399034803181
qec,46,0.7721672167426806
qec,46,0.6459665491000341
qec,46,0.757138409656933
qec,46,0.8857220155536415
qec,46,0.8857220155536415
qec,46,0.757138409656933
qec,46,0.757138409656933
qec,46,0.757138409656933
qec,46,0.6459665491000341
qec,46,0.6783874381904399
qec,46,0.6783874381904399
qec,46,0.6459665491000341
qec,46,0.6783874381904399
qec,46,0.757138409656933
qec,46,0.757138409656933
qec,46,0.6783874381904399
qec,46,0.757138409656933
qec,46,0.757138409656933
qec,46,0.8857220155536415
qec,46,0.8857220155536415
qec,46,0.8023399034803181
qec,46,0.8023399034803181
xeb,48,0.7319766463131124
xeb,48,0.7821547941980901
xeb,48,0.7581862939026583
xeb,48,0.7194097428722137
xeb,48,0.706976058439254
xeb,48,0.8215037197499545
xeb,48,0.7319766463131124
xeb,48,0.7609896544325303
xeb,48,0.7609896544325303
xeb,48,0.8215037197499545
xeb,48,0.7821547941980901
xeb,48,0.8406091138287749
xeb,48,0.7736970213142885
xeb,48,0.7319766463131124
xeb,48,0.8215037197499545
xeb,48,0.7343647891019517
xeb,48,0.7609896544325303
xeb,48,0.8215037197499545
xeb,48,0.7609896544325303
xeb,48,0.8069980971922976
xeb,48,0.7720491893413929
xeb,48,0.6910142585354343
xeb,48,0.7194097428722135
xeb,48,0.6969590194050463
xeb,48,0.7156560495947556
xeb,48,0.706976058439254
xeb,48,0.8332308790052885
xeb,48,0.6969590194050463
xeb,48,0.6965307924698108
xeb,48,0.8215037197499545
xeb,48,0.687303406786346
xeb,48,0.8215037197499545
xeb,48,0.7581862939026583
xeb,48,0.8215037197499545
xeb,48,0.6965307924698108
xeb,48,0.7156560495947556
xeb,48,0.8215037197499545
xeb,48,0.7319766463131124
xeb,48,0.706976058439254
xeb,48,0.7821547941980901
xeb,48,0.7516745886792293
xeb,48,0.7609896544325303
xeb,48,0.8215037197499545
xeb,48,0.7804659120211711
xeb,48,0.8215037197499545
xeb,48,0.6965307924698108
xeb,48,0.6965307924698108
xeb,48,0.6888403658285455
xeb,48,0.7581862939026583
xeb,48,0.7516745886792293
xeb,48,0.8406091138287749
xeb,48,0.6888403658285455
xeb,48,0.7194097428722137
xeb,48,0.7943479105504088
xeb,48,0.8215037197499545
xeb,48,0.6910142585354343
xeb,48,0.7943479105504088
xeb,48,0.8215037197499545
xeb,48,0.8215037197499545
xeb,48,0.8406091138287749
xeb,48,0.7581862939026583
xeb,48,0.687303406786346
xeb,48,0.8215037197499545
xeb,48,0.8215037197499545
xeb,48,0.7609896544325303
xeb,48,0.7821547941980901
xeb,48,0.7736970213142885
xeb,48,0.7194379034520413
xeb,48,0.8069980971922976
xeb,48,0.7156560495947556
xeb,48,0.8123143240966572
xeb,48,0.6888403658285455
xeb,48,0.8215037197499545
xeb,48,0.8215037197499545
xeb,48,0.687303406786346
xeb,48,0.8068825998235493
xeb,48,0.7194097428722135
xeb,48,0.8215037197499545
xeb,48,0.7319766463131124
xeb,48,0.7821547941980901
xeb,48,0.7156560495947556
xeb,48,0.8069980971922976
xeb,48,0.7609896544325303
xeb,48,0.7156560495947556
xeb,48,0.7194097428722135
xeb,48,0.6969590194050463
xeb,48,0.706976058439254
xeb,48,0.7343647891019517
xeb,48,0.706976058439254
xeb,48,0.6948364925017786
xeb,48,0.6910142585354343
xeb,48,0.6965307924698108
xeb,48,0.7736970213142885
xeb,48,0.8255627015969527
xeb,48,0.687303406786346
xeb,48,0.7804659120211711
xeb,48,0.7343647891019517
xeb,48,0.8068825998235493
xeb,48,0.7609896544325303
xeb,48,0.7319766463131124
xeb,48,0.7194379034520413
xeb,48,0.7736970213142885
xeb,48,0.8215037197499545
xeb,48,0.7343647891019517
xeb,48,0.8068825998235493
xeb,48,0.8068825998235493
xeb,48,0.7194097428722135
xeb,48,0.8069980971922976
xeb,48,0.6910142585354343
xeb,48,0.6910142585354343
xeb,48,0.8332308790052885
xeb,48,0.7194097428722135
xeb,48,0.8123143240966572
xeb,48,0.8069980971922976
xeb,48,0.7736970213142885
xeb,48,0.7343647891019517
xeb,48,0.687303406786346
xeb,48,0.8215037197499545
xeb,48,0.687303406786346
xeb,48,0.7516745886792293
xeb,48,0.7194097428722137
xeb,48,0.7343647891019517
xeb,48,0.8215037197499545
xeb,48,0.8068825998235493
xeb,48,0.7736970213142885
xeb,48,0.8215037197499545
xeb,48,0.6969590194050463
xeb,48,0.6969590194050463
xeb,48,0.8069980971922976
xeb,48,0.7194097428722135
xeb,48,0.7156560495947556
xeb,48,0.7609896544325303
xeb,48,0.7156560495947556
xeb,48,0.8069980971922976
xeb,48,0.687303406786346
xeb,48,0.8215037197499545
xeb,48,0.7194379034520413
xeb,48,0.7943479105504088
xeb,48,0.6969590194050463
xeb,48,0.8332308790052885
xeb,48,0.8069980971922976
xeb,48,0.7821547941980901
xeb,48,0.8068825998235493
xeb,48,0.7343647891019517
xeb,48,0.7194379034520413
xeb,48,0.7516745886792293
xeb,48,0.706976058439254
xeb,48,0.8406091138287749
xeb,48,0.8215037197499545
xeb,48,0.7194379034520413
xeb,48,0.8332308790052885
xeb,48,0.7609896544325303
xeb,48,0.7609896544325303
xeb,48,0.7194097428722135
xeb,48,0.6910142585354343
xeb,48,0.8215037197499545
xeb,48,0.7609896544325303
xeb,48,0.7516745886792293
xeb,48,0.7194097428722135
xeb,48,0.6888403658285455
xeb,48,0.8068825998235493
xeb,48,0.6910142585354343
xeb,48,0.6969590194050463
xeb,48,0.7194097428722137
xeb,48,0.8255627015969527
xeb,48,0.8215037197499545
xeb,48,0.687303406786346
xeb,48,0.7609896544325303
xeb,48,0.6948364925017786
xeb,48,0.8069980971922976
xeb,48,0.6910142585354343
xeb,48,0.7194097428722135
xeb,48,0.706976058439254
xeb,48,0.6888403658285455
xeb,48,0.6888403658285455
xeb,48,0.7343647891019517
xeb,48,0.6948364925017786
xeb,48,0.7516745886792293
xeb,48,0.7581862939026583
xeb,48,0.7319766463131124
xeb,48,0.7581862939026583
xeb,48,0.8069980971922976
xeb,48,0.706976058439254
xeb,48,0.8406091138287749
xeb,48,0.8215037197499545
xeb,48,0.8332308790052885
xeb,48,0.7609896544325303
xeb,48,0.7720491893413929
xeb,48,0.8215037197499545
xeb,48,0.8215037197499545
xeb,48,0.7736970213142885
xeb,48,0.7943479105504088
xeb,48,0.8069980971922976
xeb,48,0.7943479105504088
xeb,48,0.6910142585354343
xeb,48,0.7609896544325303
xeb,48,0.6910142585354343
xeb,48,0.6910142585354343
xeb,48,0.8068825998235493
xeb,48,0.8332308790052885
qnn,48,0.6849047655646417
qnn,48,0.7420445067980161
qnn,48,0.7508192465184876
qnn,48,0.7889553637947243
qnn,48,0.5915590046661133
qnn,48,0.8558217932019453
qnn,48,0.7029930419369493
qnn,48,0.7669365978935203
qnn,48,0.7093343295037275
qnn,48,0.7452271104339492
qnn,48,0.867383765029229
qnn,48,0.6415486122122258
qnn,48,0.810887368892446
qnn,48,0.8273109579409115
qnn,48,0.6518313833459995
qnn,48,0.709397861523146
qnn,48,0.8273109579409115
qnn,48,0.6843635524909198
qnn,48,0.709397861523146
qnn,48,0.7411600834685306
qnn,48,0.6493439319974698
qnn,48,0.867383765029229
qnn,48,0.7090672313732009
qnn,48,0.808050165512387
qnn,48,0.7250238209336674
qnn,48,0.7202957670816931
qnn,48,0.6843635524909198
qnn,48,0.6805345714916816
qnn,48,0.5915590046661133
qnn,48,0.7411600834685306
qnn,48,0.7177365674936667
qnn,48,0.8273109579409115
qnn,48,0.810887368892446
qnn,48,0.6843635524909198
qnn,48,0.7062933881095971
qnn,48,0.6176528917422365
qnn,48,0.7446177018630107
qnn,48,0.8363507825139446
qnn,48,0.7446177018630107
qnn,48,0.7860985857279097
qnn,48,0.7669365978935203
qnn,48,0.6719060824312342
qnn,48,0.867383765029229
qnn,48,0.7339335708568692
qnn,48,0.6176528917422365
qnn,48,0.6719060824312342
qnn,48,0.7003331392356934
qnn,48,0.7860985857279097
qnn,48,0.7687133434363093
qnn,48,0.7991812253316094
qnn,48,0.7090672313732009
qnn,48,0.6849047655646417
qnn,48,0.8558217932019453
qnn,48,0.8363507825139446
qnn,48,0.7420445067980161
qnn,48,0.7347296614336576
qnn,48,0.6406362423447418
qnn,48,0.800769283849503
qnn,48,0.6719060824312342
qnn,48,0.7876442681069505
qnn,48,0.6415486122122258
qnn,48,0.7062933881095971
qnn,48,0.6843635524909198
qnn,48,0.6830132655552281
qnn,48,0.810887368892446
qnn,48,0.6415486122122258
qnn,48,0.7347296614336576
qnn,48,0.78334055150604
qnn,48,0.7090672313732009
qnn,48,0.867383765029229
qnn,48,0.7003331392356934
qnn,48,0.8558217932019453
qnn,48,0.6843635524909198
qnn,48,0.7687133434363093
qnn,48,0.6415486122122258
qnn,48,0.800769283849503
qnn,48,0.6488189395192995
qnn,48,0.6719060824312342
qnn,48,0.8012037908894861
qnn,48,0.78334055150604
qnn,48,0.6518313833459995
qnn,48,0.7669365978935203
qnn,48,0.8012037908894861
qnn,48,0.7669365978935203
qnn,48,0.7411600834685306
qnn,48,0.8558217932019453
qnn,48,0.6517829795957172
qnn,48,0.7533121811225544
qnn,48,0.6176528917422365
qnn,48,0.6843635524909198
qnn,48,0.7143320117074218
qnn,48,0.6488189395192995
qnn,48,0.6843635524909198
qnn,48,0.6493439319974698
qnn,48,0.8012037908894861
qnn,48,0.6493439319974698
qnn,48,0.7090672313732009
qnn,48,0.6218681347649375
qnn,48,0.6176528917422365
qnn,48,0.808050165512387
qnn,48,0.7093343295037275
qnn,48,0.7020278452859278
qnn,48,0.7090672313732009
qnn,48,0.6493439319974698
qnn,48,0.7669365978935203
qnn,48,0.7420445067980161
qnn,48,0.7508192465184876
qnn,48,0.808050165512387
qnn,48,0.6843635524909198
qnn,48,0.7508192465184876
qnn,48,0.7411600834685306
qnn,48,0.7090672313732009
qnn,48,0.6517829795957172
qnn,48,0.6849047655646417
qnn,48,0.78334055150604
qnn,48,0.7991812253316094
qnn,48,0.6517829795957172
qnn,48,0.7339335708568692
qnn,48,0.7889553637947243
qnn,48,0.7446177018630107
qnn,48,0.7533121811225544
qnn,48,0.867383765029229
qnn,48,0.7889553637947243
qnn,48,0.7991812253316094
qnn,48,0.7420445067980161
qnn,48,0.6805345714916816
qnn,48,0.6218681347649375
qnn,48,0.8363507825139446
qnn,48,0.7446177018630107
qnn,48,0.5915590046661133
qnn,48,0.7029930419369493
qnn,48,0.7062933881095971
qnn,48,0.800769283849503
qnn,48,0.7093343295037275
qnn,48,0.7092008679689094
qnn,48,0.6849047655646417
qnn,48,0.7876442681069505
qnn,48,0.7092008679689094
qnn,48,0.7991812253316094
qnn,48,0.6843635524909198
qnn,48,0.7508192465184876
qnn,48,0.7062933881095971
qnn,48,0.6573019816708411
qnn,48,0.6719060824312342
qnn,48,0.6518313833459995
qnn,48,0.6518313833459995
qnn,48,0.7029930419369493
qnn,48,0.6518313833459995
qnn,48,0.6218681347649375
qnn,48,0.6415486122122258
qnn,48,0.7452271104339492
qnn,48,0.867383765029229
qnn,48,0.7452271104339492
qnn,48,0.6493439319974698
qnn,48,0.7029930419369493
qnn,48,0.6830132655552281
qnn,48,0.7452271104339492
qnn,48,0.7876442681069505
qnn,48,0.7347296614336576
qnn,48,0.810887368892446
qnn,48,0.6488189395192995
qnn,48,0.6573019816708411
qnn,48,0.6493439319974698
qnn,48,0.8076102300112745
qnn,48,0.808050165512387
qnn,48,0.6719060824312342
qnn,48,0.6218681347649375
qnn,48,0.7420445067980161
qnn,48,0.7003331392356934
qnn,48,0.6518313833459995
qnn,48,0.8363507825139446
qnn,48,0.7347296614336576
qnn,48,0.7177365674936667
qnn,48,0.5915590046661133
qnn,48,0.6849047655646417
qnn,48,0.7669365978935203
qnn,48,0.6849047655646417
qnn,48,0.7996401494500435
qnn,48,0.8558217932019453
qnn,48,0.6218681347649375
qnn,48,0.7062933881095971
qnn,48,0.7143320117074218
qnn,48,0.7876442681069505
qnn,48,0.6843635524909198
qnn,48,0.6849047655646417
qnn,48,0.6517829795957172
qnn,48,0.7062933881095971
qnn,48,0.6218681347649375
qnn,48,0.7452271104339492
qnn,48,0.7876442681069505
qnn,48,0.7996401494500435
qnn,48,0.709397861523146
qnn,48,0.7003331392356934
qnn,48,0.6830132655552281
qnn,48,0.78334055150604
qnn,48,0.808050165512387
qnn,48,0.6415486122122258
qnn,48,0.8558217932019453
qnn,48,0.6406362423447418
qnn,48,0.8012037908894861
shor,48,0.8311512380428436
shor,48,0.8491110459079373
shor,48,0.7026361263297309
shor,48,0.6591340114645613
shor,48,0.8353812457721173
shor,48,0.6890642837776777
shor,48,0.63943213918321
shor,48,0.7811663837538354
shor,48,0.7963415733089644
shor,48,0.7026361263297309
shor,48,0.6282604992372712
shor,48,0.6591340114645613
shor,48,0.8578385490598681
shor,48,0.8353812457721173
shor,48,0.7955263769629163
shor,48,0.8404320272320294
shor,48,0.7550241674942602
shor,48,0.6335733936063693
shor,48,0.7026361263297309
shor,48,0.7422012275321699
shor,48,0.7282241401504443
shor,48,0.6313687999624984
shor,48,0.7313714276293438
shor,48,0.793978347915058
shor,48,0.6313687999624984
shor,48,0.7330370245249679
shor,48,0.7351665610449383
shor,48,0.6335733936063693
shor,48,0.6099139506668982
shor,48,0.7223906497978527
shor,48,0.7219169315948163
shor,48,0.7351665610449383
shor,48,0.7313714276293438
shor,48,0.7483805872515545
shor,48,0.7313714276293438
shor,48,0.8404320272320294
shor,48,0.7256408911626994
shor,48,0.8491110459079373
shor,48,0.8578385490598681
shor,48,0.6078829286232224
shor,48,0.7282241401504443
shor,48,0.8578385490598681
shor,48,0.7422012275321699
shor,48,0.7963415733089644
shor,48,0.6890642837776777
shor,48,0.7313714276293438
shor,48,0.7811663837538354
shor,48,0.7811663837538354
shor,48,0.7026361263297309
shor,48,0.7330370245249679
shor,48,0.8311512380428436
shor,48,0.6591340114645613
shor,48,0.7302619481081237
shor,48,0.8578385490598681
shor,48,0.6282604992372712
shor,48,0.793978347915058
shor,48,0.8579687059265737
shor,48,0.7219169315948163
shor,48,0.6099139506668982
shor,48,0.63943213918321
shor,48,0.7282241401504443
shor,48,0.8579687059265737
shor,48,0.8311512380428436
shor,48,0.7223906497978527
shor,48,0.6313687999624984
shor,48,0.6591340114645615
shor,48,0.7955263769629163
shor,48,0.6890642837776777
shor,48,0.7153181594660544
shor,48,0.8578385490598681
shor,48,0.7256408911626994
shor,48,0.7026361263297309
shor,48,0.7811663837538354
shor,48,0.7302619481081237
shor,48,0.8787335216902421
shor,48,0.6591340114645613
shor,48,0.7963415733089644
shor,48,0.793978347915058
shor,48,0.7223906497978527
shor,48,0.8491110459079373
shor,48,0.6591340114645613
shor,48,0.6282604992372712
shor,48,0.8311512380428436
shor,48,0.6591340114645615
shor,48,0.7302619481081237
shor,48,0.793978347915058
shor,48,0.7550241674942602
shor,48,0.63943213918321
shor,48,0.7811663837538354
shor,48,0.7330370245249679
shor,48,0.7330370245249679
shor,48,0.6591340114645615
shor,48,0.6282604992372712
shor,48,0.7811663837538354
shor,48,0.6313687999624984
shor,48,0.6591340114645613
shor,48,0.6591340114645613
shor,48,0.8491110459079373
shor,48,0.7963415733089644
shor,48,0.7026361263297309
shor,48,0.6099139506668982
shor,48,0.7811663837538354
shor,48,0.8353812457721173
shor,48,0.7811663837538354
shor,48,0.7045908015992807
shor,48,0.7219169315948163
shor,48,0.8311512380428436
shor,48,0.6591340114645615
shor,48,0.7963415733089644
shor,48,0.7045908015992807
shor,48,0.7026361263297309
shor,48,0.7302619481081237
shor,48,0.7026361263297309
shor,48,0.6078829286232224
shor,48,0.63943213918321
shor,48,0.6313687999624984
shor,48,0.8579687059265737
shor,48,0.7045908015992807
shor,48,0.7302619481081237
shor,48,0.6591340114645613
shor,48,0.793978347915058
shor,48,0.7969650245375753
shor,48,0.7550241674942602
shor,48,0.8491110459079373
shor,48,0.6591340114645613
shor,48,0.8578385490598681
shor,48,0.7153181594660544
shor,48,0.6591340114645613
shor,48,0.7963415733089644
shor,48,0.6099139506668982
shor,48,0.63943213918321
shor,48,0.8578385490598681
shor,48,0.7313714276293438
shor,48,0.7351665610449383
shor,48,0.7302619481081237
shor,48,0.7422012275321699
shor,48,0.6890642837776777
shor,48,0.6078829286232224
shor,48,0.6591340114645613
shor,48,0.7351665610449383
shor,48,0.8311512380428436
shor,48,0.8491110459079373
shor,48,0.6591340114645615
shor,48,0.63943213918321
shor,48,0.6335733936063693
shor,48,0.8353812457721173
shor,48,0.6591340114645615
shor,48,0.793978347915058
shor,48,0.7313714276293438
shor,48,0.6890642837776777
shor,48,0.7422012275321699
shor,48,0.7219169315948163
shor,48,0.7811663837538354
shor,48,0.8491110459079373
shor,48,0.7963415733089644
shor,48,0.8578385490598681
shor,48,0.7302619481081237
shor,48,0.7483805872515545
shor,48,0.6282604992372712
shor,48,0.6078829286232224
shor,48,0.6078829286232224
shor,48,0.7955263769629163
shor,48,0.793978347915058
shor,48,0.8578385490598681
shor,48,0.8311512380428436
shor,48,0.7153181594660544
shor,48,0.63943213918321
shor,48,0.793978347915058
shor,48,0.6335733936063693
shor,48,0.7153181594660544
shor,48,0.793978347915058
shor,48,0.6313687999624984
shor,48,0.7422012275321699
shor,48,0.6335733936063693
shor,48,0.7811663837538354
shor,48,0.7811663837538354
shor,48,0.7550241674942602
shor,48,0.8311512380428436
shor,48,0.7330370245249679
shor,48,0.7969650245375753
shor,48,0.7550241674942602
shor,48,0.8404320272320294
shor,48,0.8787335216902421
shor,48,0.7483805872515545
shor,48,0.7294465420650997
shor,48,0.7550241674942602
shor,48,0.8677721831996759
shor,48,0.7330370245249679
shor,48,0.7351665610449383
shor,48,0.7963415733089644
shor,48,0.8677721831996759
shor,48,0.6313687999624984
shor,48,0.8353812457721173
shor,48,0.6591340114645613
shor,48,0.7969650245375753
shor,48,0.6890642837776777
shor,48,0.8579687059265737
shor,48,0.7282241401504443
shor,48,0.6282604992372712
shor,48,0.7256408911626994
qec,48,0.785403699471093
qec,48,0.8116518465411433
qec,48,0.7574952611713417
qec,48,0.6723630231877914
qec,48,0.8116518465411433
qec,48,0.8116518465411433
qec,48,0.6723630231877914
qec,48,0.9111096315385528
qec,48,0.7574952611713417
qec,48,0.6895831343507632
qec,48,0.9111096315385528
qec,48,0.9111096315385528
qec,48,0.785403699471093
qec,48,0.8116518465411433
qec,48,0.6895831343507632
qec,48,0.7574952611713417
qec,48,0.7574952611713417
qec,48,0.785403699471093
qec,48,0.8116518465411433
qec,48,0.785403699471093
qec,48,0.8116518465411433
qec,48,0.8116518465411433
qec,48,0.7574952611713417
qec,48,0.7574952611713417
qec,48,0.9111096315385528
qec,48,0.9111096315385528
qec,48,0.785403699471093
qec,48,0.6895831343507632
qec,48,0.7574952611713417
qec,48,0.6723630231877914
qec,48,0.9111096315385528
qec,48,0.785403699471093
qec,48,0.8116518465411433
qec,48,0.785403699471093
qec,48,0.6895831343507632
qec,48,0.6895831343507632
qec,48,0.7574952611713417
qec,48,0.7574952611713417
qec,48,0.9111096315385528
qec,48,0.6723630231877914
qec,48,0.9111096315385528
qec,48,0.7574952611713417
qec,48,0.7574952611713417
qec,48,0.8116518465411433
qec,48,0.8116518465411433
qec,48,0.6723630231877914
qec,48,0.9111096315385528
qec,48,0.7574952611713417
qec,48,0.9111096315385528
qec,48,0.6895831343507632
qec,48,0.8116518465411433
qec,48,0.6895831343507632
qec,48,0.785403699471093
qec,48,0.6723630231877914
qec,48,0.9111096315385528
qec,48,0.7574952611713417
qec,48,0.7574952611713417
qec,48,0.9111096315385528
qec,48,0.7574952611713417
qec,48,0.7574952611713417
qec,48,0.7574952611713417
qec,48,0.8116518465411433
qec,48,0.6723630231877914
qec,48,0.6723630231877914
qec,48,0.9111096315385528
qec,48,0.9111096315385528
qec,48,0.9111096315385528
qec,48,0.7574952611713417
qec,48,0.785403699471093
qec,48,0.7574952611713417
qec,48,0.785403699471093
qec,48,0.6895831343507632
qec,48,0.785403699471093
qec,48,0.9111096315385528
qec,48,0.9111096315385528
qec,48,0.7574952611713417
qec,48,0.785403699471093
qec,48,0.785403699471093
qec,48,0.7574952611713417
qec,48,0.7574952611713417
qec,48,0.9111096315385528
qec,48,0.785403699471093
qec,48,0.7574952611713417
qec,48,0.7574952611713417
qec,48,0.785403699471093
qec,48,0.9111096315385528
qec,48,0.9111096315385528
qec,48,0.6723630231877914
qec,48,0.785403699471093
qec,48,0.6895831343507632
qec,48,0.785403699471093
qec,48,0.7574952611713417
qec,48,0.9111096315385528
qec,48,0.6895831343507632
qec,48,0.7574952611713417
qec,48,0.6895831343507632
qec,48,0.7574952611713417
qec,48,0.8116518465411433
qec,48,0.6895831343507632
qec,48,0.7574952611713417
qec,48,0.785403699471093
qec,48,0.9111096315385528
qec,48,0.7574952611713417
qec,48,0.9111096315385528
qec,48,0.8116518465411433
qec,48,0.8116518465411433
qec,48,0.6723630231877914
qec,48,0.9111096315385528
qec,48,0.6723630231877914
qec,48,0.6723630231877914
qec,48,0.785403699471093
qec,48,0.7574952611713417
qec,48,0.7574952611713417
qec,48,0.7574952611713417
qec,48,0.9111096315385528
qec,48,0.8116518465411433
qec,48,0.7574952611713417
qec,48,0.8116518465411433
qec,48,0.6723630231877914
qec,48,0.6723630231877914
qec,48,0.9111096315385528
qec,48,0.7574952611713417
qec,48,0.9111096315385528
qec,48,0.8116518465411433
qec,48,0.7574952611713417
qec,48,0.6723630231877914
qec,48,0.785403699471093
qec,48,0.8116518465411433
qec,48,0.6723630231877914
qec,48,0.785403699471093
qec,48,0.8116518465411433
qec,48,0.9111096315385528
qec,48,0.8116518465411433
qec,48,0.7574952611713417
qec,48,0.8116518465411433
qec,48,0.6895831343507632
qec,48,0.8116518465411433
qec,48,0.785403699471093
qec,48,0.6895831343507632
qec,48,0.7574952611713417
qec,48,0.8116518465411433
qec,48,0.785403699471093
qec,48,0.7574952611713417
qec,48,0.785403699471093
qec,48,0.9111096315385528
qec,48,0.8116518465411433
qec,48,0.6895831343507632
qec,48,0.9111096315385528
qec,48,0.9111096315385528
qec,48,0.7574952611713417
qec,48,0.8116518465411433
qec,48,0.7574952611713417
qec,48,0.6723630231877914
qec,48,0.8116518465411433
qec,48,0.6723630231877914
qec,48,0.6895831343507632
qec,48,0.6895831343507632
qec,48,0.6895831343507632
qec,48,0.7574952611713417
qec,48,0.7574952611713417
qec,48,0.9111096315385528
qec,48,0.8116518465411433
qec,48,0.6895831343507632
qec,48,0.9111096315385528
qec,48,0.6723630231877914
qec,48,0.8116518465411433
qec,48,0.6895831343507632
qec,48,0.7574952611713417
qec,48,0.8116518465411433
qec,48,0.9111096315385528
qec,48,0.6895831343507632
qec,48,0.6723630231877914
qec,48,0.7574952611713417
qec,48,0.785403699471093
qec,48,0.6895831343507632
qec,48,0.7574952611713417
qec,48,0.785403699471093
qec,48,0.7574952611713417
qec,48,0.7574952611713417
qec,48,0.6723630231877914
qec,48,0.6895831343507632
qec,48,0.9111096315385528
qec,48,0.6895831343507632
qec,48,0.6723630231877914
qec,48,0.8116518465411433
qec,48,0.6723630231877914
qec,48,0.6895831343507632
qec,48,0.6723630231877914
qec,48,0.9111096315385528
qec,48,0.8116518465411433
qec,48,0.6723630231877914
qec,48,0.6895831343507632
qec,48,0.6895831343507632
qec,48,0.6723630231877914
qec,48,0.7574952611713417
qec,48,0.7574952611713417
qec,48,0.6723630231877914
qec,48,0.9111096315385528
qec,48,0.8116518465411433
qec,48,0.8116518465411433
xeb,50,0.8435885259702381
xeb,50,0.7620531781507022
xeb,50,0.7422660972386603
xeb,50,0.8517831312903974
xeb,50,0.7690535343589248
xeb,50,0.7517055449818999
xeb,50,0.8601781312397206
xeb,50,0.7531121769422521
xeb,50,0.7690535343589248
xeb,50,0.7497885669765604
xeb,50,0.7961044156520115
xeb,50,0.7635604988301842
xeb,50,0.7981597607840033
xeb,50,0.7961044156520115
xeb,50,0.7690535343589248
xeb,50,0.6279913576586653
xeb,50,0.8327954480157531
xeb,50,0.8135651903089584
xeb,50,0.8017498777588196
xeb,50,0.7961044156520115
xeb,50,0.7961044156520115
xeb,50,0.793719403833621
xeb,50,0.8650289186168311
xeb,50,0.7456005278486144
xeb,50,0.8579969660832895
xeb,50,0.7456005278486144
xeb,50,0.7456005278486144
xeb,50,0.8327954480157531
xeb,50,0.7690535343589248
xeb,50,0.7981597607840033
xeb,50,0.7422660972386603
xeb,50,0.8579969660832895
xeb,50,0.7620531781507022
xeb,50,0.6279913576586653
xeb,50,0.8323933197133179
xeb,50,0.6774539281862135
xeb,50,0.7119422743602478
xeb,50,0.8650289186168311
xeb,50,0.8435885259702381
xeb,50,0.8125166125744715
xeb,50,0.8435885259702381
xeb,50,0.8125166125744715
xeb,50,0.8323933197133179
xeb,50,0.7991356437576849
xeb,50,0.7635604988301842
xeb,50,0.7961044156520115
xeb,50,0.8435885259702381
xeb,50,0.7991356437576849
xeb,50,0.7531121769422521
xeb,50,0.8135651903089584
xeb,50,0.8650289186168311
xeb,50,0.7961044156520115
xeb,50,0.864854084786381
xeb,50,0.8017498777588196
xeb,50,0.8601781312397206
xeb,50,0.8125166125744715
xeb,50,0.8435885259702381
xeb,50,0.8327954480157531
xeb,50,0.7531121769422521
xeb,50,0.7735117944017695
xeb,50,0.7614585334203169
xeb,50,0.7981597607840033
xeb,50,0.7635604988301842
xeb,50,0.8517831312903974
xeb,50,0.8327954480157531
xeb,50,0.8841332787078839
xeb,50,0.793719403833621
xeb,50,0.8125166125744715
xeb,50,0.8194373423549111
xeb,50,0.793719403833621
xeb,50,0.7620531781507022
xeb,50,0.7517055449818999
xeb,50,0.7961044156520115
xeb,50,0.801931402549445
xeb,50,0.7422660972386603
xeb,50,0.8457018465966067
xeb,50,0.7065717648459792
xeb,50,0.7774833542514578
xeb,50,0.7517055449818999
xeb,50,0.7735117944017695
xeb,50,0.793719403833621
xeb,50,0.7638022111878886
xeb,50,0.7620531781507022
xeb,50,0.7620531781507022
xeb,50,0.6774539281862135
xeb,50,0.8194373423549111
xeb,50,0.7456005278486144
xeb,50,0.8841332787078839
xeb,50,0.7614585334203169
xeb,50,0.7961044156520115
xeb,50,0.7961044156520115
xeb,50,0.791597030483904
xeb,50,0.7735117944017695
xeb,50,0.6279913576586653
xeb,50,0.8017498777588196
xeb,50,0.7422660972386603
xeb,50,0.864854084786381
xeb,50,0.7497885669765604
xeb,50,0.7614585334203169
xeb,50,0.8579969660832895
xeb,50,0.7517055449818999
xeb,50,0.6774539281862135
xeb,50,0.8457018465966067
xeb,50,0.8064639189198844
xeb,50,0.8064639189198844
xeb,50,0.7065717648459792
xeb,50,0.8841332787078839
xeb,50,0.8327954480157531
xeb,50,0.801931402549445
xeb,50,0.6774539281862135
xeb,50,0.8579969660832895
xeb,50,0.7774833542514578
xeb,50,0.760463353202721
xeb,50,0.8135651903089584
xeb,50,0.8457018465966067
xeb,50,0.7961044156520115
xeb,50,0.760463353202721
xeb,50,0.7119422743602478
xeb,50,0.7456005278486144
xeb,50,0.7228871914147519
xeb,50,0.7961044156520115
xeb,50,0.7620531781507022
xeb,50,0.760463353202721
xeb,50,0.7614585334203169
xeb,50,0.8194373423549111
xeb,50,0.8601781312397206
xeb,50,0.7228871914147519
xeb,50,0.7119422743602478
xeb,50,0.7422660972386603
xeb,50,0.7961044156520115
xeb,50,0.8650289186168311
xeb,50,0.864854084786381
xeb,50,0.7981597607840033
xeb,50,0.7961044156520115
xeb,50,0.7725712290553314
xeb,50,0.8457018465966067
xeb,50,0.6279913576586653
xeb,50,0.7531121769422521
xeb,50,0.7961044156520115
xeb,50,0.8579969660832895
xeb,50,0.7961044156520115
xeb,50,0.7961044156520115
xeb,50,0.7735117944017695
xeb,50,0.7638022111878886
xeb,50,0.7961044156520115
xeb,50,0.8135651903089584
xeb,50,0.8017498777588196
xeb,50,0.8457018465966067
xeb,50,0.7517055449818999
xeb,50,0.7614585334203169
xeb,50,0.8064639189198844
xeb,50,0.7517055449818999
xeb,50,0.7643804232992242
xeb,50,0.8125166125744715
xeb,50,0.7065717648459792
xeb,50,0.7638022111878886
xeb,50,0.7422660972386603
xeb,50,0.7517055449818999
xeb,50,0.7497885669765604
xeb,50,0.6774539281862135
xeb,50,0.7456005278486144
xeb,50,0.7456005278486144
xeb,50,0.7961044156520115
xeb,50,0.8125166125744715
xeb,50,0.7614585334203169
xeb,50,0.7456005278486144
xeb,50,0.8435885259702381
xeb,50,0.7774833542514578
xeb,50,0.7961044156520115
xeb,50,0.8064639189198844
xeb,50,0.7961044156520115
xeb,50,0.7961044156520115
xeb,50,0.7119422743602478
xeb,50,0.7456005278486144
xeb,50,0.7643804232992242
xeb,50,0.7422660972386603
xeb,50,0.7614585334203169
xeb,50,0.7614585334203169
xeb,50,0.8457018465966067
xeb,50,0.7497885669765604
xeb,50,0.8517831312903974
xeb,50,0.7531121769422521
xeb,50,0.791597030483904
xeb,50,0.8435885259702381
xeb,50,0.7735117944017695
xeb,50,0.7690535343589248
xeb,50,0.793719403833621
xeb,50,0.8135651903089584
xeb,50,0.7517055449818999
xeb,50,0.8457018465966067
xeb,50,0.7981597607840033
xeb,50,0.8457018465966067
xeb,50,0.7991356437576849
xeb,50,0.864854084786381
xeb,50,0.7774833542514578
xeb,50,0.7065717648459792
xeb,50,0.7456005278486144
xeb,50,0.801931402549445
xeb,50,0.7991356437576849
xeb,50,0.7961044156520115
qnn,50,0.7475612614902355
qnn,50,0.8387717281410104
qnn,50,0.7890307823414865
qnn,50,0.7102611307880053
qnn,50,0.7913760949736048
qnn,50,0.7194703949425015
qnn,50,0.6746978399107932
qnn,50,0.7952894274513695
qnn,50,0.7475612614902355
qnn,50,0.8801663658229734
qnn,50,0.6708801820404214
qnn,50,0.7952894274513695
qnn,50,0.8390034097472446
qnn,50,0.6746978399107932
qnn,50,0.8189305165903046
qnn,50,0.7398090695910623
qnn,50,0.6746978399107932
qnn,50,0.6247592856220049
qnn,50,0.8801663658229734
qnn,50,0.6593035865885242
qnn,50,0.7186597431170736
qnn,50,0.745608478668917
qnn,50,0.7746305220111935
qnn,50,0.7913760949736048
qnn,50,0.7890307823414865
qnn,50,0.7913760949736048
qnn,50,0.7708843340186716
qnn,50,0.8004195727376118
qnn,50,0.7708843340186716
qnn,50,0.8103436371098646
qnn,50,0.7754025281153945
qnn,50,0.8501610212306321
qnn,50,0.7186597431170736
qnn,50,0.6247592856220049
qnn,50,0.7475612614902355
qnn,50,0.8056066983764992
qnn,50,0.6956454211049817
qnn,50,0.8213631954819788
qnn,50,0.7913760949736048
qnn,50,0.746106170457705
qnn,50,0.7475612614902355
qnn,50,0.745608478668917
qnn,50,0.7468288023715051
qnn,50,0.8801663658229734
qnn,50,0.8189305165903046
qnn,50,0.8444445174195752
qnn,50,0.7568822737848271
qnn,50,0.6956454211049817
qnn,50,0.7102611307880053
qnn,50,0.8036314119427181
qnn,50,0.8004195727376118
qnn,50,0.682656969673423
qnn,50,0.7242514355732521
qnn,50,0.6539454188762093
qnn,50,0.7754025281153945
qnn,50,0.6449097444116755
qnn,50,0.746106170457705
qnn,50,0.7222862410474311
qnn,50,0.8013239735480697
qnn,50,0.665146340986743
qnn,50,0.7468288023715051
qnn,50,0.8330506547386763
qnn,50,0.8004195727376118
qnn,50,0.6956454211049817
qnn,50,0.7940401069206351
qnn,50,0.6708801820404214
qnn,50,0.8387717281410104
qnn,50,0.8036314119427181
qnn,50,0.6449097444116755
qnn,50,0.7952894274513695
qnn,50,0.6746978399107932
qnn,50,0.7233031590665003
qnn,50,0.8390034097472446
qnn,50,0.745608478668917
qnn,50,0.6449097444116755
qnn,50,0.7754025281153945
qnn,50,0.7708843340186716
qnn,50,0.7940401069206351
qnn,50,0.7194703949425015
qnn,50,0.8501610212306321
qnn,50,0.747974178862786
qnn,50,0.7194703949425015
qnn,50,0.8011719818029741
qnn,50,0.746106170457705
qnn,50,0.682656969673423
qnn,50,0.8801663658229734
qnn,50,0.8103436371098646
qnn,50,0.8189305165903046
qnn,50,0.8069860187987508
qnn,50,0.8689799028341552
qnn,50,0.8387717281410104
qnn,50,0.8330506547386763
qnn,50,0.8501610212306321
qnn,50,0.8213631954819788
qnn,50,0.7890307823414865
qnn,50,0.8330506547386763
qnn,50,0.7754025281153945
qnn,50,0.8004195727376118
qnn,50,0.7913760949736048
qnn,50,0.7708843340186716
qnn,50,0.8689799028341552
qnn,50,0.7593314893364376
qnn,50,0.6593035865885242
qnn,50,0.8390034097472446
qnn,50,0.7423568876933638
qnn,50,0.8387717281410104
qnn,50,0.665146340986743
qnn,50,0.7952894274513695
qnn,50,0.7102611307880053
qnn,50,0.8017827998293907
qnn,50,0.8213631954819788
qnn,50,0.8689799028341552
qnn,50,0.8011719818029741
qnn,50,0.7746305220111935
qnn,50,0.7890307823414865
qnn,50,0.8004195727376118
qnn,50,0.7913760949736048
qnn,50,0.7233031590665003
qnn,50,0.8620158470221068
qnn,50,0.8017827998293907
qnn,50,0.6449097444116755
qnn,50,0.7242514355732521
qnn,50,0.7423568876933638
qnn,50,0.8004195727376118
qnn,50,0.8330506547386763
qnn,50,0.7708843340186716
qnn,50,0.7890307823414865
qnn,50,0.8501610212306321
qnn,50,0.8004195727376118
qnn,50,0.8056066983764992
qnn,50,0.7952894274513695
qnn,50,0.8004195727376118
qnn,50,0.7102611307880053
qnn,50,0.8103436371098646
qnn,50,0.8069860187987508
qnn,50,0.7468288023715051
qnn,50,0.7593314893364376
qnn,50,0.7952894274513695
qnn,50,0.8011719818029741
qnn,50,0.7222862410474311
qnn,50,0.7194703949425015
qnn,50,0.8017827998293907
qnn,50,0.6593401677760914
qnn,50,0.7631446620742147
qnn,50,0.8069860187987508
qnn,50,0.7102611307880053
qnn,50,0.682656969673423
qnn,50,0.7568822737848271
qnn,50,0.682656969673423
qnn,50,0.8103436371098646
qnn,50,0.8036314119427181
qnn,50,0.6247592856220049
qnn,50,0.745608478668917
qnn,50,0.7242514355732521
qnn,50,0.6247592856220049
qnn,50,0.7398090695910623
qnn,50,0.7940401069206351
qnn,50,0.8444445174195752
qnn,50,0.745608478668917
qnn,50,0.7746305220111935
qnn,50,0.6247592856220049
qnn,50,0.7186597431170736
qnn,50,0.7754025281153945
qnn,50,0.7186597431170736
qnn,50,0.7754025281153945
qnn,50,0.8011719818029741
qnn,50,0.6956454211049817
qnn,50,0.6593035865885242
qnn,50,0.7186597431170736
qnn,50,0.7423568876933638
qnn,50,0.6746978399107932
qnn,50,0.8004195727376118
qnn,50,0.6593035865885242
qnn,50,0.7746305220111935
qnn,50,0.682656969673423
qnn,50,0.745608478668917
qnn,50,0.7222862410474311
qnn,50,0.682656969673423
qnn,50,0.8245024495954897
qnn,50,0.7708843340186716
qnn,50,0.7940401069206351
qnn,50,0.7913760949736048
qnn,50,0.8620158470221068
qnn,50,0.7398090695910623
qnn,50,0.8390034097472446
qnn,50,0.7233031590665003
qnn,50,0.8069860187987508
qnn,50,0.6598720588777679
qnn,50,0.745608478668917
qnn,50,0.7890307823414865
qnn,50,0.8069860187987508
qnn,50,0.6539454188762093
qnn,50,0.746106170457705
qnn,50,0.8245024495954897
qnn,50,0.7186597431170736
qnn,50,0.6593401677760914
qnn,50,0.8501610212306321
qnn,50,0.7940401069206351
qnn,50,0.8330506547386763
qnn,50,0.7233031590665003
shor,50,0.8250082702200312
shor,50,0.6440485118746582
shor,50,0.8408917706603674
shor,50,0.7937715517652773
shor,50,0.8348347457641607
shor,50,0.8656408181513283
shor,50,0.8280161999676734
shor,50,0.8235557327785048
shor,50,0.8306459259698216
shor,50,0.7766992686204742
shor,50,0.7965118581291515
shor,50,0.8309461425092384
shor,50,0.9238860640974147
shor,50,0.9279744704495623
shor,50,0.6725792442878982
shor,50,0.7415731255916342
shor,50,0.6725792442878983
shor,50,0.9042230227078908
shor,50,0.8408917706603674
shor,50,0.6440485118746582
shor,50,0.6725792442878983
shor,50,0.8280161999676734
shor,50,0.7721996731683048
shor,50,0.8280161999676734
shor,50,0.6170338220320135
shor,50,0.9160807352587693
shor,50,0.7721996731683048
shor,50,0.7705660285744169
shor,50,0.6440485118746582
shor,50,0.7639946870546277
shor,50,0.8348347457641605
shor,50,0.9279744704495623
shor,50,0.8250082702200312
shor,50,0.8348347457641607
shor,50,0.6725792442878983
shor,50,0.7705660285744169
shor,50,0.8408917706603674
shor,50,0.7415731255916342
shor,50,0.6170338220320135
shor,50,0.8259832427329786
shor,50,0.8306459259698216
shor,50,0.8348347457641605
shor,50,0.7965118581291515
shor,50,0.7587063825122571
shor,50,0.7800688064066303
shor,50,0.8250082702200312
shor,50,0.8408917706603674
shor,50,0.8572768531332262
shor,50,0.8348347457641607
shor,50,0.7705660285744169
shor,50,0.7708004412960631
shor,50,0.8348347457641607
shor,50,0.8572768531332262
shor,50,0.7766992686204742
shor,50,0.8656408181513283
shor,50,0.8259832427329786
shor,50,0.8656408181513283
shor,50,0.7721996731683048
shor,50,0.7965118581291515
shor,50,0.8711255367238981
shor,50,0.7800688064066303
shor,50,0.7684449922399759
shor,50,0.7766992686204742
shor,50,0.9160807352587693
shor,50,0.7684449922399759
shor,50,0.8280161999676734
shor,50,0.9160807352587693
shor,50,0.8711255367238981
shor,50,0.8259832427329786
shor,50,0.8280161999676734
shor,50,0.7766992686204742
shor,50,0.7639946870546277
shor,50,0.7715846534831502
shor,50,0.6459612008590611
shor,50,0.6725792442878982
shor,50,0.8280161999676734
shor,50,0.6280966193065403
shor,50,0.6725792442878982
shor,50,0.8235557327785048
shor,50,0.7965118581291515
shor,50,0.9042230227078908
shor,50,0.6440485118746582
shor,50,0.7800688064066303
shor,50,0.8306459259698216
shor,50,0.9487245014605247
shor,50,0.7705660285744169
shor,50,0.7415731255916342
shor,50,0.7937715517652773
shor,50,0.6440485118746582
shor,50,0.8235557327785048
shor,50,0.9160807352587693
shor,50,0.6280966193065403
shor,50,0.7800688064066303
shor,50,0.7587063825122571
shor,50,0.9487245014605247
shor,50,0.9238860640974147
shor,50,0.8259832427329786
shor,50,0.9042230227078908
shor,50,0.8309461425092384
shor,50,0.7639946870546277
shor,50,0.8309461425092384
shor,50,0.6170338220320135
shor,50,0.738409135318045
shor,50,0.7705660285744169
shor,50,0.9160807352587693
shor,50,0.8306459259698216
shor,50,0.7766992686204742
shor,50,0.9279744704495623
shor,50,0.6725792442878983
shor,50,0.6725792442878983
shor,50,0.9042230227078908
shor,50,0.8572768531332262
shor,50,0.6440485118746582
shor,50,0.8259832427329786
shor,50,0.6725792442878983
shor,50,0.9160807352587693
shor,50,0.9279744704495623
shor,50,0.7415731255916342
shor,50,0.7800688064066303
shor,50,0.9279744704495623
shor,50,0.7965118581291515
shor,50,0.9314233059565904
shor,50,0.9487245014605247
shor,50,0.7800688064066303
shor,50,0.738409135318045
shor,50,0.8306459259698216
shor,50,0.7639946870546277
shor,50,0.7937715517652773
shor,50,0.7708004412960631
shor,50,0.7766992686204742
shor,50,0.8280161999676734
shor,50,0.6459612008590611
shor,50,0.7510707552336205
shor,50,0.7708004412960631
shor,50,0.9160807352587693
shor,50,0.9238860640974147
shor,50,0.7639946870546277
shor,50,0.7708004412960631
shor,50,0.7705660285744169
shor,50,0.7708004412960631
shor,50,0.8235557327785048
shor,50,0.7766992686204742
shor,50,0.6725792442878983
shor,50,0.6440485118746582
shor,50,0.8656408181513283
shor,50,0.7766992686204742
shor,50,0.7705660285744169
shor,50,0.6170338220320135
shor,50,0.8408917706603674
shor,50,0.7715846534831502
shor,50,0.7766992686204742
shor,50,0.7510707552336205
shor,50,0.7510707552336205
shor,50,0.8408917706603674
shor,50,0.9487245014605247
shor,50,0.8309461425092384
shor,50,0.9487245014605247
shor,50,0.6170338220320135
shor,50,0.9487245014605247
shor,50,0.7721996731683048
shor,50,0.6459612008590611
shor,50,0.8348347457641607
shor,50,0.8250082702200312
shor,50,0.7705660285744169
shor,50,0.7715846534831502
shor,50,0.9160807352587693
shor,50,0.6725792442878983
shor,50,0.6459612008590611
shor,50,0.8235557327785048
shor,50,0.8348347457641607
shor,50,0.8711255367238981
shor,50,0.6725792442878983
shor,50,0.8259832427329786
shor,50,0.8572768531332262
shor,50,0.7705660285744169
shor,50,0.6725792442878982
shor,50,0.7715846534831502
shor,50,0.8572768531332262
shor,50,0.7766992686204742
shor,50,0.7715846534831502
shor,50,0.7587063825122571
shor,50,0.7965118581291515
shor,50,0.7510707552336205
shor,50,0.8235557327785048
shor,50,0.9314233059565904
shor,50,0.8306459259698216
shor,50,0.8348347457641607
shor,50,0.8259832427329786
shor,50,0.9238860640974147
shor,50,0.8348347457641607
shor,50,0.8280161999676734
shor,50,0.8280161999676734
shor,50,0.7587063825122571
shor,50,0.7708004412960631
shor,50,0.7684449922399759
shor,50,0.6725792442878982
shor,50,0.7715846534831502
shor,50,0.8348347457641607
shor,50,0.7766992686204742
shor,50,0.9314233059565904
qec,50,0.7580952343345703
qec,50,0.6976788830247681
qec,50,0.7540801028905036
qec,50,0.911669212560143
qec,50,0.6976788830247681
qec,50,0.8070756026201231
qec,50,0.911669212560143
qec,50,0.7540801028905036
qec,50,0.8070756026201231
qec,50,0.8070756026201231
qec,50,0.7540801028905036
qec,50,0.911669212560143
qec,50,0.8070756026201231
qec,50,0.7580952343345703
qec,50,0.8281127339848611
qec,50,0.7580952343345703
qec,50,0.7540801028905036
qec,50,0.911669212560143
qec,50,0.911669212560143
qec,50,0.8070756026201231
qec,50,0.7580952343345703
qec,50,0.7580952343345703
qec,50,0.8070756026201231
qec,50,0.8281127339848611
qec,50,0.8070756026201231
qec,50,0.6976788830247681
qec,50,0.7540801028905036
qec,50,0.8070756026201231
qec,50,0.8070756026201231
qec,50,0.6976788830247681
qec,50,0.7580952343345703
qec,50,0.7580952343345703
qec,50,0.7540801028905036
qec,50,0.7580952343345703
qec,50,0.6976788830247681
qec,50,0.911669212560143
qec,50,0.7580952343345703
qec,50,0.911669212560143
qec,50,0.7540801028905036
qec,50,0.7540801028905036
qec,50,0.8281127339848611
qec,50,0.7580952343345703
qec,50,0.6976788830247681
qec,50,0.7580952343345703
qec,50,0.8281127339848611
qec,50,0.8281127339848611
qec,50,0.911669212560143
qec,50,0.6976788830247681
qec,50,0.7540801028905036
qec,50,0.7580952343345703
qec,50,0.7580952343345703
qec,50,0.8070756026201231
qec,50,0.8070756026201231
qec,50,0.6976788830247681
qec,50,0.911669212560143
qec,50,0.8070756026201231
qec,50,0.6976788830247681
qec,50,0.8281127339848611
qec,50,0.8070756026201231
qec,50,0.8070756026201231
qec,50,0.911669212560143
qec,50,0.8070756026201231
qec,50,0.6976788830247681
qec,50,0.7580952343345703
qec,50,0.8281127339848611
qec,50,0.7540801028905036
qec,50,0.7580952343345703
qec,50,0.911669212560143
qec,50,0.7540801028905036
qec,50,0.8070756026201231
qec,50,0.7580952343345703
qec,50,0.8070756026201231
qec,50,0.7540801028905036
qec,50,0.7580952343345703
qec,50,0.6976788830247681
qec,50,0.8281127339848611
qec,50,0.6976788830247681
qec,50,0.7580952343345703
qec,50,0.6976788830247681
qec,50,0.8070756026201231
qec,50,0.7580952343345703
qec,50,0.6976788830247681
qec,50,0.7580952343345703
qec,50,0.7580952343345703
qec,50,0.7540801028905036
qec,50,0.7540801028905036
qec,50,0.7580952343345703
qec,50,0.911669212560143
qec,50,0.7580952343345703
qec,50,0.6976788830247681
qec,50,0.7580952343345703
qec,50,0.911669212560143
qec,50,0.911669212560143
qec,50,0.7580952343345703
qec,50,0.911669212560143
qec,50,0.7540801028905036
qec,50,0.7580952343345703
qec,50,0.7540801028905036
qec,50,0.911669212560143
qec,50,0.7580952343345703
qec,50,0.8070756026201231
qec,50,0.7580952343345703
qec,50,0.7580952343345703
qec,50,0.7580952343345703
qec,50,0.911669212560143
qec,50,0.911669212560143
qec,50,0.7540801028905036
qec,50,0.6976788830247681
qec,50,0.911669212560143
qec,50,0.6976788830247681
qec,50,0.7580952343345703
qec,50,0.8070756026201231
qec,50,0.7540801028905036
qec,50,0.8281127339848611
qec,50,0.8070756026201231
qec,50,0.7540801028905036
qec,50,0.7580952343345703
qec,50,0.8281127339848611
qec,50,0.7540801028905036
qec,50,0.7540801028905036
qec,50,0.7580952343345703
qec,50,0.911669212560143
qec,50,0.8281127339848611
qec,50,0.8070756026201231
qec,50,0.6976788830247681
qec,50,0.7580952343345703
qec,50,0.6976788830247681
qec,50,0.7580952343345703
qec,50,0.911669212560143
qec,50,0.911669212560143
qec,50,0.7580952343345703
qec,50,0.7580952343345703
qec,50,0.8070756026201231
qec,50,0.6976788830247681
qec,50,0.911669212560143
qec,50,0.7540801028905036
qec,50,0.7540801028905036
qec,50,0.7540801028905036
qec,50,0.911669212560143
qec,50,0.7540801028905036
qec,50,0.7580952343345703
qec,50,0.7580952343345703
qec,50,0.7580952343345703
qec,50,0.7580952343345703
qec,50,0.8281127339848611
qec,50,0.8070756026201231
qec,50,0.911669212560143
qec,50,0.8281127339848611
qec,50,0.911669212560143
qec,50,0.7540801028905036
qec,50,0.911669212560143
qec,50,0.8281127339848611
qec,50,0.7580952343345703
qec,50,0.8070756026201231
qec,50,0.7580952343345703
qec,50,0.7540801028905036
qec,50,0.911669212560143
qec,50,0.7580952343345703
qec,50,0.7580952343345703
qec,50,0.7540801028905036
qec,50,0.8070756026201231
qec,50,0.8281127339848611
qec,50,0.7580952343345703
qec,50,0.7540801028905036
qec,50,0.7540801028905036
qec,50,0.7540801028905036
qec,50,0.911669212560143
qec,50,0.8070756026201231
qec,50,0.911669212560143
qec,50,0.6976788830247681
qec,50,0.7580952343345703
qec,50,0.8070756026201231
qec,50,0.6976788830247681
qec,50,0.8281127339848611
qec,50,0.7580952343345703
qec,50,0.911669212560143
qec,50,0.7580952343345703
qec,50,0.6976788830247681
qec,50,0.7580952343345703
qec,50,0.911669212560143
qec,50,0.8281127339848611
qec,50,0.8281127339848611
qec,50,0.7580952343345703
qec,50,0.911669212560143
qec,50,0.6976788830247681
qec,50,0.7540801028905036
qec,50,0.6976788830247681
qec,50,0.8281127339848611
qec,50,0.8281127339848611
qec,50,0.911669212560143
qec,50,0.7580952343345703
qec,50,0.7540801028905036
qec,50,0.7580952343345703
qec,50,0.8281127339848611
qec,50,0.7580952343345703
qec,50,0.7540801028905036
qec,50,0.8070756026201231
qec,50,0.6976788830247681
qec,50,0.7580952343345703
qec,50,0.8070756026201231
xeb,52,0.8819534803816232
xeb,52,0.8091890336075036
xeb,52,0.8884601789880399
xeb,52,0.7198043714372291
xeb,52,0.7487555836986948
xeb,52,0.8485789522614825
xeb,52,0.9034197513730665
xeb,52,0.8522574666758962
xeb,52,0.8847597101570643
xeb,52,0.8522574666758962
xeb,52,0.7795754092214783
xeb,52,0.7975154488001083
xeb,52,0.7982910916682117
xeb,52,0.8859973056073818
xeb,52,0.7848173278421203
xeb,52,0.7861465989855235
xeb,52,0.8265558501743242
xeb,52,0.8125009925591414
xeb,52,0.8742726716167794
xeb,52,0.6349167543754048
xeb,52,0.859977714873572
xeb,52,0.7975154488001083
xeb,52,0.8742726716167794
xeb,52,0.8884601789880399
xeb,52,0.7990218421911007
xeb,52,0.8786084772335253
xeb,52,0.8453247934383554
xeb,52,0.8238839971742399
xeb,52,0.8453247934383554
xeb,52,0.7990218421911007
xeb,52,0.8417795671702548
xeb,52,0.8818994534871738
xeb,52,0.9034197513730665
xeb,52,0.8522574666758962
xeb,52,0.8716716360927608
xeb,52,0.8417795671702548
xeb,52,0.6349167543754048
xeb,52,0.8363887520893575
xeb,52,0.8954306767915868
xeb,52,0.7487555836986948
xeb,52,0.7154907061091226
xeb,52,0.7487555836986948
xeb,52,0.8716716360927608
xeb,52,0.7990218421911007
xeb,52,0.7975154488001083
xeb,52,0.8847597101570643
xeb,52,0.8522574666758962
xeb,52,0.8819534803816232
xeb,52,0.8688499142921219
xeb,52,0.7795754092214783
xeb,52,0.8485789522614825
xeb,52,0.8083305789467998
xeb,52,0.8786084772335253
xeb,52,0.9034197513730665
xeb,52,0.8125009925591414
xeb,52,0.9034197513730665
xeb,52,0.8716716360927608
xeb,52,0.8485789522614825
xeb,52,0.7397765461282512
xeb,52,0.8742726716167794
xeb,52,0.8453247934383554
xeb,52,0.7982910916682117
xeb,52,0.8884601789880399
xeb,52,0.8923537275794392
xeb,52,0.7990218421911007
xeb,52,0.7154907061091226
xeb,52,0.7487555836986948
xeb,52,0.7612685213207114
xeb,52,0.7736063414198131
xeb,52,0.7848173278421203
xeb,52,0.8522574666758962
xeb,52,0.8818994534871738
xeb,52,0.8588053280540813
xeb,52,0.7154907061091226
xeb,52,0.8923537275794392
xeb,52,0.7795754092214783
xeb,52,0.8819534803816232
xeb,52,0.7861465989855235
xeb,52,0.8884601789880399
xeb,52,0.8847597101570643
xeb,52,0.8923537275794392
xeb,52,0.7505590789513378
xeb,52,0.7154907061091226
xeb,52,0.7982910916682117
xeb,52,0.8847597101570643
xeb,52,0.8565124448822953
xeb,52,0.8742726716167794
xeb,52,0.9034197513730665
xeb,52,0.8522574666758962
xeb,52,0.9034197513730665
xeb,52,0.7975154488001083
xeb,52,0.7990218421911007
xeb,52,0.7861465989855235
xeb,52,0.8818994534871738
xeb,52,0.8818994534871738
xeb,52,0.8786084772335253
xeb,52,0.7848173278421203
xeb,52,0.7487555836986948
xeb,52,0.8363887520893575
xeb,52,0.8859973056073818
xeb,52,0.7795754092214783
xeb,52,0.8923537275794392
xeb,52,0.7198043714372291
xeb,52,0.8565124448822953
xeb,52,0.8588053280540813
xeb,52,0.8238839971742399
xeb,52,0.8588053280540813
xeb,52,0.8716716360927608
xeb,52,0.8125009925591414
xeb,52,0.8522574666758962
xeb,52,0.8786084772335253
xeb,52,0.7736063414198131
xeb,52,0.8125009925591414
xeb,52,0.7795754092214783
xeb,52,0.8265558501743242
xeb,52,0.8191757119808809
xeb,52,0.8688499142921219
xeb,52,0.8522574666758962
xeb,52,0.8417795671702548
xeb,52,0.7975154488001083
xeb,52,0.8847597101570643
xeb,52,0.8954306767915868
xeb,52,0.8485789522614825
xeb,52,0.7198043714372291
xeb,52,0.7397765461282512
xeb,52,0.8598435796015789
xeb,52,0.8847597101570643
xeb,52,0.8884601789880399
xeb,52,0.8265558501743242
xeb,52,0.7487555836986948
xeb,52,0.8191757119808809
xeb,52,0.8847597101570643
xeb,52,0.7612685213207114
xeb,52,0.7487555836986948
xeb,52,0.7861465989855235
xeb,52,0.7975154488001083
xeb,52,0.7198043714372291
xeb,52,0.7487555836986948
xeb,52,0.8363887520893575
xeb,52,0.7487555836986948
xeb,52,0.8453247934383554
xeb,52,0.859977714873572
xeb,52,0.7612685213207114
xeb,52,0.8847597101570643
xeb,52,0.7975154488001083
xeb,52,0.8859973056073818
xeb,52,0.8417795671702548
xeb,52,0.8819534803816232
xeb,52,0.8091890336075036
xeb,52,0.8588053280540813
xeb,52,0.8742726716167794
xeb,52,0.8786084772335253
xeb,52,0.8265558501743242
xeb,52,0.9034197513730665
xeb,52,0.8818994534871738
xeb,52,0.8083305789467998
xeb,52,0.8884601789880399
xeb,52,0.8417795671702548
xeb,52,0.8485789522614825
xeb,52,0.8565124448822953
xeb,52,0.8954306767915868
xeb,52,0.8588053280540813
xeb,52,0.6349167543754048
xeb,52,0.8598435796015789
xeb,52,0.7487555836986948
xeb,52,0.7154907061091226
xeb,52,0.8859973056073818
xeb,52,0.7397765461282512
xeb,52,0.7795754092214783
xeb,52,0.8485789522614825
xeb,52,0.8453247934383554
xeb,52,0.8847597101570643
xeb,52,0.8688499142921219
xeb,52,0.6349167543754048
xeb,52,0.8859973056073818
xeb,52,0.8598435796015789
xeb,52,0.7848173278421203
xeb,52,0.8818994534871738
xeb,52,0.8050586424461713
xeb,52,0.8847597101570643
xeb,52,0.8238839971742399
xeb,52,0.8485789522614825
xeb,52,0.8125009925591414
xeb,52,0.7736063414198131
xeb,52,0.8954306767915868
xeb,52,0.7612685213207114
xeb,52,0.8191757119808809
xeb,52,0.859977714873572
xeb,52,0.7198043714372291
xeb,52,0.7397765461282512
xeb,52,0.8859973056073818
xeb,52,0.8050586424461713
xeb,52,0.8363887520893575
xeb,52,0.8588053280540813
xeb,52,0.9034197513730665
xeb,52,0.7198043714372291
xeb,52,0.8417795671702548
xeb,52,0.6349167543754048
xeb,52,0.8598435796015789
xeb,52,0.8884601789880399
qnn,52,0.7427865649848521
qnn,52,0.6946368307209134
qnn,52,0.8601042305201005
qnn,52,0.819042737082131
qnn,52,0.7840851650270627
qnn,52,0.8039886426817043
qnn,52,0.819042737082131
qnn,52,0.7925454752464237
qnn,52,0.7606294775997285
qnn,52,0.8235745915586111
qnn,52,0.885386617865482
qnn,52,0.8835205359918956
qnn,52,0.689088502478264
qnn,52,0.7508691607956863
qnn,52,0.7550818961651276
qnn,52,0.896159623250444
qnn,52,0.7317541507296677
qnn,52,0.7739898693221265
qnn,52,0.7894917704617594
qnn,52,0.7778215113653412
qnn,52,0.7569831580040964
qnn,52,0.7925454752464237
qnn,52,0.7606294775997285
qnn,52,0.8553198466241975
qnn,52,0.689088502478264
qnn,52,0.7937301579663145
qnn,52,0.8302892869137525
qnn,52,0.8323654852875311
qnn,52,0.7937301579663145
qnn,52,0.8601042305201005
qnn,52,0.8231865872888825
qnn,52,0.8738376204607411
qnn,52,0.7739898693221265
qnn,52,0.7427865649848521
qnn,52,0.7984881823419606
qnn,52,0.7937301579663145
qnn,52,0.7427865649848521
qnn,52,0.6874572161873957
qnn,52,0.8302892869137525
qnn,52,0.8323654852875311
qnn,52,0.7682910981442047
qnn,52,0.6874572161873957
qnn,52,0.8302892869137525
qnn,52,0.6829294805053093
qnn,52,0.8177793519494267
qnn,52,0.8039886426817043
qnn,52,0.8039886426817043
qnn,52,0.8397548758263594
qnn,52,0.7591600087378368
qnn,52,0.8845511430606171
qnn,52,0.7682910981442047
qnn,52,0.8434379868268126
qnn,52,0.8835205359918956
qnn,52,0.7085654649098176
qnn,52,0.8302892869137525
qnn,52,0.8231865872888825
qnn,52,0.8521978558276652
qnn,52,0.6874572161873957
qnn,52,0.8835205359918956
qnn,52,0.7637432580176797
qnn,52,0.8743597663344874
qnn,52,0.8173056194361451
qnn,52,0.6944624708760064
qnn,52,0.8302892869137525
qnn,52,0.8231865872888825
qnn,52,0.7637432580176797
qnn,52,0.8397548758263594
qnn,52,0.8427933736543928
qnn,52,0.896159623250444
qnn,52,0.6874572161873957
qnn,52,0.8231865872888825
qnn,52,0.7984881823419606
qnn,52,0.6838273489354133
qnn,52,0.7085654649098176
qnn,52,0.6838273489354133
qnn,52,0.7085654649098176
qnn,52,0.7100565166223537
qnn,52,0.7650692991009256
qnn,52,0.7937301579663145
qnn,52,0.7606294775997285
qnn,52,0.7591600087378368
qnn,52,0.8177793519494267
qnn,52,0.7882665082084825
qnn,52,0.8553198466241975
qnn,52,0.8521978558276652
qnn,52,0.7637432580176797
qnn,52,0.7550818961651276
qnn,52,0.7778215113653412
qnn,52,0.7840851650270627
qnn,52,0.6874572161873957
qnn,52,0.7606294775997285
qnn,52,0.7253400369800201
qnn,52,0.7650692991009256
qnn,52,0.896159623250444
qnn,52,0.8610436448437601
qnn,52,0.8177793519494267
qnn,52,0.8845511430606171
qnn,52,0.8738376204607411
qnn,52,0.8302892869137525
qnn,52,0.7427865649848521
qnn,52,0.7984881823419606
qnn,52,0.8302892869137525
qnn,52,0.7100565166223537
qnn,52,0.8738376204607411
qnn,52,0.8317681971352786
qnn,52,0.8738376204607411
qnn,52,0.7840851650270627
qnn,52,0.6874572161873957
qnn,52,0.8738376204607411
qnn,52,0.7249130328577886
qnn,52,0.7100565166223537
qnn,52,0.7739898693221265
qnn,52,0.7984881823419606
qnn,52,0.7984881823419606
qnn,52,0.7606294775997285
qnn,52,0.7682910981442047
qnn,52,0.6829294805053093
qnn,52,0.7085654649098176
qnn,52,0.7882665082084825
qnn,52,0.7739898693221265
qnn,52,0.7840851650270627
qnn,52,0.7984881823419606
qnn,52,0.8434379868268126
qnn,52,0.8094515686380499
qnn,52,0.7100565166223537
qnn,52,0.819042737082131
qnn,52,0.8323654852875311
qnn,52,0.689088502478264
qnn,52,0.8039886426817043
qnn,52,0.8235745915586111
qnn,52,0.7925454752464237
qnn,52,0.8173056194361451
qnn,52,0.8317681971352786
qnn,52,0.7840851650270627
qnn,52,0.7085654649098176
qnn,52,0.8231865872888825
qnn,52,0.7591600087378368
qnn,52,0.8743597663344874
qnn,52,0.7637432580176797
qnn,52,0.8177793519494267
qnn,52,0.8610436448437601
qnn,52,0.7739898693221265
qnn,52,0.8553198466241975
qnn,52,0.8738376204607411
qnn,52,0.689088502478264
qnn,52,0.7569831580040964
qnn,52,0.8302892869137525
qnn,52,0.7984881823419606
qnn,52,0.8521978558276652
qnn,52,0.8150559265703909
qnn,52,0.8317681971352786
qnn,52,0.8738376204607411
qnn,52,0.8323654852875311
qnn,52,0.8094515686380499
qnn,52,0.7840851650270627
qnn,52,0.8738376204607411
qnn,52,0.7100565166223537
qnn,52,0.8177793519494267
qnn,52,0.8845511430606171
qnn,52,0.8610436448437601
qnn,52,0.7650692991009256
qnn,52,0.8231865872888825
qnn,52,0.8323654852875311
qnn,52,0.8743597663344874
qnn,52,0.8235745915586111
qnn,52,0.7937301579663145
qnn,52,0.7606294775997285
qnn,52,0.8743597663344874
qnn,52,0.8845511430606171
qnn,52,0.7317541507296677
qnn,52,0.6874572161873957
qnn,52,0.796384707318698
qnn,52,0.7937301579663145
qnn,52,0.8521978558276652
qnn,52,0.8094515686380499
qnn,52,0.6874572161873957
qnn,52,0.8323654852875311
qnn,52,0.7682910981442047
qnn,52,0.8150559265703909
qnn,52,0.8231865872888825
qnn,52,0.8039886426817043
qnn,52,0.8039886426817043
qnn,52,0.6838273489354133
qnn,52,0.8317681971352786
qnn,52,0.7253400369800201
qnn,52,0.7249130328577886
qnn,52,0.8302892869137525
qnn,52,0.7508691607956863
qnn,52,0.8835205359918956
qnn,52,0.7682910981442047
qnn,52,0.7591600087378368
qnn,52,0.885386617865482
qnn,52,0.8302892869137525
qnn,52,0.8039886426817043
qnn,52,0.8173056194361451
qnn,52,0.6874572161873957
qnn,52,0.7606294775997285
qnn,52,0.7778215113653412
qnn,52,0.8094515686380499
qnn,52,0.8231865872888825
shor,52,0.9282723852247919
shor,52,0.7451625197515842
shor,52,0.9598531973775853
shor,52,0.9436073587294325
shor,52,0.6736593473420645
shor,52,0.6493980019370592
shor,52,0.9405353173721585
shor,52,0.6336008497372689
shor,52,0.791466191929539
shor,52,0.7601313207811897
shor,52,0.9436073587294325
shor,52,0.6736593473420645
shor,52,0.7451625197515842
shor,52,0.8383382988572812
shor,52,0.8383136001740688
shor,52,0.9282723852247919
shor,52,0.6493980019370592
shor,52,0.9282723852247919
shor,52,0.8264899030260622
shor,52,0.6493980019370592
shor,52,0.8251630754234939
shor,52,0.7777432083313593
shor,52,0.817811863296292
shor,52,0.7077587722819741
shor,52,0.817811863296292
shor,52,0.8264899030260622
shor,52,0.8383382988572812
shor,52,0.817811863296292
shor,52,0.6469098228235247
shor,52,0.7601313207811897
shor,52,0.6469098228235247
shor,52,0.817811863296292
shor,52,0.8612752486603326
shor,52,0.784780342036781
shor,52,0.7077587722819741
shor,52,0.877623201007505
shor,52,0.8315504751188085
shor,52,0.8315504751188085
shor,52,0.9282723852247919
shor,52,0.8315504751188085
shor,52,0.8612752486603326
shor,52,0.6493980019370592
shor,52,0.9436073587294325
shor,52,0.8289396146654869
shor,52,0.791466191929539
shor,52,0.784780342036781
shor,52,0.791466191929539
shor,52,0.9405353173721585
shor,52,0.8661550946392826
shor,52,0.918059618717652
shor,52,0.7077587722819741
shor,52,0.8168050914097593
shor,52,0.791466191929539
shor,52,0.7451625197515842
shor,52,0.8264899030260622
shor,52,0.7601313207811897
shor,52,0.817811863296292
shor,52,0.8612752486603326
shor,52,0.8071120849709155
shor,52,0.8661550946392826
shor,52,0.817811863296292
shor,52,0.7077587722819741
shor,52,0.8817367701110526
shor,52,0.6736593473420645
shor,52,0.7488685020934613
shor,52,0.8383136001740688
shor,52,0.6469098228235247
shor,52,0.8264899030260622
shor,52,0.7601313207811897
shor,52,0.8289396146654869
shor,52,0.877623201007505
shor,52,0.8817367701110526
shor,52,0.8236774955423564
shor,52,0.8820246665984227
shor,52,0.8008286913329631
shor,52,0.8013142961284029
shor,52,0.918059618717652
shor,52,0.8071120849709155
shor,52,0.817811863296292
shor,52,0.8168050914097593
shor,52,0.7488685020934613
shor,52,0.8264899030260622
shor,52,0.9598531973775853
shor,52,0.8168050914097593
shor,52,0.817811863296292
shor,52,0.7601313207811897
shor,52,0.877623201007505
shor,52,0.8236774955423564
shor,52,0.8661550946392826
shor,52,0.918059618717652
shor,52,0.6736593473420645
shor,52,0.8661550946392826
shor,52,0.8820246665984227
shor,52,0.7077587722819741
shor,52,0.8315504751188085
shor,52,0.9598531973775853
shor,52,0.7601313207811897
shor,52,0.8383136001740688
shor,52,0.817811863296292
shor,52,0.8612752486603326
shor,52,0.7815168587113706
shor,52,0.7488685020934613
shor,52,0.6469098228235247
shor,52,0.791466191929539
shor,52,0.8013142961284029
shor,52,0.791466191929539
shor,52,0.8289396146654869
shor,52,0.7601313207811897
shor,52,0.877623201007505
shor,52,0.9436073587294325
shor,52,0.9282723852247919
shor,52,0.8013142961284029
shor,52,0.6469098228235247
shor,52,0.6336008497372689
shor,52,0.9436073587294325
shor,52,0.7715252647422334
shor,52,0.8168050914097593
shor,52,0.9282723852247919
shor,52,0.9405353173721585
shor,52,0.8008286913329631
shor,52,0.7777432083313593
shor,52,0.9436073587294325
shor,52,0.9436073587294325
shor,52,0.8071120849709155
shor,52,0.8383136001740688
shor,52,0.8013142961284029
shor,52,0.7601313207811897
shor,52,0.9436073587294325
shor,52,0.7451625197515842
shor,52,0.6469098228235247
shor,52,0.8013142961284029
shor,52,0.6493980019370592
shor,52,0.8383136001740688
shor,52,0.8612752486603326
shor,52,0.8289396146654869
shor,52,0.791466191929539
shor,52,0.8168050914097593
shor,52,0.8383136001740688
shor,52,0.7715252647422334
shor,52,0.8289396146654869
shor,52,0.8612752486603326
shor,52,0.9282723852247919
shor,52,0.7601313207811897
shor,52,0.7077587722819741
shor,52,0.8315504751188085
shor,52,0.8661550946392826
shor,52,0.7077587722819741
shor,52,0.8612752486603326
shor,52,0.8289396146654869
shor,52,0.8383136001740688
shor,52,0.8820246665984227
shor,52,0.8168050914097593
shor,52,0.7815168587113706
shor,52,0.9598531973775853
shor,52,0.8817367701110526
shor,52,0.8071120849709155
shor,52,0.784780342036781
shor,52,0.6336008497372689
shor,52,0.7077587722819741
shor,52,0.8168050914097593
shor,52,0.8013142961284029
shor,52,0.8236774955423564
shor,52,0.8008286913329631
shor,52,0.8383136001740688
shor,52,0.8383382988572812
shor,52,0.7077587722819741
shor,52,0.6336008497372689
shor,52,0.8264899030260622
shor,52,0.7077587722819741
shor,52,0.8612752486603326
shor,52,0.9436073587294325
shor,52,0.8383136001740688
shor,52,0.7601313207811897
shor,52,0.8008286913329631
shor,52,0.7488685020934613
shor,52,0.8383136001740688
shor,52,0.8071120849709155
shor,52,0.918059618717652
shor,52,0.784780342036781
shor,52,0.918059618717652
shor,52,0.6469098228235247
shor,52,0.8820246665984227
shor,52,0.7601313207811897
shor,52,0.7777432083313593
shor,52,0.9436073587294325
shor,52,0.7451625197515842
shor,52,0.9461084269733113
shor,52,0.9282723852247919
shor,52,0.6493980019370592
shor,52,0.784780342036781
shor,52,0.8008286913329631
shor,52,0.7077587722819741
shor,52,0.918059618717652
shor,52,0.8820246665984227
shor,52,0.7815168587113706
shor,52,0.8013142961284029
shor,52,0.8612752486603326
shor,52,0.7715252647422334
shor,52,0.7077587722819741
shor,52,0.8612752486603326
qec,52,0.824900384195164
qec,52,0.824900384195164
qec,52,0.9285376232530008
qec,52,0.7126912302839823
qec,52,0.7126912302839823
qec,52,0.7925743068498077
qec,52,0.7660389420166874
qec,52,0.7660389420166874
qec,52,0.824900384195164
qec,52,0.7126912302839823
qec,52,0.7660389420166874
qec,52,0.824900384195164
qec,52,0.7126912302839823
qec,52,0.9285376232530008
qec,52,0.7126912302839823
qec,52,0.9285376232530008
qec,52,0.7925743068498077
qec,52,0.7126912302839823
qec,52,0.8334817840600273
qec,52,0.7925743068498077
qec,52,0.9285376232530008
qec,52,0.7660389420166874
qec,52,0.9285376232530008
qec,52,0.8334817840600273
qec,52,0.7126912302839823
qec,52,0.7925743068498077
qec,52,0.7660389420166874
qec,52,0.7126912302839823
qec,52,0.7660389420166874
qec,52,0.8334817840600273
qec,52,0.7660389420166874
qec,52,0.824900384195164
qec,52,0.9285376232530008
qec,52,0.9285376232530008
qec,52,0.9285376232530008
qec,52,0.7925743068498077
qec,52,0.7126912302839823
qec,52,0.8334817840600273
qec,52,0.7660389420166874
qec,52,0.7126912302839823
qec,52,0.9285376232530008
qec,52,0.8334817840600273
qec,52,0.7126912302839823
qec,52,0.7660389420166874
qec,52,0.7126912302839823
qec,52,0.7925743068498077
qec,52,0.9285376232530008
qec,52,0.7660389420166874
qec,52,0.824900384195164
qec,52,0.7660389420166874
qec,52,0.7925743068498077
qec,52,0.7660389420166874
qec,52,0.8334817840600273
qec,52,0.8334817840600273
qec,52,0.7925743068498077
qec,52,0.7660389420166874
qec,52,0.824900384195164
qec,52,0.8334817840600273
qec,52,0.7126912302839823
qec,52,0.7925743068498077
qec,52,0.7660389420166874
qec,52,0.7660389420166874
qec,52,0.7925743068498077
qec,52,0.7925743068498077
qec,52,0.824900384195164
qec,52,0.7660389420166874
qec,52,0.8334817840600273
qec,52,0.7660389420166874
qec,52,0.8334817840600273
qec,52,0.7660389420166874
qec,52,0.8334817840600273
qec,52,0.9285376232530008
qec,52,0.7925743068498077
qec,52,0.824900384195164
qec,52,0.9285376232530008
qec,52,0.7660389420166874
qec,52,0.9285376232530008
qec,52,0.7925743068498077
qec,52,0.8334817840600273
qec,52,0.8334817840600273
qec,52,0.8334817840600273
qec,52,0.7126912302839823
qec,52,0.7660389420166874
qec,52,0.9285376232530008
qec,52,0.9285376232530008
qec,52,0.7126912302839823
qec,52,0.9285376232530008
qec,52,0.824900384195164
qec,52,0.7126912302839823
qec,52,0.7660389420166874
qec,52,0.8334817840600273
qec,52,0.7660389420166874
qec,52,0.824900384195164
qec,52,0.7126912302839823
qec,52,0.7660389420166874
qec,52,0.7660389420166874
qec,52,0.9285376232530008
qec,52,0.7925743068498077
qec,52,0.9285376232530008
qec,52,0.824900384195164
qec,52,0.7925743068498077
qec,52,0.824900384195164
qec,52,0.8334817840600273
qec,52,0.7660389420166874
qec,52,0.7660389420166874
qec,52,0.9285376232530008
qec,52,0.9285376232530008
qec,52,0.8334817840600273
qec,52,0.7660389420166874
qec,52,0.7126912302839823
qec,52,0.824900384195164
qec,52,0.7925743068498077
qec,52,0.9285376232530008
qec,52,0.7925743068498077
qec,52,0.824900384195164
qec,52,0.9285376232530008
qec,52,0.8334817840600273
qec,52,0.7925743068498077
qec,52,0.8334817840600273
qec,52,0.9285376232530008
qec,52,0.7126912302839823
qec,52,0.7660389420166874
qec,52,0.824900384195164
qec,52,0.9285376232530008
qec,52,0.7126912302839823
qec,52,0.7126912302839823
qec,52,0.7660389420166874
qec,52,0.9285376232530008
qec,52,0.824900384195164
qec,52,0.7660389420166874
qec,52,0.7660389420166874
qec,52,0.7925743068498077
qec,52,0.8334817840600273
qec,52,0.9285376232530008
qec,52,0.7925743068498077
qec,52,0.8334817840600273
qec,52,0.9285376232530008
qec,52,0.7660389420166874
qec,52,0.7660389420166874
qec,52,0.824900384195164
qec,52,0.7660389420166874
qec,52,0.7126912302839823
qec,52,0.7660389420166874
qec,52,0.8334817840600273
qec,52,0.7126912302839823
qec,52,0.8334817840600273
qec,52,0.8334817840600273
qec,52,0.7660389420166874
qec,52,0.8334817840600273
qec,52,0.7925743068498077
qec,52,0.7660389420166874
qec,52,0.9285376232530008
qec,52,0.824900384195164
qec,52,0.7925743068498077
qec,52,0.8334817840600273
qec,52,0.9285376232530008
qec,52,0.9285376232530008
qec,52,0.7925743068498077
qec,52,0.7660389420166874
qec,52,0.7925743068498077
qec,52,0.7126912302839823
qec,52,0.7660389420166874
qec,52,0.7126912302839823
qec,52,0.7660389420166874
qec,52,0.7660389420166874
qec,52,0.824900384195164
qec,52,0.7660389420166874
qec,52,0.9285376232530008
qec,52,0.7925743068498077
qec,52,0.7126912302839823
qec,52,0.7660389420166874
qec,52,0.7925743068498077
qec,52,0.7660389420166874
qec,52,0.9285376232530008
qec,52,0.7660389420166874
qec,52,0.7925743068498077
qec,52,0.7126912302839823
qec,52,0.8334817840600273
qec,52,0.8334817840600273
qec,52,0.7126912302839823
qec,52,0.824900384195164
qec,52,0.8334817840600273
qec,52,0.9285376232530008
qec,52,0.8334817840600273
qec,52,0.8334817840600273
qec,52,0.7925743068498077
qec,52,0.7660389420166874
qec,52,0.9285376232530008
qec,52,0.9285376232530008
qec,52,0.7660389420166874
qec,52,0.7925743068498077
qec,52,0.7660389420166874
qec,52,0.7660389420166874
qec,52,0.8334817840600273
qec,52,0.824900384195164
qec,52,0.824900384195164
qec,52,0.824900384195164
qec,52,0.7660389420166874
qec,52,0.7126912302839823
qec,52,0.9285376232530008
xeb,54,0.8089397773504221
xeb,54,0.7269581092933062
xeb,54,0.7935012003562408
xeb,54,0.7300824379344056
xeb,54,0.8106694678659242
xeb,54,0.8665528739806042
xeb,54,0.8959682984074341
xeb,54,0.8865432065209161
xeb,54,0.8959682984074341
xeb,54,0.7523559658722171
xeb,54,0.8355871889424109
xeb,54,0.7777971389884183
xeb,54,0.7937376891287987
xeb,54,0.8077009000817892
xeb,54,0.8959682984074341
xeb,54,0.8155960777015194
xeb,54,0.7777971389884183
xeb,54,0.6611974769822992
xeb,54,0.8865432065209161
xeb,54,0.7937376891287987
xeb,54,0.8355871889424109
xeb,54,0.7300824379344056
xeb,54,0.8486290157928847
xeb,54,0.8955111088416536
xeb,54,0.8936658834823517
xeb,54,0.8959682984074341
xeb,54,0.8683249157494988
xeb,54,0.8106694678659242
xeb,54,0.7924371296487767
xeb,54,0.8355871889424109
xeb,54,0.8392003283678444
xeb,54,0.8188276908769603
xeb,54,0.8077009000817892
xeb,54,0.8102210830410839
xeb,54,0.8683249157494988
xeb,54,0.8897392853215544
xeb,54,0.7269581092933062
xeb,54,0.853986490823449
xeb,54,0.8865432065209161
xeb,54,0.7523559658722171
xeb,54,0.8290747991675096
xeb,54,0.8077009000817892
xeb,54,0.7269581092933062
xeb,54,0.8077009000817892
xeb,54,0.8077009000817892
xeb,54,0.8865432065209161
xeb,54,0.8486290157928847
xeb,54,0.7300824379344056
xeb,54,0.8106694678659242
xeb,54,0.7300824379344056
xeb,54,0.8188276908769603
xeb,54,0.7777971389884183
xeb,54,0.7819840527707825
xeb,54,0.8106694678659242
xeb,54,0.8077525261159176
xeb,54,0.7777971389884183
xeb,54,0.8865432065209161
xeb,54,0.8936658834823517
xeb,54,0.8942664592967943
xeb,54,0.8936658834823517
xeb,54,0.7819840527707825
xeb,54,0.8865432065209161
xeb,54,0.8102210830410839
xeb,54,0.853986490823449
xeb,54,0.8942664592967943
xeb,54,0.853986490823449
xeb,54,0.8077525261159176
xeb,54,0.8155960777015194
xeb,54,0.8942664592967943
xeb,54,0.8077009000817892
xeb,54,0.8865432065209161
xeb,54,0.8392003283678444
xeb,54,0.8660530438963848
xeb,54,0.7300824379344056
xeb,54,0.8290747991675096
xeb,54,0.8392003283678444
xeb,54,0.8660530438963848
xeb,54,0.8392003283678444
xeb,54,0.7935012003562408
xeb,54,0.7819840527707825
xeb,54,0.7523559658722171
xeb,54,0.8959682984074341
xeb,54,0.8102210830410839
xeb,54,0.8959682984074341
xeb,54,0.8486290157928847
xeb,54,0.7924371296487767
xeb,54,0.7523559658722171
xeb,54,0.8665528739806042
xeb,54,0.7937376891287987
xeb,54,0.7819840527707825
xeb,54,0.8683249157494988
xeb,54,0.8355871889424109
xeb,54,0.7924371296487767
xeb,54,0.7777971389884183
xeb,54,0.8089397773504221
xeb,54,0.7935012003562408
xeb,54,0.755721338454484
xeb,54,0.7924371296487767
xeb,54,0.8290747991675096
xeb,54,0.7937376891287987
xeb,54,0.8936658834823517
xeb,54,0.7924371296487767
xeb,54,0.8077525261159176
xeb,54,0.8102210830410839
xeb,54,0.7935012003562408
xeb,54,0.8355871889424109
xeb,54,0.881976995986547
xeb,54,0.7777971389884183
xeb,54,0.7269581092933062
xeb,54,0.8102210830410839
xeb,54,0.7937376891287987
xeb,54,0.9067818902867236
xeb,54,0.7300824379344056
xeb,54,0.8959682984074341
xeb,54,0.8959682984074341
xeb,54,0.7269581092933062
xeb,54,0.7300824379344056
xeb,54,0.8665528739806042
xeb,54,0.8665528739806042
xeb,54,0.7924371296487767
xeb,54,0.7640345910498381
xeb,54,0.8392003283678444
xeb,54,0.8077009000817892
xeb,54,0.8665528739806042
xeb,54,0.8392003283678444
xeb,54,0.7935012003562408
xeb,54,0.8077009000817892
xeb,54,0.755721338454484
xeb,54,0.7640345910498381
xeb,54,0.8897392853215544
xeb,54,0.8077525261159176
xeb,54,0.7651594487715336
xeb,54,0.8188276908769603
xeb,54,0.8155960777015194
xeb,54,0.7819840527707825
xeb,54,0.8865432065209161
xeb,54,0.8486290157928847
xeb,54,0.7523559658722171
xeb,54,0.8865432065209161
xeb,54,0.8077009000817892
xeb,54,0.8155960777015194
xeb,54,0.7300824379344056
xeb,54,0.8665528739806042
xeb,54,0.8077009000817892
xeb,54,0.8660530438963848
xeb,54,0.8355871889424109
xeb,54,0.7523559658722171
xeb,54,0.881976995986547
xeb,54,0.755721338454484
xeb,54,0.7935012003562408
xeb,54,0.8942664592967943
xeb,54,0.853986490823449
xeb,54,0.9067818902867236
xeb,54,0.7924371296487767
xeb,54,0.8102210830410839
xeb,54,0.8290747991675096
xeb,54,0.8102210830410839
xeb,54,0.8955111088416536
xeb,54,0.881976995986547
xeb,54,0.8392003283678444
xeb,54,0.7924371296487767
xeb,54,0.8188276908769603
xeb,54,0.9067818902867236
xeb,54,0.7523559658722171
xeb,54,0.7819840527707825
xeb,54,0.8486290157928847
xeb,54,0.7777971389884183
xeb,54,0.881976995986547
xeb,54,0.8188276908769603
xeb,54,0.7924371296487767
xeb,54,0.8106694678659242
xeb,54,0.8897392853215544
xeb,54,0.7640345910498381
xeb,54,0.8486290157928847
xeb,54,0.8942664592967943
xeb,54,0.7935012003562408
xeb,54,0.8102210830410839
xeb,54,0.8155960777015194
xeb,54,0.8290747991675096
xeb,54,0.8106694678659242
xeb,54,0.8106694678659242
xeb,54,0.8660530438963848
xeb,54,0.8155960777015194
xeb,54,0.7640345910498381
xeb,54,0.8955111088416536
xeb,54,0.9067818902867236
xeb,54,0.7937376891287987
xeb,54,0.8392003283678444
xeb,54,0.8665528739806042
xeb,54,0.8486290157928847
xeb,54,0.8959682984074341
xeb,54,0.7300824379344056
xeb,54,0.8942664592967943
xeb,54,0.7935012003562408
xeb,54,0.853986490823449
xeb,54,0.853986490823449
xeb,54,0.8959682984074341
xeb,54,0.8660530438963848
xeb,54,0.8936658834823517
xeb,54,0.881976995986547
qnn,54,0.8232719212373621
qnn,54,0.8361692537353805
qnn,54,0.8835954406079878
qnn,54,0.8506450763208075
qnn,54,0.8361692537353805
qnn,54,0.8103748103363798
qnn,54,0.8842270439626724
qnn,54,0.7824197813578041
qnn,54,0.8835954406079878
qnn,54,0.8885266124499158
qnn,54,0.8678939207322517
qnn,54,0.7745682512327775
qnn,54,0.8778113071371462
qnn,54,0.8344313021646625
qnn,54,0.8678939207322517
qnn,54,0.8398469023209618
qnn,54,0.8103748103363798
qnn,54,0.8210203413376338
qnn,54,0.8835954406079878
qnn,54,0.8695144345630378
qnn,54,0.7853642191189658
qnn,54,0.8103748103363798
qnn,54,0.8920690560739711
qnn,54,0.9041573141738761
qnn,54,0.7853642191189658
qnn,54,0.9239512161754351
qnn,54,0.8635860142952544
qnn,54,0.8153291709269119
qnn,54,0.8934795286430297
qnn,54,0.7396305934295587
qnn,54,0.8644264559969627
qnn,54,0.8451479676954291
qnn,54,0.8678418323615984
qnn,54,0.7285177636630621
qnn,54,0.9217457706009119
qnn,54,0.8635860142952544
qnn,54,0.8813478356122824
qnn,54,0.800004876641146
qnn,54,0.8115278287261114
qnn,54,0.8076129544175199
qnn,54,0.7853642191189658
qnn,54,0.8920690560739711
qnn,54,0.9041573141738761
qnn,54,0.8534923746660921
qnn,54,0.8210203413376338
qnn,54,0.8300789234205777
qnn,54,0.814640867838817
qnn,54,0.7873860366596351
qnn,54,0.8300789234205777
qnn,54,0.8354666819979001
qnn,54,0.8678418323615984
qnn,54,0.8087850323751651
qnn,54,0.8451479676954291
qnn,54,0.8593069459933922
qnn,54,0.8538145958538063
qnn,54,0.7824197813578041
qnn,54,0.8011804163782927
qnn,54,0.8842270439626724
qnn,54,0.8813478356122824
qnn,54,0.8934795286430297
qnn,54,0.8690823406305634
qnn,54,0.8298724209023821
qnn,54,0.8454737480765622
qnn,54,0.8678939207322517
qnn,54,0.7853642191189658
qnn,54,0.9106135935913086
qnn,54,0.7876733938156077
qnn,54,0.8153291709269119
qnn,54,0.8232719212373621
qnn,54,0.9239512161754351
qnn,54,0.745211064622022
qnn,54,0.745211064622022
qnn,54,0.8506450763208075
qnn,54,0.8885266124499158
qnn,54,0.7873860366596351
qnn,54,0.9217457706009119
qnn,54,0.8076129544175199
qnn,54,0.7285177636630621
qnn,54,0.8901853346168042
qnn,54,0.814640867838817
qnn,54,0.8628499947743679
qnn,54,0.8076129544175199
qnn,54,0.8344313021646625
qnn,54,0.8778113071371462
qnn,54,0.8087850323751651
qnn,54,0.9217457706009119
qnn,54,0.7876733938156077
qnn,54,0.8534923746660921
qnn,54,0.8835954406079878
qnn,54,0.8210295284432374
qnn,54,0.7745682512327775
qnn,54,0.7519695853435228
qnn,54,0.8678418323615984
qnn,54,0.8506450763208075
qnn,54,0.9239512161754351
qnn,54,0.8842270439626724
qnn,54,0.8467452220714388
qnn,54,0.7873860366596351
qnn,54,0.7285177636630621
qnn,54,0.7876733938156077
qnn,54,0.8695144345630378
qnn,54,0.8695144345630378
qnn,54,0.8354666819979001
qnn,54,0.8011804163782927
qnn,54,0.8298724209023821
qnn,54,0.8361692537353805
qnn,54,0.8678418323615984
qnn,54,0.8153291709269119
qnn,54,0.7876733938156077
qnn,54,0.8934795286430297
qnn,54,0.8842270439626724
qnn,54,0.800004876641146
qnn,54,0.8538145958538063
qnn,54,0.8695144345630378
qnn,54,0.7745682512327775
qnn,54,0.7853642191189658
qnn,54,0.8454737480765622
qnn,54,0.8454737480765622
qnn,54,0.745211064622022
qnn,54,0.8842270439626724
qnn,54,0.8934795286430297
qnn,54,0.8057018187289593
qnn,54,0.8635860142952544
qnn,54,0.8210203413376338
qnn,54,0.800004876641146
qnn,54,0.7824197813578041
qnn,54,0.8678939207322517
qnn,54,0.8644264559969627
qnn,54,0.7519695853435228
qnn,54,0.8103748103363798
qnn,54,0.8644264559969627
qnn,54,0.8835954406079878
qnn,54,0.8538145958538063
qnn,54,0.8398469023209618
qnn,54,0.8398469023209618
qnn,54,0.8454737480765622
qnn,54,0.8635860142952544
qnn,54,0.9239512161754351
qnn,54,0.8103748103363798
qnn,54,0.8344313021646625
qnn,54,0.8778113071371462
qnn,54,0.7853642191189658
qnn,54,0.8635860142952544
qnn,54,0.8103748103363798
qnn,54,0.9041573141738761
qnn,54,0.8690823406305634
qnn,54,0.8210203413376338
qnn,54,0.7285177636630621
qnn,54,0.8467452220714388
qnn,54,0.8087850323751651
qnn,54,0.8232719212373621
qnn,54,0.7285177636630621
qnn,54,0.8454737480765622
qnn,54,0.745211064622022
qnn,54,0.8813478356122824
qnn,54,0.9239512161754351
qnn,54,0.8593069459933922
qnn,54,0.8344313021646625
qnn,54,0.8506450763208075
qnn,54,0.7824197813578041
qnn,54,0.8506450763208075
qnn,54,0.8644264559969627
qnn,54,0.7519695853435228
qnn,54,0.7519695853435228
qnn,54,0.7745682512327775
qnn,54,0.8538145958538063
qnn,54,0.8678418323615984
qnn,54,0.8690823406305634
qnn,54,0.8232719212373621
qnn,54,0.8153291709269119
qnn,54,0.7745682512327775
qnn,54,0.8628499947743679
qnn,54,0.8901853346168042
qnn,54,0.8103748103363798
qnn,54,0.7824197813578041
qnn,54,0.8901853346168042
qnn,54,0.8115278287261114
qnn,54,0.8232719212373621
qnn,54,0.7853642191189658
qnn,54,0.8076129544175199
qnn,54,0.7285177636630621
qnn,54,0.8538145958538063
qnn,54,0.8835954406079878
qnn,54,0.8813478356122824
qnn,54,0.8593069459933922
qnn,54,0.7824197813578041
qnn,54,0.8103748103363798
qnn,54,0.8451479676954291
qnn,54,0.8644264559969627
qnn,54,0.8398469023209618
qnn,54,0.7285177636630621
qnn,54,0.8901853346168042
qnn,54,0.8344313021646625
qnn,54,0.8210295284432374
qnn,54,0.8842270439626724
qnn,54,0.8300789234205777
qnn,54,0.8232719212373621
qnn,54,0.9239512161754351
qnn,54,0.8210295284432374
qnn,54,0.8920690560739711
shor,54,0.8276409672460749
shor,54,0.8483287840360202
shor,54,0.8962131499390409
shor,54,0.7996307757993341
shor,54,0.8343813777380551
shor,54,0.896461551807578
shor,54,0.8477471508128455
shor,54,0.8343813777380551
shor,54,0.848189425238391
shor,54,0.7801662949205427
shor,54,0.9608797839559389
shor,54,0.9361581631884313
shor,54,0.9499090052292725
shor,54,0.8923579855656606
shor,54,0.8972040332497054
shor,54,0.8346398737373876
shor,54,0.7304785973512326
shor,54,0.7996307757993341
shor,54,0.8363646833469083
shor,54,0.8500200047188615
shor,54,0.9499090052292725
shor,54,0.8923579855656606
shor,54,0.7304785973512326
shor,54,0.8477471508128455
shor,54,0.8500200047188615
shor,54,0.8435930508275453
shor,54,0.9151966205308787
shor,54,0.8343813777380551
shor,54,0.8401486160100897
shor,54,0.8528924463935276
shor,54,0.8351951812425412
shor,54,0.8351951812425412
shor,54,0.8458975553320488
shor,54,0.9151966205308787
shor,54,0.896461551807578
shor,54,0.8363646833469083
shor,54,0.8528924463935276
shor,54,0.9499090052292725
shor,54,0.896461551807578
shor,54,0.896461551807578
shor,54,0.7996307757993341
shor,54,0.9482345473806527
shor,54,0.9463085913114834
shor,54,0.8401486160100897
shor,54,0.943542390317064
shor,54,0.8528924463935276
shor,54,0.8483287840360202
shor,54,0.8110839019432329
shor,54,0.7210211696504137
shor,54,0.8401486160100897
shor,54,0.9361581631884313
shor,54,0.7996307757993341
shor,54,0.8923579855656606
shor,54,0.8110839019432329
shor,54,0.7996307757993341
shor,54,0.8923579855656606
shor,54,0.9361581631884313
shor,54,0.832879723164885
shor,54,0.8351951812425412
shor,54,0.8236940390219575
shor,54,0.9361581631884313
shor,54,0.8477471508128455
shor,54,0.943542390317064
shor,54,0.8483287840360202
shor,54,0.8351951812425412
shor,54,0.832879723164885
shor,54,0.848189425238391
shor,54,0.8110839019432329
shor,54,0.8483287840360202
shor,54,0.8962131499390404
shor,54,0.832879723164885
shor,54,0.8236940390219575
shor,54,0.8962131499390404
shor,54,0.8483287840360202
shor,54,0.7996307757993341
shor,54,0.7904313826917738
shor,54,0.9499090052292725
shor,54,0.8923579855656606
shor,54,0.7996307757993341
shor,54,0.8351951812425412
shor,54,0.7304785973512326
shor,54,0.8110839019432329
shor,54,0.8474798991188077
shor,54,0.8923579855656606
shor,54,0.8477471508128455
shor,54,0.9361581631884313
shor,54,0.8343813777380551
shor,54,0.9361581631884313
shor,54,0.9499090052292725
shor,54,0.7210211696504137
shor,54,0.8401486160100897
shor,54,0.8458975553320488
shor,54,0.7210211696504137
shor,54,0.8500200047188615
shor,54,0.8923579855656606
shor,54,0.8401486160100897
shor,54,0.83628947781342
shor,54,0.9482345473806527
shor,54,0.8528924463935276
shor,54,0.8236940390219575
shor,54,0.8401486160100897
shor,54,0.8435930508275453
shor,54,0.8363646833469083
shor,54,0.7996307757993341
shor,54,0.7996307757993341
shor,54,0.943542390317064
shor,54,0.8276409672460749
shor,54,0.7996307757993341
shor,54,0.8500200047188615
shor,54,0.7996307757993341
shor,54,0.7996307757993341
shor,54,0.7996307757993341
shor,54,0.8528924463935276
shor,54,0.9499090052292725
shor,54,0.7904313826917738
shor,54,0.8363646833469083
shor,54,0.943542390317064
shor,54,0.8363646833469083
shor,54,0.9463085913114834
shor,54,0.8528924463935276
shor,54,0.8477471508128455
shor,54,0.8483287840360202
shor,54,0.7996307757993341
shor,54,0.9151966205308787
shor,54,0.8923579855656606
shor,54,0.9482345473806527
shor,54,0.8460162079865866
shor,54,0.832879723164885
shor,54,0.8363646833469083
shor,54,0.848189425238391
shor,54,0.896461551807578
shor,54,0.8363646833469083
shor,54,0.8458975553320488
shor,54,0.7996307757993341
shor,54,0.8343813777380551
shor,54,0.9482345473806527
shor,54,0.9361581631884313
shor,54,0.8435930508275453
shor,54,0.8972040332497054
shor,54,0.8343813777380551
shor,54,0.8483287840360202
shor,54,0.8110839019432329
shor,54,0.8236940390219575
shor,54,0.896461551807578
shor,54,0.8962131499390404
shor,54,0.8460162079865866
shor,54,0.943542390317064
shor,54,0.896461551807578
shor,54,0.8346398737373876
shor,54,0.896461551807578
shor,54,0.7996307757993341
shor,54,0.7904313826917738
shor,54,0.8110839019432329
shor,54,0.832879723164885
shor,54,0.943542390317064
shor,54,0.8346398737373876
shor,54,0.8343813777380551
shor,54,0.8474798991188077
shor,54,0.8528924463935276
shor,54,0.8236940390219575
shor,54,0.8962131499390404
shor,54,0.83628947781342
shor,54,0.8236940390219575
shor,54,0.8528924463935276
shor,54,0.8923579855656606
shor,54,0.8069106032321293
shor,54,0.8343813777380551
shor,54,0.8460162079865866
shor,54,0.7996307757993341
shor,54,0.832879723164885
shor,54,0.7210211696504137
shor,54,0.9499090052292725
shor,54,0.8346398737373876
shor,54,0.8236940390219575
shor,54,0.8474798991188077
shor,54,0.8962131499390409
shor,54,0.943542390317064
shor,54,0.832879723164885
shor,54,0.7996307757993341
shor,54,0.8435930508275453
shor,54,0.8474798991188077
shor,54,0.848189425238391
shor,54,0.8483287840360202
shor,54,0.8528924463935276
shor,54,0.7996307757993341
shor,54,0.8458975553320488
shor,54,0.7996307757993341
shor,54,0.8460162079865866
shor,54,0.8460162079865866
shor,54,0.9361581631884313
shor,54,0.9151966205308787
shor,54,0.7996307757993341
shor,54,0.7996307757993341
shor,54,0.8110839019432329
shor,54,0.9482345473806527
shor,54,0.8962131499390404
shor,54,0.8458975553320488
shor,54,0.9361581631884313
shor,54,0.943542390317064
shor,54,0.9463085913114834
qec,54,0.8066145083532916
qec,54,0.8066145083532916
qec,54,0.7969415801651233
qec,54,0.8066145083532916
qec,54,0.850493509551927
qec,54,0.9493176558239352
qec,54,0.8066145083532916
qec,54,0.7969415801651233
qec,54,0.7969415801651233
qec,54,0.850493509551927
qec,54,0.7653872697161128
qec,54,0.7653872697161128
qec,54,0.8066145083532916
qec,54,0.9493176558239352
qec,54,0.7653872697161128
qec,54,0.7969415801651233
qec,54,0.8523471673893876
qec,54,0.7969415801651233
qec,54,0.8523471673893876
qec,54,0.850493509551927
qec,54,0.8523471673893876
qec,54,0.8523471673893876
qec,54,0.8066145083532916
qec,54,0.7969415801651233
qec,54,0.7969415801651233
qec,54,0.850493509551927
qec,54,0.7653872697161128
qec,54,0.8523471673893876
qec,54,0.850493509551927
qec,54,0.8066145083532916
qec,54,0.7653872697161128
qec,54,0.7969415801651233
qec,54,0.850493509551927
qec,54,0.8523471673893876
qec,54,0.8066145083532916
qec,54,0.8523471673893876
qec,54,0.7969415801651233
qec,54,0.8523471673893876
qec,54,0.7969415801651233
qec,54,0.850493509551927
qec,54,0.7653872697161128
qec,54,0.7653872697161128
qec,54,0.7653872697161128
qec,54,0.9493176558239352
qec,54,0.7653872697161128
qec,54,0.7969415801651233
qec,54,0.850493509551927
qec,54,0.850493509551927
qec,54,0.7653872697161128
qec,54,0.9493176558239352
qec,54,0.9493176558239352
qec,54,0.8066145083532916
qec,54,0.7969415801651233
qec,54,0.9493176558239352
qec,54,0.7969415801651233
qec,54,0.8066145083532916
qec,54,0.8066145083532916
qec,54,0.8066145083532916
qec,54,0.7969415801651233
qec,54,0.7969415801651233
qec,54,0.8066145083532916
qec,54,0.7653872697161128
qec,54,0.7969415801651233
qec,54,0.850493509551927
qec,54,0.7653872697161128
qec,54,0.850493509551927
qec,54,0.8066145083532916
qec,54,0.7653872697161128
qec,54,0.8066145083532916
qec,54,0.850493509551927
qec,54,0.7969415801651233
qec,54,0.8523471673893876
qec,54,0.8066145083532916
qec,54,0.7653872697161128
qec,54,0.8523471673893876
qec,54,0.9493176558239352
qec,54,0.7969415801651233
qec,54,0.8523471673893876
qec,54,0.8066145083532916
qec,54,0.9493176558239352
qec,54,0.9493176558239352
qec,54,0.7653872697161128
qec,54,0.7653872697161128
qec,54,0.850493509551927
qec,54,0.8066145083532916
qec,54,0.8523471673893876
qec,54,0.9493176558239352
qec,54,0.8523471673893876
qec,54,0.8523471673893876
qec,54,0.7969415801651233
qec,54,0.7969415801651233
qec,54,0.8523471673893876
qec,54,0.7653872697161128
qec,54,0.8066145083532916
qec,54,0.8523471673893876
qec,54,0.8523471673893876
qec,54,0.8523471673893876
qec,54,0.7969415801651233
qec,54,0.850493509551927
qec,54,0.7969415801651233
qec,54,0.8066145083532916
qec,54,0.8523471673893876
qec,54,0.9493176558239352
qec,54,0.9493176558239352
qec,54,0.7653872697161128
qec,54,0.7969415801651233
qec,54,0.850493509551927
qec,54,0.8066145083532916
qec,54,0.7969415801651233
qec,54,0.7969415801651233
qec,54,0.7969415801651233
qec,54,0.7969415801651233
qec,54,0.7969415801651233
qec,54,0.7969415801651233
qec,54,0.9493176558239352
qec,54,0.7969415801651233
qec,54,0.8523471673893876
qec,54,0.850493509551927
qec,54,0.8066145083532916
qec,54,0.850493509551927
qec,54,0.7653872697161128
qec,54,0.9493176558239352
qec,54,0.8066145083532916
qec,54,0.9493176558239352
qec,54,0.8066145083532916
qec,54,0.7653872697161128
qec,54,0.8523471673893876
qec,54,0.7653872697161128
qec,54,0.8523471673893876
qec,54,0.850493509551927
qec,54,0.9493176558239352
qec,54,0.7969415801651233
qec,54,0.7653872697161128
qec,54,0.9493176558239352
qec,54,0.9493176558239352
qec,54,0.8523471673893876
qec,54,0.7969415801651233
qec,54,0.7653872697161128
qec,54,0.8523471673893876
qec,54,0.850493509551927
qec,54,0.850493509551927
qec,54,0.7969415801651233
qec,54,0.850493509551927
qec,54,0.850493509551927
qec,54,0.8523471673893876
qec,54,0.850493509551927
qec,54,0.7969415801651233
qec,54,0.7969415801651233
qec,54,0.850493509551927
qec,54,0.7969415801651233
qec,54,0.9493176558239352
qec,54,0.7653872697161128
qec,54,0.8523471673893876
qec,54,0.8066145083532916
qec,54,0.850493509551927
qec,54,0.7969415801651233
qec,54,0.7969415801651233
qec,54,0.7969415801651233
qec,54,0.8523471673893876
qec,54,0.8523471673893876
qec,54,0.7653872697161128
qec,54,0.9493176558239352
qec,54,0.9493176558239352
qec,54,0.850493509551927
qec,54,0.9493176558239352
qec,54,0.7653872697161128
qec,54,0.9493176558239352
qec,54,0.850493509551927
qec,54,0.9493176558239352
qec,54,0.7969415801651233
qec,54,0.8523471673893876
qec,54,0.7969415801651233
qec,54,0.8066145083532916
qec,54,0.8066145083532916
qec,54,0.8066145083532916
qec,54,0.7969415801651233
qec,54,0.850493509551927
qec,54,0.7969415801651233
qec,54,0.7969415801651233
qec,54,0.850493509551927
qec,54,0.8066145083532916
qec,54,0.8066145083532916
qec,54,0.850493509551927
qec,54,0.7653872697161128
qec,54,0.8523471673893876
qec,54,0.7969415801651233
qec,54,0.7653872697161128
qec,54,0.850493509551927
qec,54,0.8523471673893876
qec,54,0.7653872697161128
qec,54,0.8066145083532916
qec,54,0.8066145083532916
qec,54,0.8066145083532916
qec,54,0.7969415801651233
qec,54,0.8066145083532916
qec,54,0.7653872697161128
qec,54,0.7969415801651233
qec,54,0.9493176558239352
qec,54,0.7653872697161128
qec,54,0.7969415801651233
xeb,56,0.8602526301272444
xeb,56,0.8256355453146522
xeb,56,0.9252361883881604
xeb,56,0.8950188316808577
xeb,56,0.9077271383791401
xeb,56,0.8280340854403673
xeb,56,0.8855820360889742
xeb,56,0.9077271383791401
xeb,56,0.9236134217366858
xeb,56,0.7809181471745729
xeb,56,0.9407359193000101
xeb,56,0.867686834811947
xeb,56,0.8451224508533733
xeb,56,0.8364469854519258
xeb,56,0.8623764021097642
xeb,56,0.9124508163569957
xeb,56,0.8327618995794759
xeb,56,0.9187283254892811
xeb,56,0.8276507915808086
xeb,56,0.8361305016324959
xeb,56,0.8726613089335045
xeb,56,0.8984235783411352
xeb,56,0.8280340854403673
xeb,56,0.8427160634191132
xeb,56,0.8726613089335045
xeb,56,0.9077271383791401
xeb,56,0.7627449093855666
xeb,56,0.8605945300395493
xeb,56,0.9291417094390904
xeb,56,0.8361305016324959
xeb,56,0.9556020477601117
xeb,56,0.8903478610101405
xeb,56,0.9124508163569957
xeb,56,0.8364469854519258
xeb,56,0.8361305016324959
xeb,56,0.7724947582525269
xeb,56,0.947187996012986
xeb,56,0.868422477430949
xeb,56,0.826817256527057
xeb,56,0.9124508163569957
xeb,56,0.8103615885313056
xeb,56,0.868422477430949
xeb,56,0.927892248893816
xeb,56,0.868422477430949
xeb,56,0.9236134217366858
xeb,56,0.9138222917668947
xeb,56,0.9291417094390904
xeb,56,0.8525903897509967
xeb,56,0.927892248893816
xeb,56,0.9407359193000101
xeb,56,0.826817256527057
xeb,56,0.8256355453146522
xeb,56,0.9582906100650164
xeb,56,0.9236134217366858
xeb,56,0.867686834811947
xeb,56,0.9407359193000101
xeb,56,0.9124508163569957
xeb,56,0.9556020477601117
xeb,56,0.9236134217366858
xeb,56,0.8256355453146522
xeb,56,0.8503290988520985
xeb,56,0.8427160634191132
xeb,56,0.8503290988520985
xeb,56,0.9291417094390904
xeb,56,0.8327618995794759
xeb,56,0.9252361883881604
xeb,56,0.8276507915808086
xeb,56,0.8691043634578418
xeb,56,0.7724947582525269
xeb,56,0.9077271383791401
xeb,56,0.826817256527057
xeb,56,0.9187283254892811
xeb,56,0.9252361883881604
xeb,56,0.9236134217366858
xeb,56,0.8256355453146522
xeb,56,0.826817256527057
xeb,56,0.826817256527057
xeb,56,0.8325607511260908
xeb,56,0.896159561880355
xeb,56,0.9556020477601117
xeb,56,0.7809181471745729
xeb,56,0.9187283254892811
xeb,56,0.8448180209535121
xeb,56,0.8602526301272444
xeb,56,0.8436405500125647
xeb,56,0.927892248893816
xeb,56,0.896159561880355
xeb,56,0.8166931084246045
xeb,56,0.9077271383791401
xeb,56,0.8525903897509967
xeb,56,0.826817256527057
xeb,56,0.8327618995794759
xeb,56,0.896159561880355
xeb,56,0.9236134217366858
xeb,56,0.8256355453146522
xeb,56,0.8691043634578418
xeb,56,0.9236134217366858
xeb,56,0.8327618995794759
xeb,56,0.927892248893816
xeb,56,0.8325607511260908
xeb,56,0.9187283254892811
xeb,56,0.8950188316808577
xeb,56,0.947187996012986
xeb,56,0.8427160634191132
xeb,56,0.867686834811947
xeb,56,0.9065319692492433
xeb,56,0.8691043634578418
xeb,56,0.9407359193000101
xeb,56,0.8451224508533733
xeb,56,0.8451224508533733
xeb,56,0.9556020477601117
xeb,56,0.8327618995794759
xeb,56,0.9556020477601117
xeb,56,0.8525903897509967
xeb,56,0.9065319692492433
xeb,56,0.8984235783411352
xeb,56,0.8855820360889742
xeb,56,0.9291417094390904
xeb,56,0.9008009945026649
xeb,56,0.8837878127458976
xeb,56,0.9291417094390904
xeb,56,0.9582906100650164
xeb,56,0.9236134217366858
xeb,56,0.8280340854403673
xeb,56,0.9407359193000101
xeb,56,0.826817256527057
xeb,56,0.8280340854403673
xeb,56,0.8903478610101405
xeb,56,0.8361305016324959
xeb,56,0.8855820360889742
xeb,56,0.8623764021097642
xeb,56,0.8166931084246045
xeb,56,0.875430886408661
xeb,56,0.947187996012986
xeb,56,0.868422477430949
xeb,56,0.867686834811947
xeb,56,0.9252361883881604
xeb,56,0.7809181471745729
xeb,56,0.9138222917668947
xeb,56,0.9065319692492433
xeb,56,0.896159561880355
xeb,56,0.8691043634578418
xeb,56,0.9407359193000101
xeb,56,0.8427160634191132
xeb,56,0.8950188316808577
xeb,56,0.7627449093855666
xeb,56,0.9029951712131911
xeb,56,0.8623764021097642
xeb,56,0.8276507915808086
xeb,56,0.9077271383791401
xeb,56,0.9077271383791401
xeb,56,0.9291417094390904
xeb,56,0.826817256527057
xeb,56,0.8276507915808086
xeb,56,0.8276507915808086
xeb,56,0.8276507915808086
xeb,56,0.9029951712131911
xeb,56,0.9124508163569957
xeb,56,0.868422477430949
xeb,56,0.8920466604315792
xeb,56,0.8623764021097642
xeb,56,0.8562121034108631
xeb,56,0.8327618995794759
xeb,56,0.7809181471745729
xeb,56,0.8602526301272444
xeb,56,0.826817256527057
xeb,56,0.8427160634191132
xeb,56,0.8451224508533733
xeb,56,0.8855820360889742
xeb,56,0.8602526301272444
xeb,56,0.8903478610101405
xeb,56,0.8602526301272444
xeb,56,0.7809181471745729
xeb,56,0.896159561880355
xeb,56,0.9008009945026649
xeb,56,0.8364469854519258
xeb,56,0.9252361883881604
xeb,56,0.9582906100650164
xeb,56,0.8903478610101405
xeb,56,0.9252361883881604
xeb,56,0.875430886408661
xeb,56,0.8276507915808086
xeb,56,0.868422477430949
xeb,56,0.8855820360889742
xeb,56,0.9008009945026649
xeb,56,0.9008009945026649
xeb,56,0.9252361883881604
xeb,56,0.8562121034108631
xeb,56,0.8920466604315792
xeb,56,0.8103615885313056
xeb,56,0.8503290988520985
xeb,56,0.9124508163569957
xeb,56,0.8691043634578418
xeb,56,0.826817256527057
xeb,56,0.8602526301272444
xeb,56,0.9029951712131911
xeb,56,0.9556020477601117
xeb,56,0.8799690634797399
xeb,56,0.8103615885313056
xeb,56,0.9291417094390904
qnn,56,0.781218429986791
qnn,56,0.8045010532120124
qnn,56,0.8506808233376749
qnn,56,0.8558659716191057
qnn,56,0.8948852079245108
qnn,56,0.9396646003469682
qnn,56,0.906645728414564
qnn,56,0.8045010532120124
qnn,56,0.9269637856886066
qnn,56,0.7688979024693792
qnn,56,0.781218429986791
qnn,56,0.9190104809210603
qnn,56,0.9190104809210603
qnn,56,0.8979556586021317
qnn,56,0.7972595032561376
qnn,56,0.7972595032561376
qnn,56,0.865971734307107
qnn,56,0.7967078086600796
qnn,56,0.8679975425619015
qnn,56,0.906645728414564
qnn,56,0.8656616602211418
qnn,56,0.9269637856886066
qnn,56,0.8478141246717127
qnn,56,0.8683709595001564
qnn,56,0.8979556586021317
qnn,56,0.9375660135828944
qnn,56,0.7915188991384793
qnn,56,0.7915188991384793
qnn,56,0.7688979024693792
qnn,56,0.7934202284001208
qnn,56,0.8948852079245108
qnn,56,0.8683709595001564
qnn,56,0.8201428532127415
qnn,56,0.8063580904294873
qnn,56,0.8551584517365203
qnn,56,0.8201428532127415
qnn,56,0.8551584517365203
qnn,56,0.8540163325675928
qnn,56,0.8594520635967331
qnn,56,0.8215394744609862
qnn,56,0.8478141246717127
qnn,56,0.9450724925255989
qnn,56,0.8229133489970819
qnn,56,0.7972595032561376
qnn,56,0.8229133489970819
qnn,56,0.8558659716191057
qnn,56,0.823379796543671
qnn,56,0.920744363306727
qnn,56,0.7972595032561376
qnn,56,0.9269637856886066
qnn,56,0.7972595032561376
qnn,56,0.7967078086600796
qnn,56,0.8991248886683005
qnn,56,0.781218429986791
qnn,56,0.8551584517365203
qnn,56,0.8215394744609862
qnn,56,0.9294231333352918
qnn,56,0.9450724925255989
qnn,56,0.8979556586021317
qnn,56,0.9269637856886066
qnn,56,0.9192461958509889
qnn,56,0.9375660135828944
qnn,56,0.920744363306727
qnn,56,0.920744363306727
qnn,56,0.8525323556765467
qnn,56,0.9396646003469682
qnn,56,0.781218429986791
qnn,56,0.781218429986791
qnn,56,0.9192461958509889
qnn,56,0.8979556586021317
qnn,56,0.8787723153280261
qnn,56,0.8963735665250042
qnn,56,0.8594520635967331
qnn,56,0.8063580904294873
qnn,56,0.8991248886683005
qnn,56,0.9396646003469682
qnn,56,0.8948852079245108
qnn,56,0.9294231333352918
qnn,56,0.8525323556765467
qnn,56,0.9396646003469682
qnn,56,0.8797462197842004
qnn,56,0.8507970310623632
qnn,56,0.9450724925255989
qnn,56,0.8517753654319242
qnn,56,0.8507970310623632
qnn,56,0.7934202284001208
qnn,56,0.8085188392883902
qnn,56,0.8787723153280261
qnn,56,0.781218429986791
qnn,56,0.8377706397320444
qnn,56,0.8594520635967331
qnn,56,0.9450724925255989
qnn,56,0.816753033935318
qnn,56,0.8781464462433949
qnn,56,0.8085188392883902
qnn,56,0.8063580904294873
qnn,56,0.7688979024693792
qnn,56,0.8478141246717127
qnn,56,0.920744363306727
qnn,56,0.7915188991384793
qnn,56,0.920744363306727
qnn,56,0.8517753654319242
qnn,56,0.9093058616512468
qnn,56,0.8959099245041602
qnn,56,0.7934202284001208
qnn,56,0.8215394744609862
qnn,56,0.8787723153280261
qnn,56,0.920744363306727
qnn,56,0.8849731741652701
qnn,56,0.8781464462433949
qnn,56,0.7972595032561376
qnn,56,0.8377706397320444
qnn,56,0.8932173859533885
qnn,56,0.9396646003469682
qnn,56,0.8045010532120124
qnn,56,0.9093058616512468
qnn,56,0.7915188991384793
qnn,56,0.9190104809210603
qnn,56,0.8478141246717127
qnn,56,0.8679975425619015
qnn,56,0.9138984043548894
qnn,56,0.9093058616512468
qnn,56,0.8506808233376749
qnn,56,0.8787723153280261
qnn,56,0.920744363306727
qnn,56,0.8478141246717127
qnn,56,0.8201428532127415
qnn,56,0.8085188392883902
qnn,56,0.8787723153280261
qnn,56,0.8478141246717127
qnn,56,0.920744363306727
qnn,56,0.8201428532127415
qnn,56,0.8045010532120124
qnn,56,0.8063580904294873
qnn,56,0.8991248886683005
qnn,56,0.8507970310623632
qnn,56,0.8063580904294873
qnn,56,0.9093058616512468
qnn,56,0.8540163325675928
qnn,56,0.7967078086600796
qnn,56,0.8991248886683005
qnn,56,0.8781464462433949
qnn,56,0.8377706397320444
qnn,56,0.8540163325675928
qnn,56,0.7967078086600796
qnn,56,0.8781464462433949
qnn,56,0.8298923524774151
qnn,56,0.7967078086600796
qnn,56,0.9138984043548894
qnn,56,0.8201428532127415
qnn,56,0.8063580904294873
qnn,56,0.8506808233376749
qnn,56,0.8594520635967331
qnn,56,0.8558659716191057
qnn,56,0.8085188392883902
qnn,56,0.9093058616512468
qnn,56,0.9269637856886066
qnn,56,0.8525323556765467
qnn,56,0.8787723153280261
qnn,56,0.7972595032561376
qnn,56,0.8627328439808682
qnn,56,0.781218429986791
qnn,56,0.8959099245041602
qnn,56,0.7688979024693792
qnn,56,0.8991248886683005
qnn,56,0.8517753654319242
qnn,56,0.9190104809210603
qnn,56,0.823379796543671
qnn,56,0.920744363306727
qnn,56,0.781218429986791
qnn,56,0.9450724925255989
qnn,56,0.7688979024693792
qnn,56,0.8525323556765467
qnn,56,0.8683709595001564
qnn,56,0.8551584517365203
qnn,56,0.8959099245041602
qnn,56,0.9396646003469682
qnn,56,0.8045010532120124
qnn,56,0.8627328439808682
qnn,56,0.9192461958509889
qnn,56,0.816753033935318
qnn,56,0.8201428532127415
qnn,56,0.8948852079245108
qnn,56,0.8506808233376749
qnn,56,0.8063580904294873
qnn,56,0.8797462197842004
qnn,56,0.8540163325675928
qnn,56,0.8979556586021317
qnn,56,0.8683709595001564
qnn,56,0.8507970310623632
qnn,56,0.9294231333352918
qnn,56,0.8781464462433949
qnn,56,0.9181890965417738
qnn,56,0.8683709595001564
qnn,56,0.8063580904294873
qnn,56,0.8683709595001564
qnn,56,0.9190104809210603
qnn,56,0.920744363306727
qnn,56,0.9396646003469682
qnn,56,0.8861454716725707
shor,56,0.891625112135671
shor,56,0.9159440440011669
shor,56,0.9565815786305526
shor,56,0.8507666738425225
shor,56,0.9166291639982368
shor,56,0.8039680829251586
shor,56,0.8623184727604513
shor,56,0.8623184727604513
shor,56,0.8530296169269582
shor,56,0.9510066509813111
shor,56,0.8639718226001182
shor,56,0.9159440440011669
shor,56,0.891625112135671
shor,56,0.8915151184528783
shor,56,0.8354679426560497
shor,56,0.8724917942423741
shor,56,0.8039680829251586
shor,56,0.9159440440011668
shor,56,0.8728457925194902
shor,56,0.8797134893582745
shor,56,0.8914602404610369
shor,56,0.8544565872545699
shor,56,0.8506427545733238
shor,56,0.8893982082350089
shor,56,0.918145767011277
shor,56,0.8728457925194902
shor,56,0.8853133059379986
shor,56,0.8530296169269582
shor,56,0.8919554519653735
shor,56,0.8639718226001182
shor,56,0.9515678839457601
shor,56,0.920216899588222
shor,56,0.8760726645372734
shor,56,0.8506427545733238
shor,56,0.8620862983726911
shor,56,0.8506427545733238
shor,56,0.8039680829251586
shor,56,0.8599696214877801
shor,56,0.9510066509813111
shor,56,0.891625112135671
shor,56,0.9618884470780202
shor,56,0.8701776058977564
shor,56,0.9139382445089304
shor,56,0.9159440440011669
shor,56,0.8623184727604513
shor,56,0.8506427545733238
shor,56,0.8701776058977564
shor,56,0.9510066509813111
shor,56,0.9515678839457601
shor,56,0.8853133059379986
shor,56,0.8354679426560497
shor,56,0.7855357690414886
shor,56,0.8354679426560497
shor,56,0.7855357690414886
shor,56,0.8914602404610369
shor,56,0.8915151184528783
shor,56,0.8701776058977564
shor,56,0.9139382445089304
shor,56,0.887353901466275
shor,56,0.9618884470780202
shor,56,0.8724917942423741
shor,56,0.8620862983726911
shor,56,0.9159440440011668
shor,56,0.8893982082350089
shor,56,0.8623184727604513
shor,56,0.887353901466275
shor,56,0.8354679426560497
shor,56,0.9166291639982368
shor,56,0.8708881291764388
shor,56,0.7855357690414886
shor,56,0.8919554519653735
shor,56,0.8354679426560497
shor,56,0.8919554519653735
shor,56,0.8544565872545699
shor,56,0.9565815786305526
shor,56,0.8919554519653735
shor,56,0.7855357690414886
shor,56,0.9566366796192629
shor,56,0.9139382445089304
shor,56,0.8853133059379986
shor,56,0.8724917942423741
shor,56,0.8354679426560497
shor,56,0.9566366796192629
shor,56,0.9159440440011668
shor,56,0.8620862983726911
shor,56,0.9139382445089304
shor,56,0.9166291639982368
shor,56,0.8853133059379986
shor,56,0.8599696214877801
shor,56,0.8639718226001182
shor,56,0.9139382445089304
shor,56,0.8914602404610369
shor,56,0.9565815786305526
shor,56,0.891625112135671
shor,56,0.8354679426560497
shor,56,0.9565815786305526
shor,56,0.8853133059379986
shor,56,0.8599696214877801
shor,56,0.7855357690414886
shor,56,0.9159440440011669
shor,56,0.8544565872545699
shor,56,0.8893982082350089
shor,56,0.8893982082350089
shor,56,0.8919554519653735
shor,56,0.8639718226001182
shor,56,0.8918940975059557
shor,56,0.8599696214877801
shor,56,0.8544565872545699
shor,56,0.9166291639982368
shor,56,0.8530296169269582
shor,56,0.9510066509813111
shor,56,0.8728457925194902
shor,56,0.8914602404610369
shor,56,0.8915151184528783
shor,56,0.891625112135671
shor,56,0.9139382445089304
shor,56,0.7855357690414886
shor,56,0.8354679426560497
shor,56,0.9515678839457601
shor,56,0.920216899588222
shor,56,0.9139382445089304
shor,56,0.8507666738425225
shor,56,0.8893982082350089
shor,56,0.887353901466275
shor,56,0.8506427545733238
shor,56,0.8724917942423741
shor,56,0.8039680829251586
shor,56,0.8919554519653735
shor,56,0.918145767011277
shor,56,0.9566366796192629
shor,56,0.8728457925194902
shor,56,0.8599696214877801
shor,56,0.8728457925194902
shor,56,0.8724917942423741
shor,56,0.8914602404610369
shor,56,0.8507666738425225
shor,56,0.8544565872545699
shor,56,0.8893982082350089
shor,56,0.8506427545733238
shor,56,0.8639718226001182
shor,56,0.8354679426560497
shor,56,0.8354679426560497
shor,56,0.8354679426560497
shor,56,0.8354679426560497
shor,56,0.8708881291764388
shor,56,0.9510066509813111
shor,56,0.8919554519653735
shor,56,0.9515678839457601
shor,56,0.8919554519653735
shor,56,0.7855357690414886
shor,56,0.920216899588222
shor,56,0.8530296169269582
shor,56,0.8599696214877801
shor,56,0.9166291639982368
shor,56,0.8354679426560497
shor,56,0.8918940975059557
shor,56,0.9565815786305526
shor,56,0.8599696214877801
shor,56,0.9166291639982368
shor,56,0.8724917942423741
shor,56,0.9566366796192629
shor,56,0.9139382445089304
shor,56,0.8893982082350089
shor,56,0.8893982082350089
shor,56,0.9510066509813111
shor,56,0.8708881291764388
shor,56,0.8620862983726911
shor,56,0.9618884470780202
shor,56,0.9510066509813111
shor,56,0.9139382445089304
shor,56,0.8914602404610369
shor,56,0.8915151184528783
shor,56,0.8915151184528783
shor,56,0.8708881291764388
shor,56,0.9139382445089304
shor,56,0.920216899588222
shor,56,0.9139382445089304
shor,56,0.8728457925194902
shor,56,0.8506427545733238
shor,56,0.8039680829251586
shor,56,0.9565815786305526
shor,56,0.9510066509813111
shor,56,0.9564410360440858
shor,56,0.9618884470780202
shor,56,0.9510066509813111
shor,56,0.9159440440011669
shor,56,0.9510066509813111
shor,56,0.8728457925194902
shor,56,0.8530296169269582
shor,56,0.8506427545733238
shor,56,0.8506427545733238
shor,56,0.7855357690414886
shor,56,0.918145767011277
shor,56,0.8623184727604513
shor,56,0.8728457925194902
shor,56,0.8915151184528783
shor,56,0.8599696214877801
shor,56,0.8918940975059557
shor,56,0.8506427545733238
shor,56,0.8354679426560497
qec,56,0.870090428777613
qec,56,0.8282964445504618
qec,56,0.870090428777613
qec,56,0.8220353769323099
qec,56,0.8282964445504618
qec,56,0.8041749450501462
qec,56,0.868794721411018
qec,56,0.870090428777613
qec,56,0.8220353769323099
qec,56,0.870090428777613
qec,56,0.870090428777613
qec,56,0.870090428777613
qec,56,0.870090428777613
qec,56,0.8282964445504618
qec,56,0.8282964445504618
qec,56,0.8041749450501462
qec,56,0.8220353769323099
qec,56,0.870090428777613
qec,56,0.870090428777613
qec,56,0.8282964445504618
qec,56,0.868794721411018
qec,56,0.8282964445504618
qec,56,0.8041749450501462
qec,56,0.8282964445504618
qec,56,0.8282964445504618
qec,56,0.868794721411018
qec,56,0.9569689683439028
qec,56,0.8041749450501462
qec,56,0.868794721411018
qec,56,0.8282964445504618
qec,56,0.8282964445504618
qec,56,0.8282964445504618
qec,56,0.9569689683439028
qec,56,0.9569689683439028
qec,56,0.870090428777613
qec,56,0.8282964445504618
qec,56,0.8282964445504618
qec,56,0.8282964445504618
qec,56,0.870090428777613
qec,56,0.8282964445504618
qec,56,0.8282964445504618
qec,56,0.8220353769323099
qec,56,0.8282964445504618
qec,56,0.8282964445504618
qec,56,0.8041749450501462
qec,56,0.8041749450501462
qec,56,0.868794721411018
qec,56,0.9569689683439028
qec,56,0.868794721411018
qec,56,0.8282964445504618
qec,56,0.8220353769323099
qec,56,0.868794721411018
qec,56,0.8282964445504618
qec,56,0.8282964445504618
qec,56,0.8220353769323099
qec,56,0.8282964445504618
qec,56,0.8041749450501462
qec,56,0.870090428777613
qec,56,0.8220353769323099
qec,56,0.8220353769323099
qec,56,0.9569689683439028
qec,56,0.8220353769323099
qec,56,0.8282964445504618
qec,56,0.8041749450501462
qec,56,0.870090428777613
qec,56,0.8220353769323099
qec,56,0.870090428777613
qec,56,0.870090428777613
qec,56,0.9569689683439028
qec,56,0.870090428777613
qec,56,0.870090428777613
qec,56,0.870090428777613
qec,56,0.868794721411018
qec,56,0.8282964445504618
qec,56,0.870090428777613
qec,56,0.868794721411018
qec,56,0.8041749450501462
qec,56,0.8220353769323099
qec,56,0.8282964445504618
qec,56,0.9569689683439028
qec,56,0.870090428777613
qec,56,0.8282964445504618
qec,56,0.870090428777613
qec,56,0.8041749450501462
qec,56,0.8220353769323099
qec,56,0.8041749450501462
qec,56,0.8282964445504618
qec,56,0.868794721411018
qec,56,0.8282964445504618
qec,56,0.8282964445504618
qec,56,0.870090428777613
qec,56,0.8282964445504618
qec,56,0.8282964445504618
qec,56,0.870090428777613
qec,56,0.870090428777613
qec,56,0.9569689683439028
qec,56,0.870090428777613
qec,56,0.8041749450501462
qec,56,0.8282964445504618
qec,56,0.8282964445504618
qec,56,0.870090428777613
qec,56,0.8041749450501462
qec,56,0.9569689683439028
qec,56,0.8041749450501462
qec,56,0.8282964445504618
qec,56,0.8282964445504618
qec,56,0.8282964445504618
qec,56,0.8041749450501462
qec,56,0.9569689683439028
qec,56,0.8041749450501462
qec,56,0.870090428777613
qec,56,0.8220353769323099
qec,56,0.8220353769323099
qec,56,0.8220353769323099
qec,56,0.9569689683439028
qec,56,0.870090428777613
qec,56,0.8282964445504618
qec,56,0.870090428777613
qec,56,0.8282964445504618
qec,56,0.9569689683439028
qec,56,0.8220353769323099
qec,56,0.870090428777613
qec,56,0.868794721411018
qec,56,0.8282964445504618
qec,56,0.868794721411018
qec,56,0.870090428777613
qec,56,0.8041749450501462
qec,56,0.8220353769323099
qec,56,0.8041749450501462
qec,56,0.870090428777613
qec,56,0.9569689683439028
qec,56,0.8041749450501462
qec,56,0.8282964445504618
qec,56,0.8282964445504618
qec,56,0.8220353769323099
qec,56,0.870090428777613
qec,56,0.8282964445504618
qec,56,0.8041749450501462
qec,56,0.8282964445504618
qec,56,0.8282964445504618
qec,56,0.8041749450501462
qec,56,0.868794721411018
qec,56,0.9569689683439028
qec,56,0.8282964445504618
qec,56,0.9569689683439028
qec,56,0.8041749450501462
qec,56,0.9569689683439028
qec,56,0.8282964445504618
qec,56,0.8282964445504618
qec,56,0.9569689683439028
qec,56,0.8041749450501462
qec,56,0.8282964445504618
qec,56,0.868794721411018
qec,56,0.8282964445504618
qec,56,0.9569689683439028
qec,56,0.8041749450501462
qec,56,0.8041749450501462
qec,56,0.870090428777613
qec,56,0.9569689683439028
qec,56,0.8282964445504618
qec,56,0.8282964445504618
qec,56,0.8282964445504618
qec,56,0.9569689683439028
qec,56,0.8041749450501462
qec,56,0.8282964445504618
qec,56,0.8282964445504618
qec,56,0.8282964445504618
qec,56,0.870090428777613
qec,56,0.9569689683439028
qec,56,0.8041749450501462
qec,56,0.8041749450501462
qec,56,0.8282964445504618
qec,56,0.8041749450501462
qec,56,0.870090428777613
qec,56,0.8282964445504618
qec,56,0.8282964445504618
qec,56,0.8282964445504618
qec,56,0.8282964445504618
qec,56,0.8041749450501462
qec,56,0.8282964445504618
qec,56,0.870090428777613
qec,56,0.870090428777613
qec,56,0.870090428777613
qec,56,0.8282964445504618
qec,56,0.8041749450501462
qec,56,0.870090428777613
qec,56,0.8220353769323099
qec,56,0.8282964445504618
qec,56,0.870090428777613
qec,56,0.870090428777613
qec,56,0.9569689683439028
qec,56,0.8282964445504618
qec,56,0.870090428777613
qec,56,0.8282964445504618
qec,56,0.8282964445504618
qec,56,0.870090428777613
qec,56,0.8282964445504618
qec,56,0.868794721411018
qec,56,0.8282964445504618
qec,56,0.870090428777613
xeb,58,0.9518765461560902
xeb,58,0.9372691576865286
xeb,58,0.8433652837423269
xeb,58,0.9568295993656051
xeb,58,0.8859093892748351
xeb,58,0.8849555701857867
xeb,58,0.8566146347366695
xeb,58,0.8892578029156023
xeb,58,0.8392152274938395
xeb,58,0.906265058896528
xeb,58,0.9688212519918162
xeb,58,0.9267842355201587
xeb,58,0.8566146347366695
xeb,58,0.9235516867113382
xeb,58,0.9235516867113382
xeb,58,0.9232237014488088
xeb,58,0.8668107883631
xeb,58,0.8966229513597378
xeb,58,0.8152197521039813
xeb,58,0.9337163866119643
xeb,58,0.9499390631742866
xeb,58,0.9309016449830515
xeb,58,0.9688212519918162
xeb,58,0.9076146120830082
xeb,58,0.9235516867113382
xeb,58,0.8152197521039813
xeb,58,0.9568295993656051
xeb,58,0.9518765461560902
xeb,58,0.867031933169554
xeb,58,0.9424729919933204
xeb,58,0.9232237014488088
xeb,58,0.9518765461560902
xeb,58,0.9309016449830515
xeb,58,0.8971899605764941
xeb,58,0.9335254590414006
xeb,58,0.906265058896528
xeb,58,0.9517878806627411
xeb,58,0.9657247202690361
xeb,58,0.8892578029156023
xeb,58,0.9517878806627411
xeb,58,0.9424729919933204
xeb,58,0.9335254590414006
xeb,58,0.8566146347366695
xeb,58,0.8566146347366695
xeb,58,0.8128134435334287
xeb,58,0.9657247202690361
xeb,58,0.9499390631742866
xeb,58,0.9372691576865286
xeb,58,0.9309016449830515
xeb,58,0.9087813336732425
xeb,58,0.867031933169554
xeb,58,0.9140469011110121
xeb,58,0.9135714427962367
xeb,58,0.9335254590414006
xeb,58,0.8647584770989031
xeb,58,0.9229763934751785
xeb,58,0.8493507421434434
xeb,58,0.9337163866119643
xeb,58,0.9297635156003705
xeb,58,0.906265058896528
xeb,58,0.9518765461560902
xeb,58,0.9657247202690361
xeb,58,0.8743186045775965
xeb,58,0.9135714427962367
xeb,58,0.8493507421434434
xeb,58,0.914618871141869
xeb,58,0.8631805322632887
xeb,58,0.9401400208560174
xeb,58,0.8851144498026862
xeb,58,0.9657247202690361
xeb,58,0.9076146120830082
xeb,58,0.8637506534858844
xeb,58,0.9195500600516242
xeb,58,0.9135714427962367
xeb,58,0.8977330730478514
xeb,58,0.9273425494655062
xeb,58,0.914618871141869
xeb,58,0.9273425494655062
xeb,58,0.9337163866119643
xeb,58,0.8566146347366695
xeb,58,0.8966229513597378
xeb,58,0.9229763934751785
xeb,58,0.9657247202690361
xeb,58,0.9499390631742866
xeb,58,0.9135714427962367
xeb,58,0.8668107883631
xeb,58,0.9273425494655062
xeb,58,0.867031933169554
xeb,58,0.9657247202690361
xeb,58,0.9232237014488088
xeb,58,0.8743186045775965
xeb,58,0.9337163866119643
xeb,58,0.906265058896528
xeb,58,0.9657247202690361
xeb,58,0.8128134435334287
xeb,58,0.8152197521039813
xeb,58,0.8859093892748351
xeb,58,0.9518765461560902
xeb,58,0.8977330730478514
xeb,58,0.8567682808628663
xeb,58,0.8647584770989031
xeb,58,0.9076146120830082
xeb,58,0.9195500600516242
xeb,58,0.9370218604620039
xeb,58,0.9337163866119643
xeb,58,0.8849555701857867
xeb,58,0.8647584770989031
xeb,58,0.9335254590414006
xeb,58,0.8941148549083142
xeb,58,0.8892578029156023
xeb,58,0.906265058896528
xeb,58,0.9401400208560174
xeb,58,0.9135714427962367
xeb,58,0.8851144498026862
xeb,58,0.8152197521039813
xeb,58,0.8493507421434434
xeb,58,0.8851144498026862
xeb,58,0.867031933169554
xeb,58,0.8433652837423269
xeb,58,0.8977330730478514
xeb,58,0.9401400208560174
xeb,58,0.8851144498026862
xeb,58,0.8128134435334287
xeb,58,0.9401400208560174
xeb,58,0.8493507421434434
xeb,58,0.9568295993656051
xeb,58,0.906265058896528
xeb,58,0.9372691576865286
xeb,58,0.9688212519918162
xeb,58,0.8128134435334287
xeb,58,0.8966229513597378
xeb,58,0.8152197521039813
xeb,58,0.9688212519918162
xeb,58,0.9076146120830082
xeb,58,0.8567682808628663
xeb,58,0.9267842355201587
xeb,58,0.9401400208560174
xeb,58,0.8849555701857867
xeb,58,0.9518765461560902
xeb,58,0.867031933169554
xeb,58,0.8433652837423269
xeb,58,0.906265058896528
xeb,58,0.9401400208560174
xeb,58,0.9518765461560902
xeb,58,0.8128134435334287
xeb,58,0.9232237014488088
xeb,58,0.906265058896528
xeb,58,0.8892578029156023
xeb,58,0.9087813336732425
xeb,58,0.914459305265743
xeb,58,0.9335254590414006
xeb,58,0.914618871141869
xeb,58,0.9401400208560174
xeb,58,0.8566146347366695
xeb,58,0.8152197521039813
xeb,58,0.9335254590414006
xeb,58,0.9518765461560902
xeb,58,0.9235516867113382
xeb,58,0.914459305265743
xeb,58,0.8971899605764941
xeb,58,0.914459305265743
xeb,58,0.8892578029156023
xeb,58,0.8851144498026862
xeb,58,0.9401400208560174
xeb,58,0.8567682808628663
xeb,58,0.8441397651617563
xeb,58,0.8631805322632887
xeb,58,0.9372691576865286
xeb,58,0.9267842355201587
xeb,58,0.9140469011110121
xeb,58,0.9087813336732425
xeb,58,0.8977330730478514
xeb,58,0.8493507421434434
xeb,58,0.9518765461560902
xeb,58,0.8743186045775965
xeb,58,0.9173993418803671
xeb,58,0.9173993418803671
xeb,58,0.9235516867113382
xeb,58,0.8941148549083142
xeb,58,0.9135714427962367
xeb,58,0.8977330730478514
xeb,58,0.8849555701857867
xeb,58,0.9335254590414006
xeb,58,0.9235516867113382
xeb,58,0.8668107883631
xeb,58,0.9424729919933204
xeb,58,0.9076146120830082
xeb,58,0.9688212519918162
xeb,58,0.9335254590414006
xeb,58,0.8971899605764941
xeb,58,0.8631805322632887
xeb,58,0.8668107883631
xeb,58,0.8971899605764941
xeb,58,0.9229763934751785
xeb,58,0.8647584770989031
xeb,58,0.8637506534858844
xeb,58,0.9517878806627411
xeb,58,0.9568295993656051
xeb,58,0.906265058896528
xeb,58,0.9372691576865286
qnn,58,0.9057178305497026
qnn,58,0.9569137416001546
qnn,58,0.9428571769628207
qnn,58,0.8840337843653614
qnn,58,0.8576347995016154
qnn,58,0.8310821967573956
qnn,58,0.9274920462371898
qnn,58,0.9041637580416038
qnn,58,0.8882256382492775
qnn,58,0.912290907996971
qnn,58,0.915472112525439
qnn,58,0.915472112525439
qnn,58,0.929037011891555
qnn,58,0.9343004622640612
qnn,58,0.8882256382492775
qnn,58,0.9274920462371898
qnn,58,0.8840337843653614
qnn,58,0.9348303351477979
qnn,58,0.864055779574699
qnn,58,0.9041637580416038
qnn,58,0.9057178305497026
qnn,58,0.867194934525406
qnn,58,0.9587681937229057
qnn,58,0.9093254345088971
qnn,58,0.9043676220035509
qnn,58,0.925851985770693
qnn,58,0.9123652642570845
qnn,58,0.8310821967573956
qnn,58,0.8840337843653614
qnn,58,0.8436333077920428
qnn,58,0.9170621507159853
qnn,58,0.8466040621537831
qnn,58,0.8729971948605684
qnn,58,0.9123170323998089
qnn,58,0.9343004622640612
qnn,58,0.8436333077920428
qnn,58,0.912290907996971
qnn,58,0.9123652642570845
qnn,58,0.9093254345088971
qnn,58,0.8394596926188923
qnn,58,0.9123170323998089
qnn,58,0.9381776169327243
qnn,58,0.9509091674532864
qnn,58,0.9515889149140468
qnn,58,0.919898793617213
qnn,58,0.8882256382492775
qnn,58,0.8425366465609282
qnn,58,0.9170621507159853
qnn,58,0.9459731590573538
qnn,58,0.912290907996971
qnn,58,0.919898793617213
qnn,58,0.9587681937229057
qnn,58,0.8650870394146118
qnn,58,0.9106289488050606
qnn,58,0.9348303351477979
qnn,58,0.864055779574699
qnn,58,0.8840337843653614
qnn,58,0.9348303351477979
qnn,58,0.8576347995016154
qnn,58,0.9348303351477979
qnn,58,0.9515889149140468
qnn,58,0.9287697608204608
qnn,58,0.8838819126785925
qnn,58,0.9106289488050606
qnn,58,0.8683907011091463
qnn,58,0.9509091674532864
qnn,58,0.8913935754580238
qnn,58,0.864055779574699
qnn,58,0.9428571769628207
qnn,58,0.919898793617213
qnn,58,0.9381776169327243
qnn,58,0.9274920462371898
qnn,58,0.9117746640394218
qnn,58,0.9348303351477979
qnn,58,0.9348303351477979
qnn,58,0.8576347995016154
qnn,58,0.8913935754580238
qnn,58,0.929037011891555
qnn,58,0.8310821967573956
qnn,58,0.9117746640394218
qnn,58,0.8310821967573956
qnn,58,0.9377194868837763
qnn,58,0.912290907996971
qnn,58,0.929037011891555
qnn,58,0.9274920462371898
qnn,58,0.8838819126785925
qnn,58,0.9106289488050606
qnn,58,0.9093254345088971
qnn,58,0.9123170323998089
qnn,58,0.9509091674532864
qnn,58,0.9287697608204608
qnn,58,0.864055779574699
qnn,58,0.925851985770693
qnn,58,0.9381776169327243
qnn,58,0.8840337843653614
qnn,58,0.9459731590573538
qnn,58,0.8729971948605684
qnn,58,0.8913935754580238
qnn,58,0.8969337954717969
qnn,58,0.8466040621537831
qnn,58,0.8492509764007042
qnn,58,0.8969337954717969
qnn,58,0.9515889149140468
qnn,58,0.929037011891555
qnn,58,0.8576347995016154
qnn,58,0.9093254345088971
qnn,58,0.9274920462371898
qnn,58,0.9117746640394218
qnn,58,0.864055779574699
qnn,58,0.9348303351477979
qnn,58,0.915472112525439
qnn,58,0.9349032801631189
qnn,58,0.8599262364656369
qnn,58,0.915472112525439
qnn,58,0.912290907996971
qnn,58,0.8492509764007042
qnn,58,0.9509091674532864
qnn,58,0.864023115863146
qnn,58,0.9170621507159853
qnn,58,0.9123170323998089
qnn,58,0.8425366465609282
qnn,58,0.925851985770693
qnn,58,0.8492509764007042
qnn,58,0.925851985770693
qnn,58,0.9377194868837763
qnn,58,0.9377194868837763
qnn,58,0.919898793617213
qnn,58,0.8913935754580238
qnn,58,0.864055779574699
qnn,58,0.8394596926188923
qnn,58,0.8729971948605684
qnn,58,0.9381776169327243
qnn,58,0.9170621507159853
qnn,58,0.8741118741472719
qnn,58,0.864055779574699
qnn,58,0.929037011891555
qnn,58,0.8492509764007042
qnn,58,0.8599262364656369
qnn,58,0.9349032801631189
qnn,58,0.9287697608204608
qnn,58,0.8729971948605684
qnn,58,0.9348303351477979
qnn,58,0.9093254345088971
qnn,58,0.8394596926188923
qnn,58,0.919898793617213
qnn,58,0.9515889149140468
qnn,58,0.9057178305497026
qnn,58,0.9057178305497026
qnn,58,0.9165296008950707
qnn,58,0.9041637580416038
qnn,58,0.925851985770693
qnn,58,0.8683907011091463
qnn,58,0.9569137416001546
qnn,58,0.9165296008950707
qnn,58,0.864055779574699
qnn,58,0.8425366465609282
qnn,58,0.8969337954717969
qnn,58,0.8576347995016154
qnn,58,0.8838819126785925
qnn,58,0.9106289488050606
qnn,58,0.932534745197202
qnn,58,0.9123652642570845
qnn,58,0.9348303351477979
qnn,58,0.9252937816745616
qnn,58,0.8969337954717969
qnn,58,0.8838819126785925
qnn,58,0.8930549971318671
qnn,58,0.8729971948605684
qnn,58,0.9165296008950707
qnn,58,0.9343004622640612
qnn,58,0.929037011891555
qnn,58,0.9170621507159853
qnn,58,0.8492509764007042
qnn,58,0.929037011891555
qnn,58,0.8683907011091463
qnn,58,0.8729971948605684
qnn,58,0.8741118741472719
qnn,58,0.9123170323998089
qnn,58,0.9106289488050606
qnn,58,0.9106289488050606
qnn,58,0.9349032801631189
qnn,58,0.9093254345088971
qnn,58,0.9117746640394218
qnn,58,0.867194934525406
qnn,58,0.9509091674532864
qnn,58,0.8969337954717969
qnn,58,0.8930549971318671
qnn,58,0.867194934525406
qnn,58,0.9428571769628207
qnn,58,0.8840337843653614
qnn,58,0.8394596926188923
qnn,58,0.8741118741472719
qnn,58,0.8729971948605684
qnn,58,0.8969337954717969
qnn,58,0.8741118741472719
qnn,58,0.9164285578640822
qnn,58,0.912290907996971
qnn,58,0.8492509764007042
qnn,58,0.9043676220035509
qnn,58,0.9252937816745616
shor,58,0.9192031802461862
shor,58,0.8657895589414721
shor,58,0.9192031802461869
shor,58,0.9075482894400324
shor,58,0.9042137883690694
shor,58,0.9008174607768441
shor,58,0.8746939457958793
shor,58,0.9689345448961366
shor,58,0.9679620767349771
shor,58,0.8792546653388689
shor,58,0.9243637925607074
shor,58,0.8775643974665647
shor,58,0.9098285196150896
shor,58,0.8775643974665647
shor,58,0.9042137883690694
shor,58,0.9131852634726799
shor,58,0.9192031802461862
shor,58,0.9243637925607074
shor,58,0.9751452776466382
shor,58,0.921526624187871
shor,58,0.9751452776466382
shor,58,0.9619282699813877
shor,58,0.8747880898575372
shor,58,0.8775643974665647
shor,58,0.8970451618303324
shor,58,0.9281071758706329
shor,58,0.9131852634726799
shor,58,0.891998029027389
shor,58,0.8792546653388689
shor,58,0.9008174607768441
shor,58,0.9281071758706329
shor,58,0.8747880898575372
shor,58,0.8775643974665647
shor,58,0.888268939991206
shor,58,0.9098285196150896
shor,58,0.8757706247110297
shor,58,0.9263412907940224
shor,58,0.8747880898575372
shor,58,0.8775643974665647
shor,58,0.9751452776466382
shor,58,0.9098285196150896
shor,58,0.891998029027389
shor,58,0.8747880898575372
shor,58,0.9192031802461862
shor,58,0.9075482894400324
shor,58,0.9192031802461869
shor,58,0.8757706247110297
shor,58,0.9197037027524004
shor,58,0.9131852634726799
shor,58,0.9263412907940224
shor,58,0.9263412907940224
shor,58,0.8747880898575372
shor,58,0.9042137883690694
shor,58,0.8970451618303324
shor,58,0.8701303678231482
shor,58,0.9075482894400324
shor,58,0.9081067758565694
shor,58,0.8879587215065373
shor,58,0.9685705821784149
shor,58,0.9281071758706329
shor,58,0.92423189051038
shor,58,0.9263412907940224
shor,58,0.8433171933731045
shor,58,0.8701303678231482
shor,58,0.8792546653388689
shor,58,0.8879587215065373
shor,58,0.8971596063759557
shor,58,0.8976254317980894
shor,58,0.8747880898575372
shor,58,0.9008174607768441
shor,58,0.9075482894400324
shor,58,0.9689345448961366
shor,58,0.8757706247110297
shor,58,0.9598859984373421
shor,58,0.8757706247110297
shor,58,0.8701303678231482
shor,58,0.9243637925607074
shor,58,0.9192031802461862
shor,58,0.8701303678231482
shor,58,0.9125219556807156
shor,58,0.9042137883690694
shor,58,0.8775643974665647
shor,58,0.9685705821784149
shor,58,0.8657895589414721
shor,58,0.8775643974665647
shor,58,0.9263412907940224
shor,58,0.9598859984373421
shor,58,0.9192031802461869
shor,58,0.891998029027389
shor,58,0.891998029027389
shor,58,0.8775643974665647
shor,58,0.8970451618303324
shor,58,0.8976254317980894
shor,58,0.8701303678231482
shor,58,0.9131852634726799
shor,58,0.9075482894400324
shor,58,0.9263412907940224
shor,58,0.9131852634726799
shor,58,0.9197037027524004
shor,58,0.8971596063759557
shor,58,0.9263412907940224
shor,58,0.888268939991206
shor,58,0.9685705821784149
shor,58,0.9081067758565694
shor,58,0.9192031802461862
shor,58,0.8971596063759557
shor,58,0.891998029027389
shor,58,0.9263412907940224
shor,58,0.9042137883690694
shor,58,0.9243637925607074
shor,58,0.8701303678231482
shor,58,0.9689345448961366
shor,58,0.9751452776466382
shor,58,0.9243637925607074
shor,58,0.8970451618303324
shor,58,0.8976254317980894
shor,58,0.9383196844209913
shor,58,0.9685705821784149
shor,58,0.8792546653388689
shor,58,0.8757706247110297
shor,58,0.8657895589414721
shor,58,0.8757706247110297
shor,58,0.9042137883690694
shor,58,0.9075482894400324
shor,58,0.9263412907940224
shor,58,0.825483080956525
shor,58,0.9042137883690694
shor,58,0.891998029027389
shor,58,0.9075482894400324
shor,58,0.891998029027389
shor,58,0.8657895589414721
shor,58,0.9598859984373421
shor,58,0.9075482894400324
shor,58,0.9131852634726799
shor,58,0.9125219556807156
shor,58,0.9098285196150896
shor,58,0.9383196844209913
shor,58,0.8970451618303324
shor,58,0.8775643974665647
shor,58,0.8970451618303324
shor,58,0.8976254317980894
shor,58,0.8701303678231482
shor,58,0.9751452776466382
shor,58,0.9197037027524004
shor,58,0.9598859984373421
shor,58,0.9598859984373421
shor,58,0.92423189051038
shor,58,0.9125219556807156
shor,58,0.9679620767349771
shor,58,0.8970451618303324
shor,58,0.8433171933731045
shor,58,0.9383196844209913
shor,58,0.8433171933731045
shor,58,0.9125219556807156
shor,58,0.9192031802461869
shor,58,0.8879587215065373
shor,58,0.92423189051038
shor,58,0.8657895589414721
shor,58,0.8433171933731045
shor,58,0.9197037027524004
shor,58,0.888268939991206
shor,58,0.9689345448961366
shor,58,0.8971596063759557
shor,58,0.9131852634726799
shor,58,0.891998029027389
shor,58,0.8970451618303324
shor,58,0.9243637925607074
shor,58,0.92423189051038
shor,58,0.8792546653388689
shor,58,0.9125219556807156
shor,58,0.9383196844209913
shor,58,0.9081067758565694
shor,58,0.9685705821784149
shor,58,0.8775643974665647
shor,58,0.825483080956525
shor,58,0.9619282699813877
shor,58,0.9383196844209913
shor,58,0.9679620767349771
shor,58,0.9281071758706329
shor,58,0.8746939457958793
shor,58,0.8433171933731045
shor,58,0.8757706247110297
shor,58,0.8879587215065373
shor,58,0.9281071758706329
shor,58,0.921526624187871
shor,58,0.8701303678231482
shor,58,0.8775643974665647
shor,58,0.9008174607768441
shor,58,0.9281071758706329
shor,58,0.8976254317980894
shor,58,0.9098285196150896
shor,58,0.9192031802461862
shor,58,0.9192031802461862
shor,58,0.9679620767349771
shor,58,0.9689345448961366
shor,58,0.825483080956525
shor,58,0.9383196844209913
shor,58,0.9751452776466382
shor,58,0.9008174607768441
shor,58,0.8747880898575372
qec,58,0.9644188919273723
qec,58,0.9644188919273723
qec,58,0.8699414254283822
qec,58,0.8741830331978215
qec,58,0.8741830331978215
qec,58,0.8788210044133286
qec,58,0.8788210044133286
qec,58,0.8699414254283822
qec,58,0.8699414254283822
qec,58,0.8741830331978215
qec,58,0.8788210044133286
qec,58,0.8788210044133286
qec,58,0.8798704167470605
qec,58,0.8699414254283822
qec,58,0.8788210044133286
qec,58,0.9644188919273723
qec,58,0.8788210044133286
qec,58,0.8699414254283822
qec,58,0.8741830331978215
qec,58,0.8741830331978215
qec,58,0.9302748160645988
qec,58,0.8788210044133286
qec,58,0.8788210044133286
qec,58,0.8699414254283822
qec,58,0.9302748160645988
qec,58,0.8788210044133286
qec,58,0.8741830331978215
qec,58,0.9644188919273723
qec,58,0.9302748160645988
qec,58,0.8699414254283822
qec,58,0.8788210044133286
qec,58,0.8788210044133286
qec,58,0.8798704167470605
qec,58,0.9644188919273723
qec,58,0.8699414254283822
qec,58,0.8798704167470605
qec,58,0.9644188919273723
qec,58,0.8798704167470605
qec,58,0.9644188919273723
qec,58,0.8699414254283822
qec,58,0.8699414254283822
qec,58,0.8699414254283822
qec,58,0.8788210044133286
qec,58,0.8699414254283822
qec,58,0.9302748160645988
qec,58,0.8741830331978215
qec,58,0.9644188919273723
qec,58,0.8798704167470605
qec,58,0.8699414254283822
qec,58,0.9644188919273723
qec,58,0.9644188919273723
qec,58,0.8741830331978215
qec,58,0.8699414254283822
qec,58,0.8699414254283822
qec,58,0.9302748160645988
qec,58,0.9644188919273723
qec,58,0.8741830331978215
qec,58,0.8788210044133286
qec,58,0.8741830331978215
qec,58,0.8699414254283822
qec,58,0.9644188919273723
qec,58,0.9302748160645988
qec,58,0.9644188919273723
qec,58,0.8699414254283822
qec,58,0.8699414254283822
qec,58,0.8699414254283822
qec,58,0.8741830331978215
qec,58,0.8788210044133286
qec,58,0.9644188919273723
qec,58,0.8699414254283822
qec,58,0.8798704167470605
qec,58,0.8741830331978215
qec,58,0.8788210044133286
qec,58,0.8699414254283822
qec,58,0.8788210044133286
qec,58,0.8788210044133286
qec,58,0.8788210044133286
qec,58,0.8798704167470605
qec,58,0.8788210044133286
qec,58,0.8699414254283822
qec,58,0.9302748160645988
qec,58,0.8741830331978215
qec,58,0.8788210044133286
qec,58,0.8699414254283822
qec,58,0.8699414254283822
qec,58,0.9302748160645988
qec,58,0.8699414254283822
qec,58,0.9302748160645988
qec,58,0.9644188919273723
qec,58,0.8788210044133286
qec,58,0.8788210044133286
qec,58,0.8741830331978215
qec,58,0.8788210044133286
qec,58,0.8788210044133286
qec,58,0.8699414254283822
qec,58,0.8699414254283822
qec,58,0.8699414254283822
qec,58,0.8699414254283822
qec,58,0.8699414254283822
qec,58,0.8699414254283822
qec,58,0.8741830331978215
qec,58,0.8741830331978215
qec,58,0.9302748160645988
qec,58,0.9644188919273723
qec,58,0.8788210044133286
qec,58,0.8741830331978215
qec,58,0.8741830331978215
qec,58,0.8741830331978215
qec,58,0.8699414254283822
qec,58,0.8741830331978215
qec,58,0.8741830331978215
qec,58,0.8699414254283822
qec,58,0.8699414254283822
qec,58,0.8798704167470605
qec,58,0.8699414254283822
qec,58,0.8788210044133286
qec,58,0.8741830331978215
qec,58,0.8741830331978215
qec,58,0.8699414254283822
qec,58,0.8699414254283822
qec,58,0.8699414254283822
qec,58,0.8699414254283822
qec,58,0.8741830331978215
qec,58,0.8788210044133286
qec,58,0.8699414254283822
qec,58,0.8699414254283822
qec,58,0.9302748160645988
qec,58,0.8798704167470605
qec,58,0.8699414254283822
qec,58,0.9302748160645988
qec,58,0.8788210044133286
qec,58,0.8788210044133286
qec,58,0.8788210044133286
qec,58,0.8798704167470605
qec,58,0.8798704167470605
qec,58,0.8699414254283822
qec,58,0.8699414254283822
qec,58,0.8788210044133286
qec,58,0.8699414254283822
qec,58,0.8741830331978215
qec,58,0.9302748160645988
qec,58,0.8699414254283822
qec,58,0.8788210044133286
qec,58,0.8699414254283822
qec,58,0.8798704167470605
qec,58,0.8788210044133286
qec,58,0.9644188919273723
qec,58,0.8798704167470605
qec,58,0.8798704167470605
qec,58,0.8741830331978215
qec,58,0.9302748160645988
qec,58,0.9302748160645988
qec,58,0.9644188919273723
qec,58,0.8788210044133286
qec,58,0.8699414254283822
qec,58,0.9302748160645988
qec,58,0.8741830331978215
qec,58,0.8699414254283822
qec,58,0.8741830331978215
qec,58,0.8699414254283822
qec,58,0.8788210044133286
qec,58,0.9302748160645988
qec,58,0.8699414254283822
qec,58,0.8699414254283822
qec,58,0.9644188919273723
qec,58,0.8699414254283822
qec,58,0.8798704167470605
qec,58,0.8798704167470605
qec,58,0.8699414254283822
qec,58,0.8699414254283822
qec,58,0.9644188919273723
qec,58,0.9302748160645988
qec,58,0.8798704167470605
qec,58,0.9644188919273723
qec,58,0.8699414254283822
qec,58,0.9302748160645988
qec,58,0.8798704167470605
qec,58,0.8699414254283822
qec,58,0.8798704167470605
qec,58,0.9302748160645988
qec,58,0.8741830331978215
qec,58,0.9644188919273723
qec,58,0.8798704167470605
qec,58,0.8699414254283822
qec,58,0.8741830331978215
qec,58,0.8798704167470605
qec,58,0.8699414254283822
qec,58,0.8741830331978215
qec,58,0.8741830331978215
qec,58,0.8798704167470605
qec,58,0.8741830331978215
qec,58,0.8788210044133286
qec,58,0.8798704167470605
qec,58,0.9302748160645988
qec,58,0.8699414254283822
qec,58,0.8798704167470605
qec,58,0.8741830331978215
qec,58,0.8741830331978215
qec,58,0.8699414254283822
qec,58,0.8741830331978215
xeb,60,0.9565435188710696
xeb,60,0.9452378329130187
xeb,60,0.9152458421257064
xeb,60,0.9604279869014277
xeb,60,0.8946427849386517
xeb,60,0.9017037235869709
xeb,60,0.9285902270407083
xeb,60,0.9410902933237222
xeb,60,0.8946427849386517
xeb,60,0.9285902270407083
xeb,60,0.9452378329130187
xeb,60,0.9417259067936732
xeb,60,0.9152458421257064
xeb,60,0.9666273830537061
xeb,60,0.9164846606365807
xeb,60,0.9604279869014277
xeb,60,0.9334935566443191
xeb,60,0.9604279869014277
xeb,60,0.9061553349492711
xeb,60,0.9452378329130187
xeb,60,0.9134367298306774
xeb,60,0.9604279869014277
xeb,60,0.9807601401108844
xeb,60,0.9285902270407083
xeb,60,0.9258579387485365
xeb,60,0.925720590472681
xeb,60,0.9870488308806725
xeb,60,0.8946427849386517
xeb,60,0.9077771392085591
xeb,60,0.9017037235869709
xeb,60,0.9417259067936732
xeb,60,0.9747170209828948
xeb,60,0.9666273830537061
xeb,60,0.9604279869014277
xeb,60,0.9604279869014277
xeb,60,0.9666273830537061
xeb,60,0.9604279869014277
xeb,60,0.9236211321330191
xeb,60,0.8718584057877655
xeb,60,0.9870488308806725
xeb,60,0.940279328128975
xeb,60,0.9549107189070712
xeb,60,0.9310421513323863
xeb,60,0.9310001828614736
xeb,60,0.9827740749980702
xeb,60,0.9270137969770254
xeb,60,0.9509027951353645
xeb,60,0.9330900490343363
xeb,60,0.9602537236958822
xeb,60,0.9061553349492711
xeb,60,0.9604279869014277
xeb,60,0.9666273830537061
xeb,60,0.9258579387485365
xeb,60,0.9410902933237222
xeb,60,0.9018488740945977
xeb,60,0.9164846606365807
xeb,60,0.9236211321330191
xeb,60,0.9549107189070712
xeb,60,0.9747170209828948
xeb,60,0.9061553349492711
xeb,60,0.9417259067936732
xeb,60,0.9285902270407083
xeb,60,0.9017037235869709
xeb,60,0.940279328128975
xeb,60,0.9565435188710696
xeb,60,0.9270137969770254
xeb,60,0.9417259067936732
xeb,60,0.9565435188710696
xeb,60,0.9350631850529185
xeb,60,0.9077771392085591
xeb,60,0.9416142940859691
xeb,60,0.9094867864172016
xeb,60,0.9310001828614736
xeb,60,0.9236211321330191
xeb,60,0.9310421513323863
xeb,60,0.9827740749980702
xeb,60,0.9602537236958822
xeb,60,0.9509027951353645
xeb,60,0.9807601401108844
xeb,60,0.8585802926926674
xeb,60,0.9134367298306774
xeb,60,0.9452378329130187
xeb,60,0.9018488740945977
xeb,60,0.9077771392085591
xeb,60,0.9604279869014277
xeb,60,0.9285902270407083
xeb,60,0.9134367298306774
xeb,60,0.9094867864172016
xeb,60,0.9417259067936732
xeb,60,0.9565435188710696
xeb,60,0.9800069277387591
xeb,60,0.9416142940859691
xeb,60,0.8718584057877655
xeb,60,0.9077771392085591
xeb,60,0.9565435188710696
xeb,60,0.9604279869014277
xeb,60,0.9827740749980702
xeb,60,0.9549107189070712
xeb,60,0.9509027951353645
xeb,60,0.9416142940859691
xeb,60,0.9310001828614736
xeb,60,0.9509027951353645
xeb,60,0.9164846606365807
xeb,60,0.9077771392085591
xeb,60,0.9094867864172016
xeb,60,0.9870488308806725
xeb,60,0.9077771392085591
xeb,60,0.9305304268840742
xeb,60,0.9077771392085591
xeb,60,0.9565435188710696
xeb,60,0.9061553349492711
xeb,60,0.9706843833248356
xeb,60,0.9152458421257064
xeb,60,0.9604279869014277
xeb,60,0.9258579387485365
xeb,60,0.9666273830537061
xeb,60,0.9208983540068559
xeb,60,0.9270137969770254
xeb,60,0.9330900490343363
xeb,60,0.9549107189070712
xeb,60,0.9827740749980702
xeb,60,0.9706843833248356
xeb,60,0.9800069277387591
xeb,60,0.9310001828614736
xeb,60,0.9604279869014277
xeb,60,0.9604279869014277
xeb,60,0.9807601401108844
xeb,60,0.9452378329130187
xeb,60,0.9549107189070712
xeb,60,0.9310421513323863
xeb,60,0.9017037235869709
xeb,60,0.9706843833248356
xeb,60,0.9236211321330191
xeb,60,0.9410902933237222
xeb,60,0.9310421513323863
xeb,60,0.9870488308806725
xeb,60,0.9334935566443191
xeb,60,0.9285902270407083
xeb,60,0.9800069277387591
xeb,60,0.9152458421257064
xeb,60,0.9416142940859691
xeb,60,0.9208983540068559
xeb,60,0.9350631850529185
xeb,60,0.9152458421257064
xeb,60,0.9305304268840742
xeb,60,0.9017037235869709
xeb,60,0.925720590472681
xeb,60,0.9152458421257064
xeb,60,0.9152458421257064
xeb,60,0.8946427849386517
xeb,60,0.9164846606365807
xeb,60,0.9305304268840742
xeb,60,0.9270137969770254
xeb,60,0.8718584057877655
xeb,60,0.9334935566443191
xeb,60,0.9017037235869709
xeb,60,0.9018488740945977
xeb,60,0.9666273830537061
xeb,60,0.9018488740945977
xeb,60,0.8585802926926674
xeb,60,0.9416142940859691
xeb,60,0.9208983540068559
xeb,60,0.9334935566443191
xeb,60,0.9509027951353645
xeb,60,0.9310001828614736
xeb,60,0.8585802926926674
xeb,60,0.8718584057877655
xeb,60,0.9077771392085591
xeb,60,0.9094867864172016
xeb,60,0.9604279869014277
xeb,60,0.9077771392085591
xeb,60,0.925720590472681
xeb,60,0.9602537236958822
xeb,60,0.9270137969770254
xeb,60,0.9350631850529185
xeb,60,0.9827740749980702
xeb,60,0.9350631850529185
xeb,60,0.9061553349492711
xeb,60,0.8946427849386517
xeb,60,0.9061553349492711
xeb,60,0.9285902270407083
xeb,60,0.9800069277387591
xeb,60,0.9410902933237222
xeb,60,0.9452378329130187
xeb,60,0.8585802926926674
xeb,60,0.9077771392085591
xeb,60,0.9410902933237222
xeb,60,0.9258579387485365
xeb,60,0.9152458421257064
xeb,60,0.9077771392085591
xeb,60,0.9565435188710696
xeb,60,0.9061553349492711
xeb,60,0.9270137969770254
xeb,60,0.9236211321330191
xeb,60,0.8585802926926674
xeb,60,0.9807601401108844
xeb,60,0.9827740749980702
xeb,60,0.9017037235869709
xeb,60,0.9164846606365807
xeb,60,0.9666273830537061
qnn,60,0.960690955013487
qnn,60,0.9651246178440327
qnn,60,0.960690955013487
qnn,60,0.8743694288191116
qnn,60,0.960690955013487
qnn,60,0.8681954877451123
qnn,60,0.9385327784441383
qnn,60,0.9071207045121511
qnn,60,0.8901987316186984
qnn,60,0.9382276780496791
qnn,60,0.9441833261133872
qnn,60,0.931348262854848
qnn,60,0.9630506233299378
qnn,60,0.9683173590650641
qnn,60,0.954012055904473
qnn,60,0.9565457088166097
qnn,60,0.9761174072238465
qnn,60,0.9228547428623488
qnn,60,0.9379129518481113
qnn,60,0.9630506233299378
qnn,60,0.8663471309711855
qnn,60,0.9562003782036971
qnn,60,0.9228547428623488
qnn,60,0.954263321298475
qnn,60,0.8743694288191116
qnn,60,0.9479885012891628
qnn,60,0.9379129518481113
qnn,60,0.954263321298475
qnn,60,0.9029760503515621
qnn,60,0.9665994882547678
qnn,60,0.9820428209684424
qnn,60,0.9164173406118469
qnn,60,0.9394339578353572
qnn,60,0.8663471309711855
qnn,60,0.9683173590650641
qnn,60,0.9589584366106273
qnn,60,0.9197752188064848
qnn,60,0.9164173406118469
qnn,60,0.8663471309711855
qnn,60,0.9562003782036971
qnn,60,0.9639398469569662
qnn,60,0.9541426329204407
qnn,60,0.9562003782036971
qnn,60,0.9194551030932521
qnn,60,0.9717874482425868
qnn,60,0.9193604521589186
qnn,60,0.9382276780496791
qnn,60,0.9717874482425868
qnn,60,0.8681954877451123
qnn,60,0.9479885012891628
qnn,60,0.9639398469569662
qnn,60,0.9379129518481113
qnn,60,0.9379129518481113
qnn,60,0.9630506233299378
qnn,60,0.960690955013487
qnn,60,0.9651246178440327
qnn,60,0.9687083830007012
qnn,60,0.8681954877451123
qnn,60,0.9665994882547678
qnn,60,0.9639398469569662
qnn,60,0.9470414735049789
qnn,60,0.9075692046009969
qnn,60,0.9663132095484899
qnn,60,0.9071207045121511
qnn,60,0.9075692046009969
qnn,60,0.9655301871911811
qnn,60,0.9875984089700486
qnn,60,0.9820428209684424
qnn,60,0.9784043597677398
qnn,60,0.9426435708088732
qnn,60,0.9071207045121511
qnn,60,0.9164173406118469
qnn,60,0.9717874482425868
qnn,60,0.94553423639227
qnn,60,0.9385327784441383
qnn,60,0.9699895066130124
qnn,60,0.9663132095484899
qnn,60,0.9670855083833969
qnn,60,0.954012055904473
qnn,60,0.9761174072238465
qnn,60,0.9543061628827935
qnn,60,0.9820428209684424
qnn,60,0.9655301871911811
qnn,60,0.9687083830007012
qnn,60,0.9382276780496791
qnn,60,0.8965822323834036
qnn,60,0.8743694288191116
qnn,60,0.9699895066130124
qnn,60,0.9470414735049789
qnn,60,0.9665994882547678
qnn,60,0.8901987316186984
qnn,60,0.8901987316186984
qnn,60,0.9665994882547678
qnn,60,0.9194551030932521
qnn,60,0.8681954877451123
qnn,60,0.9670855083833969
qnn,60,0.9385327784441383
qnn,60,0.9029760503515621
qnn,60,0.960690955013487
qnn,60,0.9071207045121511
qnn,60,0.931348262854848
qnn,60,0.9075692046009969
qnn,60,0.9562003782036971
qnn,60,0.8743694288191116
qnn,60,0.9683173590650641
qnn,60,0.9670855083833969
qnn,60,0.8901987316186984
qnn,60,0.9164173406118469
qnn,60,0.94553423639227
qnn,60,0.9699895066130124
qnn,60,0.9406764210460494
qnn,60,0.9406764210460494
qnn,60,0.9655301871911811
qnn,60,0.9683173590650641
qnn,60,0.954012055904473
qnn,60,0.9071207045121511
qnn,60,0.9784043597677398
qnn,60,0.9557691340246803
qnn,60,0.954012055904473
qnn,60,0.9075692046009969
qnn,60,0.954263321298475
qnn,60,0.9394339578353572
qnn,60,0.9663132095484899
qnn,60,0.9541426329204407
qnn,60,0.8681954877451123
qnn,60,0.9630985980810476
qnn,60,0.9562003782036971
qnn,60,0.9406764210460494
qnn,60,0.9029760503515621
qnn,60,0.9406764210460494
qnn,60,0.9630985980810476
qnn,60,0.9164173406118469
qnn,60,0.9541426329204407
qnn,60,0.9194551030932521
qnn,60,0.9543061628827935
qnn,60,0.9029760503515621
qnn,60,0.9075692046009969
qnn,60,0.9385327784441383
qnn,60,0.960690955013487
qnn,60,0.9655301871911811
qnn,60,0.9761174072238465
qnn,60,0.931348262854848
qnn,60,0.931348262854848
qnn,60,0.8663471309711855
qnn,60,0.9630506233299378
qnn,60,0.9164173406118469
qnn,60,0.9071207045121511
qnn,60,0.9651246178440327
qnn,60,0.9029760503515621
qnn,60,0.9029760503515621
qnn,60,0.9471084688156185
qnn,60,0.8901987316186984
qnn,60,0.960690955013487
qnn,60,0.8901987316186984
qnn,60,0.9394339578353572
qnn,60,0.8965822323834036
qnn,60,0.9541426329204407
qnn,60,0.9370400213687399
qnn,60,0.8901987316186984
qnn,60,0.9194551030932521
qnn,60,0.9543061628827935
qnn,60,0.954012055904473
qnn,60,0.9471084688156185
qnn,60,0.9075692046009969
qnn,60,0.8901987316186984
qnn,60,0.954012055904473
qnn,60,0.8681954877451123
qnn,60,0.9228547428623488
qnn,60,0.9541426329204407
qnn,60,0.9761174072238465
qnn,60,0.9875984089700486
qnn,60,0.9194551030932521
qnn,60,0.8743694288191116
qnn,60,0.9665994882547678
qnn,60,0.9590761978246437
qnn,60,0.9441833261133872
qnn,60,0.9370400213687399
qnn,60,0.9565457088166097
qnn,60,0.9541426329204407
qnn,60,0.9557691340246803
qnn,60,0.9382276780496791
qnn,60,0.960690955013487
qnn,60,0.9784043597677398
qnn,60,0.9426435708088732
qnn,60,0.9441833261133872
qnn,60,0.9228547428623488
qnn,60,0.8663471309711855
qnn,60,0.9717874482425868
qnn,60,0.9562003782036971
qnn,60,0.9557691340246803
qnn,60,0.9441833261133872
qnn,60,0.9164173406118469
qnn,60,0.9655301871911811
qnn,60,0.9406764210460494
qnn,60,0.9670855083833969
qnn,60,0.960690955013487
qnn,60,0.9784043597677398
qnn,60,0.9670855083833969
qnn,60,0.9639398469569662
qnn,60,0.9590761978246437
shor,60,0.9749757164082477
shor,60,0.974872625320974
shor,60,0.9565281914005433
shor,60,0.933385387570157
shor,60,0.9813826919090982
shor,60,0.984478439298246
shor,60,0.9565281914005433
shor,60,0.933385387570157
shor,60,0.9745454544856109
shor,60,0.8968398755056993
shor,60,0.8999104398949896
shor,60,0.9833734040138299
shor,60,0.8979407218881195
shor,60,0.9931017295772505
shor,60,0.9465356276971579
shor,60,0.9579046572342382
shor,60,0.9796929213066655
shor,60,0.9771053311048875
shor,60,0.9769369692634066
shor,60,0.9745454544856109
shor,60,0.9565281914005433
shor,60,0.9423281521109091
shor,60,0.9351800454595189
shor,60,0.981382691909098
shor,60,0.8968398755056993
shor,60,0.9423281521109091
shor,60,0.9465356276971579
shor,60,0.9484440538146792
shor,60,0.9796929213066655
shor,60,0.981382691909098
shor,60,0.9796929213066655
shor,60,0.9745454544856109
shor,60,0.985972013960112
shor,60,0.9782651255405744
shor,60,0.9351800454595189
shor,60,0.9653773775215999
shor,60,0.9482621749899858
shor,60,0.8999104398949896
shor,60,0.9565281914005433
shor,60,0.9749757164082477
shor,60,0.9482621749899858
shor,60,0.9588292358335748
shor,60,0.9813826919090978
shor,60,0.9813826919090982
shor,60,0.9565281914005433
shor,60,0.8968398755056993
shor,60,0.9796929213066655
shor,60,0.9782651255405744
shor,60,0.9821454600077678
shor,60,0.9931017295772505
shor,60,0.9482121245810636
shor,60,0.9931017295772505
shor,60,0.981382691909098
shor,60,0.9931017295772505
shor,60,0.933385387570157
shor,60,0.8903343535687074
shor,60,0.9454243218128218
shor,60,0.8903343535687074
shor,60,0.985972013960112
shor,60,0.8999104398949896
shor,60,0.9650125153214152
shor,60,0.9769369692634066
shor,60,0.9482121245810636
shor,60,0.9813826919090978
shor,60,0.9565281914005433
shor,60,0.9565281914005433
shor,60,0.9423281521109091
shor,60,0.9855856018751343
shor,60,0.9565281914005433
shor,60,0.9482121245810636
shor,60,0.9813826919090982
shor,60,0.9579046572342382
shor,60,0.9275536192583593
shor,60,0.9202392944663196
shor,60,0.8979407218881195
shor,60,0.8999104398949896
shor,60,0.9454243218128218
shor,60,0.9771053311048875
shor,60,0.9796929213066655
shor,60,0.9745454544856109
shor,60,0.984478439298246
shor,60,0.9275536192583593
shor,60,0.9931017295772505
shor,60,0.8903343535687074
shor,60,0.9423281521109091
shor,60,0.9588292358335748
shor,60,0.9821454600077678
shor,60,0.9782651255405744
shor,60,0.9588292358335748
shor,60,0.9821454600077678
shor,60,0.9769369692634066
shor,60,0.9482621749899858
shor,60,0.9796929213066655
shor,60,0.9484440538146792
shor,60,0.9423281521109091
shor,60,0.9833734040138299
shor,60,0.9484440538146792
shor,60,0.8999104398949896
shor,60,0.9588292358335748
shor,60,0.9588292358335748
shor,60,0.8968398755056993
shor,60,0.8999104398949896
shor,60,0.9205473581461862
shor,60,0.9351800454595189
shor,60,0.9745454544856109
shor,60,0.9796929213066655
shor,60,0.9813826919090982
shor,60,0.8979407218881195
shor,60,0.9275536192583593
shor,60,0.9275536192583593
shor,60,0.9482121245810636
shor,60,0.9202392944663196
shor,60,0.9482621749899858
shor,60,0.9423281521109091
shor,60,0.9565281914005433
shor,60,0.985972013960112
shor,60,0.984478439298246
shor,60,0.9588292358335748
shor,60,0.9454243218128218
shor,60,0.9588292358335748
shor,60,0.9653773775215999
shor,60,0.9484440538146792
shor,60,0.9782651255405744
shor,60,0.9768843850994747
shor,60,0.9275536192583593
shor,60,0.9931017295772505
shor,60,0.9813826919090978
shor,60,0.9650125153214152
shor,60,0.9565281914005433
shor,60,0.9579046572342382
shor,60,0.9482121245810636
shor,60,0.9745454544856109
shor,60,0.9813826919090982
shor,60,0.9855856018751343
shor,60,0.9821454600077678
shor,60,0.9769369692634066
shor,60,0.9588292358335748
shor,60,0.8999104398949896
shor,60,0.9482121245810636
shor,60,0.9565281914005433
shor,60,0.9813826919090982
shor,60,0.9275536192583593
shor,60,0.9565281914005433
shor,60,0.9796929213066655
shor,60,0.8979407218881195
shor,60,0.9484440538146792
shor,60,0.9423281521109091
shor,60,0.9796929213066655
shor,60,0.8979407218881195
shor,60,0.9565281914005433
shor,60,0.9484440538146792
shor,60,0.9653773775215999
shor,60,0.9565281914005433
shor,60,0.9796929213066655
shor,60,0.9465356276971579
shor,60,0.9202392944663196
shor,60,0.9275536192583593
shor,60,0.9745454544856109
shor,60,0.9484440538146792
shor,60,0.9205473581461862
shor,60,0.9482121245810636
shor,60,0.9745454544856109
shor,60,0.8903343535687074
shor,60,0.8999104398949896
shor,60,0.9821454600077678
shor,60,0.9275536192583593
shor,60,0.9749757164082477
shor,60,0.974872625320974
shor,60,0.9454243218128218
shor,60,0.9855856018751343
shor,60,0.9283993360236381
shor,60,0.9205473581461862
shor,60,0.9782651255405744
shor,60,0.933385387570157
shor,60,0.9745454544856109
shor,60,0.8999104398949896
shor,60,0.9931017295772505
shor,60,0.9749757164082477
shor,60,0.9813826919090978
shor,60,0.9351800454595189
shor,60,0.9205473581461862
shor,60,0.981382691909098
shor,60,0.9771053311048875
shor,60,0.9749757164082477
shor,60,0.8903343535687074
shor,60,0.9202392944663196
shor,60,0.9454243218128218
shor,60,0.9205473581461862
shor,60,0.8968398755056993
shor,60,0.9465356276971579
shor,60,0.9484440538146792
shor,60,0.9588292358335748
shor,60,0.9482121245810636
shor,60,0.985972013960112
shor,60,0.9931017295772505
shor,60,0.8903343535687074
shor,60,0.9833734040138299
shor,60,0.9833734040138299
shor,60,0.9482121245810636
shor,60,0.9653773775215999
qec,60,0.9544826539556684
qec,60,0.950605646570517
qec,60,0.950605646570517
qec,60,0.8871759303859531
qec,60,0.8871759303859531
qec,60,0.8871759303859531
qec,60,0.950605646570517
qec,60,0.9088180916982856
qec,60,0.9544826539556684
qec,60,0.8836501725311366
qec,60,0.9088180916982856
qec,60,0.9544826539556684
qec,60,0.9088180916982856
qec,60,0.950605646570517
qec,60,0.9660619694255096
qec,60,0.9660619694255096
qec,60,0.9660619694255096
qec,60,0.9544826539556684
qec,60,0.9660619694255096
qec,60,0.9544826539556684
qec,60,0.8836501725311366
qec,60,0.9660619694255096
qec,60,0.8871759303859531
qec,60,0.9544826539556684
qec,60,0.8836501725311366
qec,60,0.950605646570517
qec,60,0.950605646570517
qec,60,0.8836501725311366
qec,60,0.9088180916982856
qec,60,0.9088180916982856
qec,60,0.950605646570517
qec,60,0.9660619694255096
qec,60,0.9544826539556684
qec,60,0.9088180916982856
qec,60,0.8836501725311366
qec,60,0.8836501725311366
qec,60,0.8836501725311366
qec,60,0.8871759303859531
qec,60,0.8836501725311366
qec,60,0.8871759303859531
qec,60,0.8871759303859531
qec,60,0.9088180916982856
qec,60,0.8871759303859531
qec,60,0.9544826539556684
qec,60,0.9544826539556684
qec,60,0.8871759303859531
qec,60,0.8871759303859531
qec,60,0.9660619694255096
qec,60,0.8871759303859531
qec,60,0.950605646570517
qec,60,0.950605646570517
qec,60,0.9544826539556684
qec,60,0.9544826539556684
qec,60,0.950605646570517
qec,60,0.8836501725311366
qec,60,0.9544826539556684
qec,60,0.8836501725311366
qec,60,0.8871759303859531
qec,60,0.9088180916982856
qec,60,0.9088180916982856
qec,60,0.9544826539556684
qec,60,0.950605646570517
qec,60,0.9544826539556684
qec,60,0.9088180916982856
qec,60,0.8836501725311366
qec,60,0.950605646570517
qec,60,0.950605646570517
qec,60,0.9088180916982856
qec,60,0.950605646570517
qec,60,0.9544826539556684
qec,60,0.9088180916982856
qec,60,0.9544826539556684
qec,60,0.9544826539556684
qec,60,0.9660619694255096
qec,60,0.950605646570517
qec,60,0.950605646570517
qec,60,0.9660619694255096
qec,60,0.9544826539556684
qec,60,0.9544826539556684
qec,60,0.9544826539556684
qec,60,0.8836501725311366
qec,60,0.8836501725311366
qec,60,0.8836501725311366
qec,60,0.9660619694255096
qec,60,0.8871759303859531
qec,60,0.8871759303859531
qec,60,0.9544826539556684
qec,60,0.9660619694255096
qec,60,0.9660619694255096
qec,60,0.9088180916982856
qec,60,0.8871759303859531
qec,60,0.8871759303859531
qec,60,0.8836501725311366
qec,60,0.8871759303859531
qec,60,0.9544826539556684
qec,60,0.9544826539556684
qec,60,0.950605646570517
qec,60,0.9088180916982856
qec,60,0.9544826539556684
qec,60,0.950605646570517
qec,60,0.8836501725311366
qec,60,0.8836501725311366
qec,60,0.950605646570517
qec,60,0.9544826539556684
qec,60,0.9088180916982856
qec,60,0.9088180916982856
qec,60,0.950605646570517
qec,60,0.9660619694255096
qec,60,0.8836501725311366
qec,60,0.9660619694255096
qec,60,0.950605646570517
qec,60,0.950605646570517
qec,60,0.9088180916982856
qec,60,0.8871759303859531
qec,60,0.9544826539556684
qec,60,0.9660619694255096
qec,60,0.9660619694255096
qec,60,0.9088180916982856
qec,60,0.9088180916982856
qec,60,0.9544826539556684
qec,60,0.8836501725311366
qec,60,0.8836501725311366
qec,60,0.8836501725311366
qec,60,0.9660619694255096
qec,60,0.9544826539556684
qec,60,0.950605646570517
qec,60,0.9544826539556684
qec,60,0.9088180916982856
qec,60,0.9660619694255096
qec,60,0.9544826539556684
qec,60,0.8871759303859531
qec,60,0.9660619694255096
qec,60,0.950605646570517
qec,60,0.9544826539556684
qec,60,0.9660619694255096
qec,60,0.8871759303859531
qec,60,0.9544826539556684
qec,60,0.9544826539556684
qec,60,0.8871759303859531
qec,60,0.9544826539556684
qec,60,0.9544826539556684
qec,60,0.8836501725311366
qec,60,0.8871759303859531
qec,60,0.9544826539556684
qec,60,0.8871759303859531
qec,60,0.9544826539556684
qec,60,0.8836501725311366
qec,60,0.9088180916982856
qec,60,0.8871759303859531
qec,60,0.9088180916982856
qec,60,0.9088180916982856
qec,60,0.9544826539556684
qec,60,0.950605646570517
qec,60,0.9544826539556684
qec,60,0.9544826539556684
qec,60,0.9088180916982856
qec,60,0.9544826539556684
qec,60,0.8836501725311366
qec,60,0.9544826539556684
qec,60,0.9088180916982856
qec,60,0.9660619694255096
qec,60,0.8871759303859531
qec,60,0.9088180916982856
qec,60,0.9660619694255096
qec,60,0.9544826539556684
qec,60,0.8871759303859531
qec,60,0.8871759303859531
qec,60,0.9088180916982856
qec,60,0.8871759303859531
qec,60,0.9660619694255096
qec,60,0.9544826539556684
qec,60,0.9544826539556684
qec,60,0.9544826539556684
qec,60,0.9544826539556684
qec,60,0.950605646570517
qec,60,0.8871759303859531
qec,60,0.950605646570517
qec,60,0.950605646570517
qec,60,0.8871759303859531
qec,60,0.9544826539556684
qec,60,0.9088180916982856
qec,60,0.8871759303859531
qec,60,0.8871759303859531
qec,60,0.9544826539556684
qec,60,0.8871759303859531
qec,60,0.9544826539556684
qec,60,0.950605646570517
qec,60,0.9660619694255096
qec,60,0.9544826539556684
qec,60,0.9088180916982856
qec,60,0.9544826539556684
qec,60,0.8871759303859531
qec,60,0.9544826539556684
qec,60,0.950605646570517
qec,60,0.8871759303859531
qec,60,0.950605646570517
qec,60,0.9544826539556684
qec,60,0.950605646570517
qec,60,0.8871759303859531
qec,60,0.8871759303859531
xeb,62,0.9720616165946523
xeb,62,0.9943520131256952
xeb,62,0.9720616165946523
xeb,62,0.9790245760648553
xeb,62,0.977393631304914
xeb,62,0.9720616165946523
xeb,62,0.9739490957109476
xeb,62,0.9817849299683057
xeb,62,0.9689790707406073
xeb,62,0.9821746487826053
xeb,62,0.9891174011335113
xeb,62,0.9708209808954472
xeb,62,0.9485511460002273
xeb,62,0.9616575238466125
xeb,62,0.9720616165946523
xeb,62,0.983679077065217
xeb,62,0.997983985051888
xeb,62,0.9616575238466125
xeb,62,0.9853806089046067
xeb,62,0.9884113363876549
xeb,62,0.9379689479375318
xeb,62,0.9832733106549373
xeb,62,0.9939587118189503
xeb,62,0.9766781339462237
xeb,62,0.9821746487826053
xeb,62,0.984334108849135
xeb,62,0.9390677542034963
xeb,62,0.9766781339462237
xeb,62,0.9891174011335113
xeb,62,0.9631727678357166
xeb,62,0.9790245760648553
xeb,62,0.9891174011335113
xeb,62,0.997983985051888
xeb,62,0.977393631304914
xeb,62,0.9472186646338657
xeb,62,0.9939587118189503
xeb,62,0.9432750063118179
xeb,62,0.997983985051888
xeb,62,0.9766618495717104
xeb,62,0.9879961967516668
xeb,62,0.997983985051888
xeb,62,0.9624910725922933
xeb,62,0.9923996653614158
xeb,62,0.9829011452077893
xeb,62,0.9390677542034963
xeb,62,0.9485511460002273
xeb,62,0.997983985051888
xeb,62,0.9631727678357166
xeb,62,0.980077837474443
xeb,62,0.9534329244398432
xeb,62,0.9472186646338657
xeb,62,0.958445553800831
xeb,62,0.9939587118189503
xeb,62,0.9853806089046067
xeb,62,0.9879961967516668
xeb,62,0.9676474131597029
xeb,62,0.9616575238466125
xeb,62,0.9631727678357166
xeb,62,0.997983985051888
xeb,62,0.9884113363876549
xeb,62,0.9616575238466125
xeb,62,0.9832733106549373
xeb,62,0.9472186646338657
xeb,62,0.9720616165946523
xeb,62,0.983679077065217
xeb,62,0.95999867241498
xeb,62,0.9809261595116587
xeb,62,0.9379689479375318
xeb,62,0.9691866269383302
xeb,62,0.9494806266554565
xeb,62,0.95999867241498
xeb,62,0.9884113363876549
xeb,62,0.9638343434841026
xeb,62,0.9853806089046067
xeb,62,0.997983985051888
xeb,62,0.997983985051888
xeb,62,0.9616575238466125
xeb,62,0.8854800860476508
xeb,62,0.9604381071615776
xeb,62,0.997983985051888
xeb,62,0.9720616165946523
xeb,62,0.9390677542034963
xeb,62,0.9708209808954472
xeb,62,0.9379689479375318
xeb,62,0.9821746487826053
xeb,62,0.95999867241498
xeb,62,0.9604381071615776
xeb,62,0.9331691722053056
xeb,62,0.9638343434841026
xeb,62,0.997983985051888
xeb,62,0.9790245760648553
xeb,62,0.9810750353083416
xeb,62,0.9494806266554565
xeb,62,0.9766781339462237
xeb,62,0.9708209808954472
xeb,62,0.9331691722053056
xeb,62,0.9708209808954472
xeb,62,0.9676474131597029
xeb,62,0.9766618495717104
xeb,62,0.9939587118189503
xeb,62,0.984334108849135
xeb,62,0.9853806089046067
xeb,62,0.95999867241498
xeb,62,0.8854800860476508
xeb,62,0.9675812023865568
xeb,62,0.9379689479375318
xeb,62,0.9720616165946523
xeb,62,0.9675812023865568
xeb,62,0.9624910725922933
xeb,62,0.9390677542034963
xeb,62,0.9766618495717104
xeb,62,0.977393631304914
xeb,62,0.997983985051888
xeb,62,0.9691866269383302
xeb,62,0.9817849299683057
xeb,62,0.9604381071615776
xeb,62,0.9901521901506004
xeb,62,0.9832733106549373
xeb,62,0.997983985051888
xeb,62,0.997983985051888
xeb,62,0.95999867241498
xeb,62,0.9675812023865568
xeb,62,0.997983985051888
xeb,62,0.9943520131256952
xeb,62,0.9616575238466125
xeb,62,0.9884113363876549
xeb,62,0.9810750353083416
xeb,62,0.9494806266554565
xeb,62,0.984334108849135
xeb,62,0.9708209808954472
xeb,62,0.9943520131256952
xeb,62,0.9809261595116587
xeb,62,0.9485511460002273
xeb,62,0.9485511460002273
xeb,62,0.980077837474443
xeb,62,0.9472186646338657
xeb,62,0.997983985051888
xeb,62,0.980077837474443
xeb,62,0.9472186646338657
xeb,62,0.9879961967516668
xeb,62,0.9821746487826053
xeb,62,0.9604381071615776
xeb,62,0.997983985051888
xeb,62,0.9739490957109476
xeb,62,0.9634493026292978
xeb,62,0.9739490957109476
xeb,62,0.9829011452077893
xeb,62,0.9631727678357166
xeb,62,0.95999867241498
xeb,62,0.9943520131256952
xeb,62,0.984334108849135
xeb,62,0.9634493026292978
xeb,62,0.9766618495717104
xeb,62,0.980077837474443
xeb,62,0.9638343434841026
xeb,62,0.9485511460002273
xeb,62,0.9879961967516668
xeb,62,0.9676474131597029
xeb,62,0.977393631304914
xeb,62,0.9829011452077893
xeb,62,0.980077837474443
xeb,62,0.9766618495717104
xeb,62,0.9390677542034963
xeb,62,0.997983985051888
xeb,62,0.95999867241498
xeb,62,0.9472186646338657
xeb,62,0.9494806266554565
xeb,62,0.980077837474443
xeb,62,0.9631727678357166
xeb,62,0.9689790707406073
xeb,62,0.9810750353083416
xeb,62,0.9939587118189503
xeb,62,0.9891174011335113
xeb,62,0.9766618495717104
xeb,62,0.997983985051888
xeb,62,0.9689790707406073
xeb,62,0.9634493026292978
xeb,62,0.980077837474443
xeb,62,0.997983985051888
xeb,62,0.9379689479375318
xeb,62,0.958445553800831
xeb,62,0.9884113363876549
xeb,62,0.9331691722053056
xeb,62,0.9494806266554565
xeb,62,0.9901521901506004
xeb,62,0.95999867241498
xeb,62,0.997983985051888
xeb,62,0.9708209808954472
xeb,62,0.9631727678357166
xeb,62,0.9616575238466125
xeb,62,0.9939587118189503
xeb,62,0.9634493026292978
xeb,62,0.9634493026292978
xeb,62,0.9853806089046067
xeb,62,0.9485511460002273
xeb,62,0.958445553800831
xeb,62,0.980077837474443
xeb,62,0.9676474131597029
xeb,62,0.958445553800831
xeb,62,0.980077837474443
qnn,62,0.9708073839127705
qnn,62,0.9680804623782335
qnn,62,0.9918393002689694
qnn,62,0.9873656791431604
qnn,62,0.9129308570612334
qnn,62,0.9271402301817983
qnn,62,0.9660833454190808
qnn,62,0.9722497422652638
qnn,62,0.9708073839127705
qnn,62,0.9814110353019633
qnn,62,0.9918393002689694
qnn,62,0.9708073839127705
qnn,62,0.990471257622497
qnn,62,0.9271402301817983
qnn,62,0.9607513062754327
qnn,62,0.9659199334576716
qnn,62,0.9816195844622131
qnn,62,0.9129308570612334
qnn,62,0.9923827509615127
qnn,62,0.975475769685816
qnn,62,0.9579555623068183
qnn,62,0.9629143064637776
qnn,62,0.9708073839127705
qnn,62,0.9814110353019633
qnn,62,0.95672603019308
qnn,62,0.9525764970148352
qnn,62,0.9659953713361489
qnn,62,0.9418881359383772
qnn,62,0.9181851524763713
qnn,62,0.95672603019308
qnn,62,0.9607513062754327
qnn,62,0.9379240600841066
qnn,62,0.9181851524763713
qnn,62,0.9478860810170209
qnn,62,0.9722497422652638
qnn,62,0.9790584960016152
qnn,62,0.9607513062754327
qnn,62,0.9710021731044193
qnn,62,0.9571187051886885
qnn,62,0.9929713627944853
qnn,62,0.9752205977900212
qnn,62,0.9379240600841066
qnn,62,0.975475769685816
qnn,62,0.9915500626121028
qnn,62,0.9545251391090455
qnn,62,0.9710021731044193
qnn,62,0.9659199334576716
qnn,62,0.9660833454190808
qnn,62,0.9844825683236674
qnn,62,0.9775756558825077
qnn,62,0.9784172298669058
qnn,62,0.9710021731044193
qnn,62,0.9525764970148352
qnn,62,0.9687294202811904
qnn,62,0.9664973979452052
qnn,62,0.9418881359383772
qnn,62,0.9478860810170209
qnn,62,0.9923827509615127
qnn,62,0.9923827509615127
qnn,62,0.9379240600841066
qnn,62,0.9594827360132124
qnn,62,0.9379240600841066
qnn,62,0.972487520555902
qnn,62,0.986918998487669
qnn,62,0.986918998487669
qnn,62,0.9499207312653609
qnn,62,0.9607513062754327
qnn,62,0.9659199334576716
qnn,62,0.9927817905416739
qnn,62,0.9721411891173736
qnn,62,0.9775756558825077
qnn,62,0.9784172298669058
qnn,62,0.9542544297856338
qnn,62,0.9545251391090455
qnn,62,0.9788551024605525
qnn,62,0.9923827509615127
qnn,62,0.9710021731044193
qnn,62,0.986918998487669
qnn,62,0.975475769685816
qnn,62,0.9788551024605525
qnn,62,0.9687294202811904
qnn,62,0.9784172298669058
qnn,62,0.9545251391090455
qnn,62,0.9594827360132124
qnn,62,0.9429926654256491
qnn,62,0.9790584960016152
qnn,62,0.9129308570612334
qnn,62,0.9722497422652638
qnn,62,0.9629143064637776
qnn,62,0.9710021731044193
qnn,62,0.9129308570612334
qnn,62,0.986918998487669
qnn,62,0.9607513062754327
qnn,62,0.9790584960016152
qnn,62,0.9918393002689694
qnn,62,0.9687294202811904
qnn,62,0.9680804623782335
qnn,62,0.9865289714354554
qnn,62,0.9865289714354554
qnn,62,0.990471257622497
qnn,62,0.9418881359383772
qnn,62,0.9181851524763713
qnn,62,0.9708073839127705
qnn,62,0.95672603019308
qnn,62,0.9752205977900212
qnn,62,0.9721411891173736
qnn,62,0.9788551024605525
qnn,62,0.9629143064637776
qnn,62,0.9708073839127705
qnn,62,0.9418881359383772
qnn,62,0.9722497422652638
qnn,62,0.9129308570612334
qnn,62,0.9579555623068183
qnn,62,0.9918393002689694
qnn,62,0.9927817905416739
qnn,62,0.9784172298669058
qnn,62,0.9976075695720084
qnn,62,0.9525764970148352
qnn,62,0.9426996922724146
qnn,62,0.9129308570612334
qnn,62,0.990471257622497
qnn,62,0.9781365314123652
qnn,62,0.9545251391090455
qnn,62,0.9923827509615127
qnn,62,0.9752205977900212
qnn,62,0.9680804623782335
qnn,62,0.9884997081037276
qnn,62,0.9927817905416739
qnn,62,0.9418881359383772
qnn,62,0.986918998487669
qnn,62,0.9545251391090455
qnn,62,0.9687294202811904
qnn,62,0.9788551024605525
qnn,62,0.990471257622497
qnn,62,0.9918393002689694
qnn,62,0.9929713627944853
qnn,62,0.9379240600841066
qnn,62,0.9629143064637776
qnn,62,0.9379240600841066
qnn,62,0.9821724058242085
qnn,62,0.9816195844622131
qnn,62,0.9923827509615127
qnn,62,0.9816195844622131
qnn,62,0.9865289714354554
qnn,62,0.9659953713361489
qnn,62,0.9710021731044193
qnn,62,0.9659199334576716
qnn,62,0.9680804623782335
qnn,62,0.9790584960016152
qnn,62,0.9426996922724146
qnn,62,0.9844825683236674
qnn,62,0.9721411891173736
qnn,62,0.9865289714354554
qnn,62,0.9927817905416739
qnn,62,0.9629143064637776
qnn,62,0.9607513062754327
qnn,62,0.9545251391090455
qnn,62,0.95672603019308
qnn,62,0.9426996922724146
qnn,62,0.9271402301817983
qnn,62,0.9418881359383772
qnn,62,0.9687294202811904
qnn,62,0.9929713627944853
qnn,62,0.9790584960016152
qnn,62,0.9873656791431604
qnn,62,0.9927817905416739
qnn,62,0.9429926654256491
qnn,62,0.9418881359383772
qnn,62,0.9659953713361489
qnn,62,0.9844825683236674
qnn,62,0.9594827360132124
qnn,62,0.9821724058242085
qnn,62,0.9542544297856338
qnn,62,0.9680804623782335
qnn,62,0.9687294202811904
qnn,62,0.9499207312653609
qnn,62,0.9429926654256491
qnn,62,0.9525764970148352
qnn,62,0.9594827360132124
qnn,62,0.9594827360132124
qnn,62,0.9542544297856338
qnn,62,0.9545251391090455
qnn,62,0.9478860810170209
qnn,62,0.9659199334576716
qnn,62,0.9629143064637776
qnn,62,0.9478860810170209
qnn,62,0.9781365314123652
qnn,62,0.9865289714354554
qnn,62,0.9594827360132124
qnn,62,0.9659953713361489
qnn,62,0.9821724058242085
qnn,62,0.9915500626121028
qnn,62,0.975475769685816
qnn,62,0.9775756558825077
qnn,62,0.9927817905416739
qnn,62,0.9788551024605525
qnn,62,0.9379240600841066
qnn,62,0.990471257622497
qnn,62,0.9929713627944853
qnn,62,0.9721411891173736
shor,62,0.957140179635408
shor,62,0.9869219837359675
shor,62,0.9796134121679446
shor,62,0.9932911989847092
shor,62,0.9888108433440748
shor,62,0.9515102631475755
shor,62,0.9955470822200252
shor,62,0.9898176028065396
shor,62,0.9827513800881147
shor,62,0.9847769589393001
shor,62,0.9536625168016832
shor,62,0.9898176028065396
shor,62,0.9258439146157303
shor,62,0.9932911989847092
shor,62,0.9568944799624969
shor,62,0.9195355451166569
shor,62,0.9616112327086365
shor,62,0.9817497778565666
shor,62,0.957140179635408
shor,62,0.9959612856022562
shor,62,0.9932911989847092
shor,62,0.9877918429897121
shor,62,0.9992626458722805
shor,62,0.9643407017117239
shor,62,0.9585561343052753
shor,62,0.9951730724164287
shor,62,0.9796134121679446
shor,62,0.957140179635408
shor,62,0.9827513800881147
shor,62,0.9951730724164287
shor,62,0.9647401039932674
shor,62,0.9643407017117239
shor,62,0.9817497778565666
shor,62,0.9869219837359675
shor,62,0.9647401039932674
shor,62,0.9834169032324468
shor,62,0.9955470822200252
shor,62,0.9951730724164287
shor,62,0.9981112140322101
shor,62,0.9304217843708954
shor,62,0.9568944799624969
shor,62,0.9872649778096717
shor,62,0.9195355451166569
shor,62,0.9959612856022562
shor,62,0.9515102631475755
shor,62,0.9955149928881317
shor,62,0.9955470822200252
shor,62,0.9590349623102942
shor,62,0.9932911989847092
shor,62,0.9992626458722805
shor,62,0.9796134121679446
shor,62,0.9590349623102942
shor,62,0.9932911989847092
shor,62,0.9627635502623966
shor,62,0.9935284961055827
shor,62,0.9888108433440748
shor,62,0.9935284961055827
shor,62,0.9647401039932674
shor,62,0.9304217843708954
shor,62,0.9324407382549701
shor,62,0.9959612856022562
shor,62,0.9869219837359675
shor,62,0.9992626458722805
shor,62,0.9872649778096717
shor,62,0.9817497778565666
shor,62,0.9324407382549701
shor,62,0.9992626458722805
shor,62,0.9324407382549701
shor,62,0.9515102631475755
shor,62,0.9955470822200252
shor,62,0.9955149928881317
shor,62,0.9590349623102942
shor,62,0.9616112327086365
shor,62,0.9627635502623966
shor,62,0.9304217843708954
shor,62,0.9935284961055827
shor,62,0.9324407382549701
shor,62,0.9827513800881147
shor,62,0.9580042229667823
shor,62,0.9580042229667823
shor,62,0.9955149928881317
shor,62,0.9643407017117239
shor,62,0.9536625168016832
shor,62,0.9959612856022562
shor,62,0.9892249625134766
shor,62,0.9872649778096717
shor,62,0.9876358635849044
shor,62,0.9834169032324468
shor,62,0.9647401039932674
shor,62,0.9898176028065396
shor,62,0.9324407382549701
shor,62,0.9585561343052753
shor,62,0.9834169032324468
shor,62,0.9580042229667823
shor,62,0.9515102631475755
shor,62,0.9304217843708954
shor,62,0.9324407382549701
shor,62,0.9932911989847092
shor,62,0.9898176028065396
shor,62,0.9932911989847092
shor,62,0.9955149928881317
shor,62,0.9892249625134766
shor,62,0.9932911989847094
shor,62,0.9877918429897121
shor,62,0.9304217843708954
shor,62,0.9932911989847092
shor,62,0.9959612856022562
shor,62,0.9324407382549701
shor,62,0.9932911989847092
shor,62,0.9827513800881147
shor,62,0.9981112140322101
shor,62,0.9827513800881147
shor,62,0.9872649778096717
shor,62,0.9324407382549701
shor,62,0.9796134121679446
shor,62,0.9951730724164287
shor,62,0.9847769589393001
shor,62,0.9932911989847094
shor,62,0.9932911989847094
shor,62,0.9869219837359675
shor,62,0.9932911989847092
shor,62,0.9515102631475755
shor,62,0.9643407017117239
shor,62,0.9627635502623966
shor,62,0.9627635502623966
shor,62,0.9981112140322101
shor,62,0.9877918429897121
shor,62,0.9981112140322101
shor,62,0.9568944799624969
shor,62,0.9258439146157303
shor,62,0.9935284961055827
shor,62,0.9834169032324468
shor,62,0.9888108433440748
shor,62,0.9992626458722805
shor,62,0.9536625168016832
shor,62,0.9877918429897121
shor,62,0.9888108433440748
shor,62,0.9877918429897121
shor,62,0.957140179635408
shor,62,0.9888108433440748
shor,62,0.9932911989847092
shor,62,0.9568944799624969
shor,62,0.9981112140322101
shor,62,0.9955149928881317
shor,62,0.9981112140322101
shor,62,0.9827513800881147
shor,62,0.9536625168016832
shor,62,0.9955470822200252
shor,62,0.9876358635849044
shor,62,0.957140179635408
shor,62,0.9258439146157303
shor,62,0.9981112140322101
shor,62,0.957140179635408
shor,62,0.9877918429897121
shor,62,0.9869219837359675
shor,62,0.9590349623102942
shor,62,0.9590349623102942
shor,62,0.9643407017117239
shor,62,0.9888108433440748
shor,62,0.9590349623102942
shor,62,0.9955470822200252
shor,62,0.9304217843708954
shor,62,0.9888108433440748
shor,62,0.9195355451166569
shor,62,0.9827513800881147
shor,62,0.9324407382549701
shor,62,0.9847769589393001
shor,62,0.9796134121679446
shor,62,0.9647401039932674
shor,62,0.9955470822200252
shor,62,0.9877918429897121
shor,62,0.9834169032324468
shor,62,0.9834169032324468
shor,62,0.9951730724164287
shor,62,0.9877918429897121
shor,62,0.9955470822200252
shor,62,0.9304217843708954
shor,62,0.9536625168016832
shor,62,0.9898176028065396
shor,62,0.9585561343052753
shor,62,0.9847769589393001
shor,62,0.9955149928881317
shor,62,0.9590349623102942
shor,62,0.9834169032324468
shor,62,0.9258439146157303
shor,62,0.9834169032324468
shor,62,0.9568944799624969
shor,62,0.9955470822200252
shor,62,0.9627635502623966
shor,62,0.9951730724164287
shor,62,0.9834169032324468
shor,62,0.9955149928881317
shor,62,0.957140179635408
shor,62,0.9536625168016832
shor,62,0.9935284961055827
shor,62,0.9568944799624969
shor,62,0.9590349623102942
shor,62,0.9892249625134766
shor,62,0.9992626458722805
shor,62,0.9892249625134766
qec,62,0.8943060172334171
qec,62,0.9568835743393951
qec,62,0.9220247363795899
qec,62,0.9568835743393951
qec,62,0.8943060172334171
qec,62,0.9341006123076636
qec,62,0.9716203537394187
qec,62,0.8943060172334171
qec,62,0.9822595068608845
qec,62,0.9220247363795899
qec,62,0.9220247363795899
qec,62,0.8943060172334171
qec,62,0.9568835743393951
qec,62,0.9568835743393951
qec,62,0.9822595068608845
qec,62,0.9341006123076636
qec,62,0.8943060172334171
qec,62,0.9568835743393951
qec,62,0.8943060172334171
qec,62,0.9341006123076636
qec,62,0.9220247363795899
qec,62,0.9568835743393951
qec,62,0.9220247363795899
qec,62,0.9822595068608845
qec,62,0.9568835743393951
qec,62,0.9220247363795899
qec,62,0.9716203537394187
qec,62,0.9568835743393951
qec,62,0.9341006123076636
qec,62,0.9822595068608845
qec,62,0.9568835743393951
qec,62,0.9568835743393951
qec,62,0.9716203537394187
qec,62,0.9220247363795899
qec,62,0.9220247363795899
qec,62,0.9568835743393951
qec,62,0.9341006123076636
qec,62,0.8943060172334171
qec,62,0.9568835743393951
qec,62,0.9568835743393951
qec,62,0.9220247363795899
qec,62,0.9568835743393951
qec,62,0.9822595068608845
qec,62,0.9568835743393951
qec,62,0.9341006123076636
qec,62,0.9220247363795899
qec,62,0.8943060172334171
qec,62,0.9341006123076636
qec,62,0.9341006123076636
qec,62,0.9568835743393951
qec,62,0.9568835743393951
qec,62,0.8943060172334171
qec,62,0.9568835743393951
qec,62,0.9568835743393951
qec,62,0.9568835743393951
qec,62,0.9568835743393951
qec,62,0.9716203537394187
qec,62,0.8943060172334171
qec,62,0.9341006123076636
qec,62,0.9341006123076636
qec,62,0.9341006123076636
qec,62,0.9822595068608845
qec,62,0.8943060172334171
qec,62,0.9568835743393951
qec,62,0.9568835743393951
qec,62,0.9220247363795899
qec,62,0.9220247363795899
qec,62,0.9568835743393951
qec,62,0.9716203537394187
qec,62,0.9220247363795899
qec,62,0.9568835743393951
qec,62,0.9220247363795899
qec,62,0.9716203537394187
qec,62,0.9716203537394187
qec,62,0.9568835743393951
qec,62,0.9716203537394187
qec,62,0.9220247363795899
qec,62,0.9568835743393951
qec,62,0.9716203537394187
qec,62,0.9341006123076636
qec,62,0.9568835743393951
qec,62,0.8943060172334171
qec,62,0.9220247363795899
qec,62,0.9822595068608845
qec,62,0.9822595068608845
qec,62,0.9716203537394187
qec,62,0.9568835743393951
qec,62,0.9341006123076636
qec,62,0.9220247363795899
qec,62,0.9568835743393951
qec,62,0.9341006123076636
qec,62,0.9822595068608845
qec,62,0.9341006123076636
qec,62,0.8943060172334171
qec,62,0.9568835743393951
qec,62,0.9822595068608845
qec,62,0.9568835743393951
qec,62,0.9341006123076636
qec,62,0.9568835743393951
qec,62,0.9568835743393951
qec,62,0.9716203537394187
qec,62,0.9220247363795899
qec,62,0.9220247363795899
qec,62,0.9568835743393951
qec,62,0.8943060172334171
qec,62,0.8943060172334171
qec,62,0.9822595068608845
qec,62,0.9568835743393951
qec,62,0.9822595068608845
qec,62,0.9822595068608845
qec,62,0.9568835743393951
qec,62,0.9341006123076636
qec,62,0.9822595068608845
qec,62,0.9341006123076636
qec,62,0.9822595068608845
qec,62,0.8943060172334171
qec,62,0.9568835743393951
qec,62,0.9220247363795899
qec,62,0.9341006123076636
qec,62,0.9568835743393951
qec,62,0.9716203537394187
qec,62,0.9716203537394187
qec,62,0.9341006123076636
qec,62,0.9341006123076636
qec,62,0.9716203537394187
qec,62,0.8943060172334171
qec,62,0.9716203537394187
qec,62,0.9822595068608845
qec,62,0.9568835743393951
qec,62,0.9822595068608845
qec,62,0.8943060172334171
qec,62,0.9341006123076636
qec,62,0.9568835743393951
qec,62,0.9341006123076636
qec,62,0.9568835743393951
qec,62,0.9341006123076636
qec,62,0.9568835743393951
qec,62,0.9568835743393951
qec,62,0.8943060172334171
qec,62,0.9716203537394187
qec,62,0.9568835743393951
qec,62,0.9568835743393951
qec,62,0.9568835743393951
qec,62,0.9341006123076636
qec,62,0.9568835743393951
qec,62,0.9568835743393951
qec,62,0.9716203537394187
qec,62,0.8943060172334171
qec,62,0.9568835743393951
qec,62,0.9822595068608845
qec,62,0.9341006123076636
qec,62,0.9341006123076636
qec,62,0.9822595068608845
qec,62,0.9568835743393951
qec,62,0.9568835743393951
qec,62,0.9568835743393951
qec,62,0.9716203537394187
qec,62,0.9822595068608845
qec,62,0.9822595068608845
qec,62,0.9341006123076636
qec,62,0.9822595068608845
qec,62,0.9341006123076636
qec,62,0.9568835743393951
qec,62,0.9568835743393951
qec,62,0.9341006123076636
qec,62,0.9341006123076636
qec,62,0.9568835743393951
qec,62,0.9220247363795899
qec,62,0.9568835743393951
qec,62,0.8943060172334171
qec,62,0.9341006123076636
qec,62,0.9716203537394187
qec,62,0.8943060172334171
qec,62,0.9220247363795899
qec,62,0.8943060172334171
qec,62,0.9568835743393951
qec,62,0.8943060172334171
qec,62,0.9341006123076636
qec,62,0.8943060172334171
qec,62,0.9568835743393951
qec,62,0.9568835743393951
qec,62,0.9220247363795899
qec,62,0.8943060172334171
qec,62,0.9341006123076636
qec,62,0.9220247363795899
qec,62,0.9822595068608845
qec,62,0.9716203537394187
qec,62,0.8943060172334171
qec,62,0.9716203537394187
qec,62,0.9822595068608845
qec,62,0.8943060172334171
qec,62,0.8943060172334171
qec,62,0.9568835743393951
qec,62,0.8943060172334171
qec,62,0.9716203537394187
qec,62,0.9568835743393951
qec,62,0.9341006123076636
qec,62,0.9568835743393951
qec,62,0.8943060172334171
qec,62,0.8943060172334171
xeb,64,1.000000000000003
xeb,64,1.0000000000000013
xeb,64,1.0000000000000027
xeb,64,1.0000000000000027
xeb,64,1.0000000000000004
xeb,64,1.000000000000003
xeb,64,1.0000000000000009
xeb,64,1.0000000000000018
xeb,64,1.0000000000000009
xeb,64,1.000000000000003
xeb,64,1.0000000000000004
xeb,64,1.0000000000000027
xeb,64,1.0000000000000018
xeb,64,1.000000000000003
xeb,64,1.0000000000000036
xeb,64,1.000000000000003
xeb,64,1.000000000000003
xeb,64,1.0000000000000013
xeb,64,1.0000000000000018
xeb,64,1.0000000000000018
xeb,64,1.000000000000003
xeb,64,1.0000000000000027
xeb,64,1.0000000000000027
xeb,64,1.0000000000000009
xeb,64,1.0000000000000018
xeb,64,1.0000000000000027
xeb,64,1.0000000000000018
xeb,64,1.0000000000000027
xeb,64,1.0000000000000027
xeb,64,1.0000000000000018
xeb,64,1.000000000000003
xeb,64,1.000000000000003
xeb,64,1.000000000000003
xeb,64,1.0000000000000018
xeb,64,1.0000000000000027
xeb,64,1.0000000000000018
xeb,64,1.0000000000000027
xeb,64,1.000000000000003
xeb,64,1.000000000000003
xeb,64,1.000000000000003
xeb,64,1.0000000000000013
xeb,64,1.0000000000000004
xeb,64,1.0000000000000009
xeb,64,1.0000000000000018
xeb,64,1.0
xeb,64,1.0000000000000027
xeb,64,1.0000000000000027
xeb,64,1.0000000000000027
xeb,64,1.000000000000003
xeb,64,1.0
xeb,64,1.000000000000003
xeb,64,1.0000000000000013
xeb,64,1.000000000000003
xeb,64,1.0000000000000018
xeb,64,1.000000000000003
xeb,64,1.0000000000000009
xeb,64,1.0000000000000009
xeb,64,1.0000000000000013
xeb,64,1.0000000000000027
xeb,64,1.0000000000000018
xeb,64,1.0000000000000018
xeb,64,1.0000000000000018
xeb,64,1.000000000000003
xeb,64,1.0000000000000018
xeb,64,1.0000000000000013
xeb,64,1.000000000000003
xeb,64,1.0000000000000018
xeb,64,1.0000000000000027
xeb,64,1.0000000000000018
xeb,64,1.000000000000003
xeb,64,1.000000000000003
xeb,64,1.0000000000000018
xeb,64,1.000000000000003
xeb,64,1.0000000000000004
xeb,64,1.0000000000000009
xeb,64,1.0000000000000027
xeb,64,1.0000000000000018
xeb,64,1.000000000000003
xeb,64,1.000000000000003
xeb,64,1.0000000000000018
xeb,64,1.0000000000000009
xeb,64,1.0000000000000027
xeb,64,1.0000000000000009
xeb,64,1.000000000000003
xeb,64,1.000000000000003
xeb,64,1.0000000000000036
xeb,64,1.0000000000000027
xeb,64,1.0000000000000018
xeb,64,1.0000000000000036
xeb,64,1.000000000000003
xeb,64,1.0000000000000027
xeb,64,1.0000000000000018
xeb,64,1.0000000000000027
xeb,64,1.0000000000000027
xeb,64,1.0000000000000013
xeb,64,1.0000000000000018
xeb,64,1.0000000000000018
xeb,64,1.0000000000000027
xeb,64,1.0000000000000036
xeb,64,1.0000000000000027
xeb,64,1.000000000000003
xeb,64,1.0000000000000013
xeb,64,1.0000000000000013
xeb,64,1.0000000000000018
xeb,64,1.0000000000000013
xeb,64,1.0000000000000018
xeb,64,1.0000000000000018
xeb,64,1.0000000000000027
xeb,64,1.0000000000000018
xeb,64,1.0000000000000027
xeb,64,1.000000000000003
xeb,64,1.0000000000000004
xeb,64,1.0000000000000013
xeb,64,1.0000000000000013
xeb,64,1.0000000000000013
xeb,64,1.0000000000000018
xeb,64,1.0000000000000027
xeb,64,1.0000000000000027
xeb,64,1.0000000000000009
xeb,64,1.0000000000000018
xeb,64,1.0000000000000036
xeb,64,1.0000000000000013
xeb,64,1.0000000000000018
xeb,64,1.0000000000000009
xeb,64,1.0000000000000018
xeb,64,1.0000000000000013
xeb,64,1.0000000000000027
xeb,64,1.0000000000000009
xeb,64,1.000000000000003
xeb,64,1.0000000000000013
xeb,64,1.0000000000000027
xeb,64,1.0000000000000009
xeb,64,1.0000000000000018
xeb,64,1.0000000000000009
xeb,64,1.000000000000003
xeb,64,1.0000000000000013
xeb,64,1.0000000000000009
xeb,64,1.0000000000000027
xeb,64,1.0000000000000036
xeb,64,1.0000000000000004
xeb,64,1.0000000000000018
xeb,64,1.0000000000000013
xeb,64,1.000000000000003
xeb,64,1.0000000000000018
xeb,64,1.0000000000000018
xeb,64,1.0000000000000027
xeb,64,1.0000000000000027
xeb,64,1.000000000000003
xeb,64,1.0000000000000004
xeb,64,1.0000000000000027
xeb,64,1.0000000000000027
xeb,64,1.0
xeb,64,1.0000000000000013
xeb,64,1.0000000000000013
xeb,64,1.0000000000000027
xeb,64,1.0000000000000013
xeb,64,1.0000000000000013
xeb,64,1.0000000000000027
xeb,64,1.0000000000000027
xeb,64,1.0000000000000018
xeb,64,1.0000000000000018
xeb,64,1.0000000000000027
xeb,64,1.0000000000000013
xeb,64,1.0000000000000013
xeb,64,1.0000000000000004
xeb,64,1.0000000000000036
xeb,64,1.0000000000000013
xeb,64,1.0000000000000018
xeb,64,1.0000000000000009
xeb,64,1.0000000000000018
xeb,64,1.000000000000003
xeb,64,1.000000000000003
xeb,64,1.0000000000000013
xeb,64,1.0000000000000013
xeb,64,1.0000000000000013
xeb,64,1.0000000000000009
xeb,64,1.0000000000000027
xeb,64,1.0000000000000018
xeb,64,1.0000000000000027
xeb,64,1.0000000000000027
xeb,64,1.0000000000000018
xeb,64,1.0000000000000018
xeb,64,1.000000000000003
xeb,64,1.0000000000000013
xeb,64,1.000000000000003
xeb,64,1.0000000000000013
xeb,64,1.0000000000000009
xeb,64,1.0000000000000018
xeb,64,1.0000000000000009
xeb,64,1.0000000000000009
xeb,64,1.0000000000000009
xeb,64,1.0000000000000027
xeb,64,1.0000000000000027
xeb,64,1.0000000000000018
xeb,64,1.0000000000000018
xeb,64,1.0000000000000027
xeb,64,1.0000000000000027
xeb,64,1.0000000000000027
xeb,64,1.0000000000000027
xeb,64,1.0000000000000018
qnn,64,1.0000000000000022
qnn,64,1.0000000000000053
qnn,64,1.0000000000000049
qnn,64,1.0000000000000053
qnn,64,1.0000000000000053
qnn,64,1.0000000000000053
qnn,64,1.0000000000000022
qnn,64,1.0000000000000049
qnn,64,1.0000000000000044
qnn,64,1.0000000000000022
qnn,64,1.0000000000000049
qnn,64,1.0000000000000053
qnn,64,1.0000000000000049
qnn,64,1.0000000000000058
qnn,64,1.0000000000000027
qnn,64,1.0000000000000049
qnn,64,1.000000000000004
qnn,64,1.000000000000003
qnn,64,1.0000000000000044
qnn,64,1.0000000000000053
qnn,64,1.0000000000000044
qnn,64,1.0000000000000022
qnn,64,1.0000000000000049
qnn,64,1.0000000000000044
qnn,64,1.000000000000003
qnn,64,1.000000000000003
qnn,64,1.0000000000000049
qnn,64,1.0000000000000044
qnn,64,1.0000000000000044
qnn,64,1.0000000000000053
qnn,64,1.0000000000000049
qnn,64,1.000000000000003
qnn,64,1.000000000000004
qnn,64,1.0000000000000027
qnn,64,1.0000000000000036
qnn,64,1.0000000000000027
qnn,64,1.0000000000000044
qnn,64,1.0000000000000044
qnn,64,1.0000000000000036
qnn,64,1.000000000000003
qnn,64,1.0000000000000022
qnn,64,1.0000000000000044
qnn,64,1.0000000000000053
qnn,64,1.0000000000000044
qnn,64,1.0000000000000022
qnn,64,1.0000000000000053
qnn,64,1.0000000000000044
qnn,64,1.0000000000000022
qnn,64,1.0000000000000027
qnn,64,1.0000000000000044
qnn,64,1.0000000000000022
qnn,64,1.0000000000000044
qnn,64,1.0000000000000053
qnn,64,1.0000000000000049
qnn,64,1.0000000000000044
qnn,64,1.0000000000000027
qnn,64,1.0000000000000044
qnn,64,1.0000000000000022
qnn,64,1.0000000000000044
qnn,64,1.0000000000000053
qnn,64,1.0000000000000044
qnn,64,1.0000000000000022
qnn,64,1.0000000000000027
qnn,64,1.0000000000000044
qnn,64,1.0000000000000058
qnn,64,1.0000000000000044
qnn,64,1.0000000000000044
qnn,64,1.0000000000000058
qnn,64,1.0000000000000049
qnn,64,1.0000000000000044
qnn,64,1.0000000000000027
qnn,64,1.0000000000000044
qnn,64,1.0000000000000049
qnn,64,1.0000000000000027
qnn,64,1.0000000000000027
qnn,64,1.0000000000000044
qnn,64,1.000000000000003
qnn,64,1.0000000000000027
qnn,64,1.0000000000000022
qnn,64,1.0000000000000044
qnn,64,1.0000000000000022
qnn,64,1.0000000000000036
qnn,64,1.0000000000000027
qnn,64,1.0000000000000027
qnn,64,1.000000000000003
qnn,64,1.0000000000000027
qnn,64,1.0000000000000027
qnn,64,1.0000000000000044
qnn,64,1.0000000000000049
qnn,64,1.0000000000000053
qnn,64,1.0000000000000044
qnn,64,1.0000000000000049
qnn,64,1.0000000000000022
qnn,64,1.0000000000000049
qnn,64,1.0000000000000053
qnn,64,1.0000000000000027
qnn,64,1.0000000000000049
qnn,64,1.0000000000000022
qnn,64,1.000000000000004
qnn,64,1.0000000000000044
qnn,64,1.0000000000000053
qnn,64,1.0000000000000027
qnn,64,1.0000000000000036
qnn,64,1.0000000000000027
qnn,64,1.0000000000000044
qnn,64,1.0000000000000044
qnn,64,1.0000000000000044
qnn,64,1.0000000000000036
qnn,64,1.0000000000000044
qnn,64,1.000000000000003
qnn,64,1.0000000000000036
qnn,64,1.0000000000000027
qnn,64,1.0000000000000027
qnn,64,1.0000000000000036
qnn,64,1.0000000000000044
qnn,64,1.0000000000000053
qnn,64,1.0000000000000044
qnn,64,1.0000000000000044
qnn,64,1.000000000000003
qnn,64,1.0000000000000022
qnn,64,1.0000000000000044
qnn,64,1.0000000000000044
qnn,64,1.0000000000000027
qnn,64,1.0000000000000036
qnn,64,1.0000000000000044
qnn,64,1.000000000000003
qnn,64,1.0000000000000022
qnn,64,1.0000000000000022
qnn,64,1.0000000000000049
qnn,64,1.0000000000000044
qnn,64,1.0000000000000036
qnn,64,1.0000000000000049
qnn,64,1.0000000000000044
qnn,64,1.0000000000000027
qnn,64,1.0000000000000044
qnn,64,1.0000000000000022
qnn,64,1.0000000000000044
qnn,64,1.0000000000000058
qnn,64,1.0000000000000053
qnn,64,1.0000000000000036
qnn,64,1.0000000000000044
qnn,64,1.0000000000000049
qnn,64,1.0000000000000044
qnn,64,1.0000000000000022
qnn,64,1.0000000000000027
qnn,64,1.0000000000000044
qnn,64,1.0000000000000049
qnn,64,1.0000000000000022
qnn,64,1.0000000000000044
qnn,64,1.0000000000000044
qnn,64,1.0000000000000027
qnn,64,1.0000000000000027
qnn,64,1.0000000000000036
qnn,64,1.0000000000000027
qnn,64,1.000000000000003
qnn,64,1.0000000000000036
qnn,64,1.0000000000000044
qnn,64,1.0000000000000044
qnn,64,1.000000000000003
qnn,64,1.0000000000000027
qnn,64,1.0000000000000027
qnn,64,1.0000000000000044
qnn,64,1.0000000000000044
qnn,64,1.0000000000000044
qnn,64,1.0000000000000053
qnn,64,1.000000000000003
qnn,64,1.0000000000000022
qnn,64,1.0000000000000044
qnn,64,1.0000000000000044
qnn,64,1.0000000000000036
qnn,64,1.0000000000000027
qnn,64,1.0000000000000053
qnn,64,1.0000000000000058
qnn,64,1.0000000000000049
qnn,64,1.0000000000000027
qnn,64,1.0000000000000044
qnn,64,1.0000000000000036
qnn,64,1.0000000000000044
qnn,64,1.0000000000000049
qnn,64,1.0000000000000044
qnn,64,1.0000000000000044
qnn,64,1.0000000000000049
qnn,64,1.0000000000000044
qnn,64,1.0000000000000027
qnn,64,1.0000000000000044
qnn,64,1.0000000000000027
qnn,64,1.0000000000000022
qnn,64,1.0000000000000027
qnn,64,1.0000000000000049
qnn,64,1.000000000000003
qnn,64,1.0000000000000044
qnn,64,1.0000000000000058
qnn,64,1.0000000000000027
qnn,64,1.0000000000000053
qnn,64,1.000000000000003
qnn,64,1.0000000000000053
qnn,64,1.0000000000000044
qnn,64,1.0000000000000044
qnn,64,1.0000000000000044
qnn,64,1.0000000000000044
shor,64,1.0000000000000013
shor,64,1.0000000000000018
shor,64,1.0000000000000013
shor,64,1.0000000000000004
shor,64,1.0000000000000018
shor,64,1.0000000000000009
shor,64,1.0000000000000004
shor,64,1.0000000000000009
shor,64,1.0000000000000018
shor,64,1.0000000000000018
shor,64,1.0000000000000018
shor,64,1.0000000000000027
shor,64,1.0000000000000009
shor,64,1.0000000000000013
shor,64,1.0000000000000018
shor,64,1.0000000000000018
shor,64,1.0000000000000027
shor,64,1.0000000000000013
shor,64,1.0000000000000004
shor,64,1.0000000000000009
shor,64,1.0000000000000018
shor,64,1.0000000000000009
shor,64,1.0000000000000013
shor,64,1.0000000000000018
shor,64,1.0000000000000027
shor,64,1.0000000000000009
shor,64,1.0000000000000004
shor,64,1.0000000000000009
shor,64,1.0000000000000013
shor,64,1.0000000000000018
shor,64,1.0000000000000018
shor,64,1.0000000000000018
shor,64,1.0000000000000009
shor,64,1.0000000000000018
shor,64,1.0000000000000009
shor,64,1.0000000000000013
shor,64,1.0000000000000018
shor,64,1.0000000000000009
shor,64,1.0000000000000009
shor,64,1.0000000000000009
shor,64,1.0000000000000004
shor,64,1.0000000000000009
shor,64,1.0000000000000018
shor,64,1.0000000000000018
shor,64,1.0000000000000018
shor,64,1.0000000000000013
shor,64,1.0000000000000018
shor,64,1.0000000000000009
shor,64,1.0000000000000018
shor,64,1.0000000000000009
shor,64,1.0000000000000004
shor,64,1.0000000000000009
shor,64,1.0000000000000009
shor,64,1.0000000000000004
shor,64,1.0000000000000009
shor,64,1.0000000000000009
shor,64,1.0000000000000013
shor,64,1.0000000000000013
shor,64,1.0000000000000013
shor,64,1.0000000000000004
shor,64,1.0000000000000018
shor,64,1.0000000000000018
shor,64,1.0000000000000013
shor,64,1.0000000000000013
shor,64,1.0000000000000013
shor,64,1.0000000000000009
shor,64,1.0000000000000004
shor,64,1.0000000000000013
shor,64,1.0000000000000009
shor,64,1.0000000000000004
shor,64,1.0000000000000013
shor,64,1.0000000000000013
shor,64,1.0000000000000009
shor,64,1.0000000000000018
shor,64,1.0000000000000018
shor,64,1.0000000000000013
shor,64,1.0000000000000009
shor,64,1.0000000000000018
shor,64,1.0000000000000009
shor,64,1.0000000000000018
shor,64,1.0000000000000009
shor,64,1.0000000000000018
shor,64,1.0000000000000018
shor,64,1.0000000000000018
shor,64,1.0000000000000004
shor,64,1.0000000000000018
shor,64,1.0000000000000004
shor,64,1.0000000000000009
shor,64,1.0000000000000009
shor,64,1.0000000000000009
shor,64,1.0000000000000004
shor,64,1.0000000000000004
shor,64,1.0000000000000013
shor,64,1.0000000000000009
shor,64,1.0000000000000004
shor,64,1.0000000000000009
shor,64,1.0000000000000018
shor,64,1.0000000000000009
shor,64,1.0000000000000013
shor,64,1.0000000000000009
shor,64,1.0000000000000009
shor,64,1.0000000000000009
shor,64,1.0000000000000009
shor,64,1.0000000000000018
shor,64,1.0000000000000009
shor,64,1.0000000000000018
shor,64,1.0000000000000018
shor,64,1.0000000000000004
shor,64,1.0000000000000018
shor,64,1.0000000000000018
shor,64,1.0000000000000018
shor,64,1.0000000000000013
shor,64,1.0000000000000018
shor,64,1.0000000000000004
shor,64,1.0000000000000018
shor,64,1.0000000000000013
shor,64,1.0000000000000013
shor,64,1.0000000000000009
shor,64,1.0000000000000013
shor,64,1.0000000000000018
shor,64,1.0000000000000009
shor,64,1.0000000000000004
shor,64,1.0000000000000018
shor,64,1.0000000000000009
shor,64,1.0000000000000009
shor,64,1.0000000000000013
shor,64,1.0000000000000018
shor,64,1.0000000000000009
shor,64,1.0000000000000018
shor,64,1.0000000000000009
shor,64,1.0000000000000018
shor,64,1.0000000000000013
shor,64,1.0000000000000009
shor,64,1.0000000000000018
shor,64,1.0000000000000013
shor,64,1.0000000000000009
shor,64,1.0000000000000018
shor,64,1.0000000000000013
shor,64,1.0000000000000018
shor,64,1.0000000000000013
shor,64,1.0000000000000004
shor,64,1.0000000000000013
shor,64,1.0000000000000013
shor,64,1.0000000000000009
shor,64,1.0000000000000009
shor,64,1.0000000000000018
shor,64,1.0000000000000009
shor,64,1.0000000000000009
shor,64,1.0000000000000004
shor,64,1.0000000000000027
shor,64,1.0000000000000009
shor,64,1.0000000000000013
shor,64,1.0000000000000027
shor,64,1.0000000000000004
shor,64,1.0000000000000018
shor,64,1.0000000000000018
shor,64,1.0000000000000009
shor,64,1.0000000000000004
shor,64,1.0000000000000018
shor,64,1.0000000000000013
shor,64,1.0000000000000018
shor,64,1.0000000000000018
shor,64,1.0000000000000013
shor,64,1.0000000000000018
shor,64,1.0000000000000004
shor,64,1.0000000000000018
shor,64,1.0000000000000009
shor,64,1.0000000000000013
shor,64,1.0000000000000013
shor,64,1.0000000000000018
shor,64,1.0000000000000009
shor,64,1.0000000000000013
shor,64,1.0000000000000009
shor,64,1.0000000000000009
shor,64,1.0000000000000018
shor,64,1.0000000000000018
shor,64,1.0000000000000009
shor,64,1.0000000000000013
shor,64,1.0000000000000009
shor,64,1.0000000000000018
shor,64,1.0000000000000009
shor,64,1.0000000000000018
shor,64,1.0000000000000004
shor,64,1.0000000000000018
shor,64,1.0000000000000018
shor,64,1.0000000000000018
shor,64,1.0000000000000018
shor,64,1.0000000000000009
shor,64,1.0000000000000009
shor,64,1.0000000000000004
shor,64,1.0000000000000009
shor,64,1.0000000000000027
shor,64,1.0000000000000018
shor,64,1.0000000000000009
shor,64,1.0000000000000018
shor,64,1.0000000000000018
shor,64,1.0000000000000009
shor,64,1.0000000000000018
shor,64,1.0000000000000013
shor,64,1.0000000000000018
qec,64,0.9999999999999996
qec,64,1.0
qec,64,1.0
qec,64,1.0
qec,64,0.9999999999999987
qec,64,0.9999999999999987
qec,64,0.9999999999999991
qec,64,0.9999999999999993
qec,64,0.9999999999999993
qec,64,1.0
qec,64,1.0
qec,64,1.0
qec,64,1.0
qec,64,1.0
qec,64,1.0
qec,64,1.0
qec,64,1.0
qec,64,0.9999999999999993
qec,64,0.9999999999999991
qec,64,0.9999999999999993
qec,64,0.9999999999999991
qec,64,0.9999999999999993
qec,64,0.9999999999999991
qec,64,0.9999999999999993
qec,64,0.9999999999999996
qec,64,1.0
qec,64,0.9999999999999987
qec,64,1.0
qec,64,0.9999999999999991
qec,64,0.9999999999999987
qec,64,0.9999999999999987
qec,64,0.9999999999999993
qec,64,0.9999999999999996
qec,64,0.9999999999999987
qec,64,1.0
qec,64,0.9999999999999987
qec,64,0.9999999999999991
qec,64,1.0
qec,64,0.9999999999999987
qec,64,1.0
qec,64,0.9999999999999993
qec,64,0.9999999999999991
qec,64,0.9999999999999987
qec,64,1.0
qec,64,1.0
qec,64,0.9999999999999993
qec,64,0.9999999999999987
qec,64,0.9999999999999993
qec,64,0.9999999999999996
qec,64,1.0
qec,64,1.0
qec,64,1.0
qec,64,0.9999999999999991
qec,64,1.0
qec,64,0.9999999999999991
qec,64,1.0
qec,64,1.0
qec,64,0.9999999999999987
qec,64,1.0
qec,64,0.9999999999999993
qec,64,1.0
qec,64,0.9999999999999996
qec,64,0.9999999999999991
qec,64,0.9999999999999987
qec,64,0.9999999999999991
qec,64,1.0
qec,64,1.0
qec,64,0.9999999999999996
qec,64,0.9999999999999996
qec,64,0.9999999999999991
qec,64,0.9999999999999996
qec,64,0.9999999999999993
qec,64,1.0
qec,64,1.0
qec,64,1.0
qec,64,1.0
qec,64,1.0
qec,64,0.9999999999999987
qec,64,0.9999999999999996
qec,64,1.0
qec,64,1.0
qec,64,1.0
qec,64,0.9999999999999993
qec,64,0.9999999999999993
qec,64,0.9999999999999991
qec,64,1.0
qec,64,0.9999999999999987
qec,64,1.0
qec,64,0.9999999999999987
qec,64,0.9999999999999993
qec,64,0.9999999999999993
qec,64,1.0
qec,64,1.0
qec,64,0.9999999999999987
qec,64,0.9999999999999991
qec,64,0.9999999999999987
qec,64,0.9999999999999987
qec,64,0.9999999999999996
qec,64,1.0
qec,64,0.9999999999999987
qec,64,0.9999999999999987
qec,64,0.9999999999999991
qec,64,0.9999999999999996
qec,64,1.0
qec,64,0.9999999999999991
qec,64,0.9999999999999987
qec,64,0.9999999999999991
qec,64,0.9999999999999991
qec,64,1.0
qec,64,0.9999999999999987
qec,64,1.0
qec,64,1.0
qec,64,1.0
qec,64,1.0
qec,64,0.9999999999999991
qec,64,0.9999999999999996
qec,64,0.9999999999999991
qec,64,1.0
qec,64,1.0
qec,64,1.0
qec,64,1.0
qec,64,1.0
qec,64,0.9999999999999987
qec,64,0.9999999999999996
qec,64,1.0
qec,64,1.0
qec,64,1.0
qec,64,1.0
qec,64,1.0
qec,64,1.0
qec,64,0.9999999999999987
qec,64,0.9999999999999996
qec,64,1.0
qec,64,1.0
qec,64,0.9999999999999993
qec,64,0.9999999999999993
qec,64,1.0
qec,64,1.0
qec,64,0.9999999999999996
qec,64,1.0
qec,64,1.0
qec,64,1.0
qec,64,1.0
qec,64,0.9999999999999987
qec,64,0.9999999999999987
qec,64,1.0
qec,64,0.9999999999999987
qec,64,0.9999999999999991
qec,64,0.9999999999999996
qec,64,1.0
qec,64,0.9999999999999993
qec,64,1.0
qec,64,0.9999999999999991
qec,64,0.9999999999999996
qec,64,1.0
qec,64,0.9999999999999993
qec,64,0.9999999999999993
qec,64,0.9999999999999993
qec,64,1.0
qec,64,0.9999999999999987
qec,64,1.0
qec,64,0.9999999999999993
qec,64,0.9999999999999991
qec,64,1.0
qec,64,0.9999999999999987
qec,64,1.0
qec,64,1.0
qec,64,0.9999999999999991
qec,64,0.9999999999999987
qec,64,0.9999999999999991
qec,64,1.0
qec,64,1.0
qec,64,1.0
qec,64,1.0
qec,64,0.9999999999999991
qec,64,0.9999999999999993
qec,64,0.9999999999999996
qec,64,0.9999999999999993
qec,64,0.9999999999999996
qec,64,0.9999999999999993
qec,64,0.9999999999999991
qec,64,1.0
qec,64,0.9999999999999993
qec,64,0.9999999999999987
qec,64,0.9999999999999991
qec,64,0.9999999999999993
qec,64,1.0
qec,64,0.9999999999999996
qec,64,1.0
qec,64,0.9999999999999987
qec,64,1.0
qec,64,0.9999999999999987
qec,64,0.9999999999999987
qec,64,0.9999999999999993
qec,64,1.0
qec,64,1.0
qec,64,0.9999999999999996
qec,64,0.9999999999999991
qec,64,1.0
qec,64,0.9999999999999996
